account_id,account_type,account_age_days,kyc_match_score,device_id,avg_monthly_income,risk_label,city,syndicate_id
M00001,SAVINGS,10,0.47,DEV_MULE_001,17096,1,Gurugram,SYN_001
M00002,SAVINGS,36,0.45,DEV_MULE_002,20422,1,Noida,SYN_002
M00003,SAVINGS,62,0.52,DEV_MULE_003,11817,1,Jamtara,SYN_003
M00004,SAVINGS,23,0.6,DEV_MULE_004,9649,1,Mewat,SYN_004
M00005,CURRENT,62,0.5,DEV_MULE_005,14233,1,Gurugram,SYN_005
M00006,SAVINGS,19,0.46,DEV_MULE_006,8173,1,Noida,SYN_006
M00007,CURRENT,76,0.44,DEV_MULE_007,23308,1,Jamtara,SYN_007
M00008,SAVINGS,52,0.53,DEV_MULE_008,18109,1,Mewat,SYN_008
M00009,SAVINGS,12,0.43,DEV_MULE_009,18760,1,Gurugram,SYN_009
M00010,SAVINGS,23,0.61,DEV_MULE_010,9815,1,Noida,SYN_010
M00011,CURRENT,58,0.32,DEV_MULE_011,16792,1,Jamtara,SYN_011
M00012,SAVINGS,87,0.52,DEV_MULE_012,19293,1,Mewat,SYN_012
M00013,CURRENT,9,0.6,DEV_MULE_013,17891,1,Gurugram,SYN_013
M00014,SAVINGS,7,0.47,DEV_MULE_014,11561,1,Noida,SYN_014
M00015,SAVINGS,27,0.58,DEV_MULE_015,9301,1,Jamtara,SYN_015
M00016,SAVINGS,83,0.53,DEV_MULE_016,21810,1,Mewat,SYN_016
M00017,CURRENT,17,0.68,DEV_MULE_017,23776,1,Gurugram,SYN_017
M00018,SAVINGS,70,0.58,DEV_MULE_018,15706,1,Noida,SYN_018
M00019,SAVINGS,39,0.47,DEV_MULE_019,22501,1,Jamtara,SYN_019
M00020,SAVINGS,67,0.4,DEV_MULE_020,14483,1,Mewat,SYN_020
M00021,SAVINGS,20,0.35,DEV_MULE_021,9880,1,Gurugram,SYN_021
M00022,SAVINGS,1,0.57,DEV_MULE_022,11800,1,Noida,SYN_022
M00023,SAVINGS,25,0.65,DEV_MULE_023,11577,1,Jamtara,SYN_023
M00024,CURRENT,44,0.69,DEV_MULE_024,16896,1,Mewat,SYN_024
M00025,SAVINGS,80,0.51,DEV_MULE_025,23887,1,Gurugram,SYN_025
M00026,SAVINGS,19,0.69,DEV_MULE_026,16369,1,Noida,SYN_026
M00027,SAVINGS,14,0.42,DEV_MULE_027,23933,1,Jamtara,SYN_027
M00028,SAVINGS,3,0.66,DEV_MULE_028,8727,1,Mewat,SYN_028
M00029,SAVINGS,16,0.66,DEV_MULE_029,15290,1,Gurugram,SYN_029
M00030,SAVINGS,8,0.37,DEV_MULE_030,18349,1,Noida,SYN_030
M00031,SAVINGS,60,0.53,DEV_MULE_031,9243,1,Jamtara,SYN_031
M00032,CURRENT,64,0.48,DEV_MULE_032,8517,1,Mewat,SYN_032
M00033,SAVINGS,84,0.54,DEV_MULE_033,12335,1,Gurugram,SYN_033
M00034,SAVINGS,35,0.63,DEV_MULE_034,23196,1,Noida,SYN_034
M00035,SAVINGS,47,0.67,DEV_MULE_035,9323,1,Jamtara,SYN_035
M00036,CURRENT,5,0.31,DEV_MULE_001,14023,1,Mewat,SYN_001
M00037,SAVINGS,49,0.45,DEV_MULE_002,19993,1,Gurugram,SYN_002
M00038,SAVINGS,59,0.64,DEV_MULE_003,21413,1,Noida,SYN_003
M00039,SAVINGS,1,0.31,DEV_MULE_004,9205,1,Jamtara,SYN_004
M00040,SAVINGS,69,0.7,DEV_MULE_005,23946,1,Mewat,SYN_005
M00041,SAVINGS,53,0.68,DEV_MULE_006,21594,1,Gurugram,SYN_006
M00042,SAVINGS,78,0.38,DEV_MULE_007,12023,1,Noida,SYN_007
M00043,SAVINGS,4,0.39,DEV_MULE_008,18747,1,Jamtara,SYN_008
M00044,SAVINGS,72,0.31,DEV_MULE_009,15970,1,Mewat,SYN_009
M00045,SAVINGS,3,0.51,DEV_MULE_010,21634,1,Gurugram,SYN_010
M00046,SAVINGS,5,0.34,DEV_MULE_011,20669,1,Noida,SYN_011
M00047,SAVINGS,47,0.47,DEV_MULE_012,20554,1,Jamtara,SYN_012
M00048,SAVINGS,75,0.39,DEV_MULE_013,10181,1,Mewat,SYN_013
M00049,SAVINGS,38,0.54,DEV_MULE_014,18186,1,Gurugram,SYN_014
M00050,SAVINGS,51,0.66,DEV_MULE_015,13572,1,Noida,SYN_015
M00051,SAVINGS,88,0.66,DEV_MULE_016,12767,1,Jamtara,SYN_016
M00052,SAVINGS,81,0.68,DEV_MULE_017,10353,1,Mewat,SYN_017
M00053,CURRENT,74,0.61,DEV_MULE_018,9059,1,Gurugram,SYN_018
M00054,SAVINGS,6,0.5,DEV_MULE_019,13260,1,Noida,SYN_019
M00055,SAVINGS,75,0.33,DEV_MULE_020,10062,1,Jamtara,SYN_020
M00056,SAVINGS,75,0.36,DEV_MULE_021,18253,1,Mewat,SYN_021
M00057,SAVINGS,56,0.46,DEV_MULE_022,21989,1,Gurugram,SYN_022
M00058,SAVINGS,32,0.37,DEV_MULE_023,11076,1,Noida,SYN_023
M00059,SAVINGS,5,0.44,DEV_MULE_024,13561,1,Jamtara,SYN_024
M00060,SAVINGS,70,0.35,DEV_MULE_025,15372,1,Mewat,SYN_025
M00061,SAVINGS,34,0.35,DEV_MULE_026,13281,1,Gurugram,SYN_026
M00062,SAVINGS,26,0.62,DEV_MULE_027,18046,1,Noida,SYN_027
M00063,SAVINGS,63,0.45,DEV_MULE_028,8041,1,Jamtara,SYN_028
M00064,CURRENT,8,0.6,DEV_MULE_029,10952,1,Mewat,SYN_029
M00065,SAVINGS,56,0.49,DEV_MULE_030,17892,1,Gurugram,SYN_030
M00066,SAVINGS,88,0.59,DEV_MULE_031,8997,1,Noida,SYN_031
M00067,SAVINGS,7,0.57,DEV_MULE_032,21511,1,Jamtara,SYN_032
M00068,SAVINGS,18,0.48,DEV_MULE_033,16521,1,Mewat,SYN_033
M00069,SAVINGS,89,0.59,DEV_MULE_034,10916,1,Gurugram,SYN_034
M00070,SAVINGS,17,0.38,DEV_MULE_035,13239,1,Noida,SYN_035
M00071,SAVINGS,17,0.44,DEV_MULE_001,15583,1,Jamtara,SYN_001
M00072,SAVINGS,18,0.33,DEV_MULE_002,16593,1,Mewat,SYN_002
M00073,SAVINGS,8,0.53,DEV_MULE_003,17031,1,Gurugram,SYN_003
M00074,SAVINGS,6,0.66,DEV_MULE_004,17720,1,Noida,SYN_004
M00075,SAVINGS,59,0.69,DEV_MULE_005,17692,1,Jamtara,SYN_005
M00076,SAVINGS,22,0.39,DEV_MULE_006,13845,1,Mewat,SYN_006
M00077,SAVINGS,75,0.34,DEV_MULE_007,20893,1,Gurugram,SYN_007
M00078,SAVINGS,9,0.33,DEV_MULE_008,16392,1,Noida,SYN_008
M00079,SAVINGS,36,0.7,DEV_MULE_009,22345,1,Jamtara,SYN_009
M00080,SAVINGS,75,0.65,DEV_MULE_010,21073,1,Mewat,SYN_010
M00081,SAVINGS,51,0.63,DEV_MULE_011,19495,1,Gurugram,SYN_011
M00082,SAVINGS,26,0.41,DEV_MULE_012,20311,1,Noida,SYN_012
M00083,SAVINGS,68,0.47,DEV_MULE_013,16121,1,Jamtara,SYN_013
M00084,SAVINGS,47,0.58,DEV_MULE_014,20284,1,Mewat,SYN_014
M00085,SAVINGS,11,0.67,DEV_MULE_015,13130,1,Gurugram,SYN_015
M00086,SAVINGS,6,0.43,DEV_MULE_016,10150,1,Noida,SYN_016
M00087,SAVINGS,44,0.38,DEV_MULE_017,18953,1,Jamtara,SYN_017
M00088,SAVINGS,63,0.57,DEV_MULE_018,20163,1,Mewat,SYN_018
M00089,SAVINGS,24,0.54,DEV_MULE_019,20708,1,Gurugram,SYN_019
M00090,SAVINGS,69,0.63,DEV_MULE_020,23440,1,Noida,SYN_020
M00091,SAVINGS,75,0.68,DEV_MULE_021,10899,1,Jamtara,SYN_021
M00092,SAVINGS,40,0.59,DEV_MULE_022,8769,1,Mewat,SYN_022
M00093,SAVINGS,11,0.62,DEV_MULE_023,11226,1,Gurugram,SYN_023
M00094,SAVINGS,85,0.37,DEV_MULE_024,11771,1,Noida,SYN_024
M00095,SAVINGS,62,0.44,DEV_MULE_025,22035,1,Jamtara,SYN_025
M00096,SAVINGS,40,0.48,DEV_MULE_026,19420,1,Mewat,SYN_026
M00097,CURRENT,38,0.52,DEV_MULE_027,15019,1,Gurugram,SYN_027
M00098,SAVINGS,17,0.66,DEV_MULE_028,14142,1,Noida,SYN_028
M00099,SAVINGS,51,0.52,DEV_MULE_029,14904,1,Jamtara,SYN_029
M00100,SAVINGS,51,0.43,DEV_MULE_030,10228,1,Mewat,SYN_030
M00101,SAVINGS,29,0.5,DEV_MULE_031,19863,1,Bengaluru,SYN_031
M00102,SAVINGS,29,0.36,DEV_MULE_032,12987,1,Hyderabad,SYN_032
M00103,SAVINGS,55,0.36,DEV_MULE_033,11272,1,Chennai,SYN_033
M00104,SAVINGS,5,0.65,DEV_MULE_034,13473,1,Kolar,SYN_034
M00105,SAVINGS,31,0.45,DEV_MULE_035,15312,1,Nellore,SYN_035
M00106,SAVINGS,15,0.62,DEV_MULE_001,10398,1,Bengaluru,SYN_001
M00107,SAVINGS,76,0.61,DEV_MULE_002,8195,1,Hyderabad,SYN_002
M00108,SAVINGS,36,0.52,DEV_MULE_003,12028,1,Chennai,SYN_003
M00109,SAVINGS,11,0.68,DEV_MULE_004,13480,1,Kolar,SYN_004
M00110,SAVINGS,23,0.48,DEV_MULE_005,23156,1,Nellore,SYN_005
M00111,SAVINGS,13,0.36,DEV_MULE_006,9612,1,Bengaluru,SYN_006
M00112,SAVINGS,60,0.54,DEV_MULE_007,9635,1,Hyderabad,SYN_007
M00113,CURRENT,5,0.67,DEV_MULE_008,19315,1,Chennai,SYN_008
M00114,SAVINGS,31,0.54,DEV_MULE_009,14786,1,Kolar,SYN_009
M00115,SAVINGS,40,0.64,DEV_MULE_010,22570,1,Nellore,SYN_010
M00116,SAVINGS,21,0.37,DEV_MULE_011,10981,1,Bengaluru,SYN_011
M00117,SAVINGS,1,0.65,DEV_MULE_012,16301,1,Hyderabad,SYN_012
M00118,SAVINGS,21,0.45,DEV_MULE_013,19907,1,Chennai,SYN_013
M00119,SAVINGS,57,0.3,DEV_MULE_014,13335,1,Kolar,SYN_014
M00120,SAVINGS,25,0.65,DEV_MULE_015,22767,1,Nellore,SYN_015
M00121,SAVINGS,34,0.67,DEV_MULE_016,17393,1,Bengaluru,SYN_016
M00122,SAVINGS,51,0.4,DEV_MULE_017,17242,1,Hyderabad,SYN_017
M00123,SAVINGS,88,0.42,DEV_MULE_018,20487,1,Chennai,SYN_018
M00124,SAVINGS,26,0.31,DEV_MULE_019,18616,1,Kolar,SYN_019
M00125,SAVINGS,84,0.48,DEV_MULE_020,16916,1,Nellore,SYN_020
M00126,CURRENT,63,0.7,DEV_MULE_021,16035,1,Bengaluru,SYN_021
M00127,SAVINGS,13,0.46,DEV_MULE_022,14828,1,Hyderabad,SYN_022
M00128,SAVINGS,62,0.38,DEV_MULE_023,11051,1,Chennai,SYN_023
M00129,SAVINGS,30,0.63,DEV_MULE_024,17399,1,Kolar,SYN_024
M00130,SAVINGS,47,0.51,DEV_MULE_025,16551,1,Nellore,SYN_025
M00131,SAVINGS,38,0.61,DEV_MULE_026,9647,1,Bengaluru,SYN_026
M00132,SAVINGS,55,0.68,DEV_MULE_027,13972,1,Hyderabad,SYN_027
M00133,SAVINGS,34,0.46,DEV_MULE_028,8406,1,Chennai,SYN_028
M00134,SAVINGS,50,0.65,DEV_MULE_029,14527,1,Kolar,SYN_029
M00135,SAVINGS,67,0.39,DEV_MULE_030,18750,1,Nellore,SYN_030
M00136,SAVINGS,54,0.44,DEV_MULE_031,17111,1,Bengaluru,SYN_031
M00137,CURRENT,8,0.34,DEV_MULE_032,11890,1,Hyderabad,SYN_032
M00138,SAVINGS,46,0.63,DEV_MULE_033,14354,1,Chennai,SYN_033
M00139,SAVINGS,85,0.46,DEV_MULE_034,13183,1,Kolar,SYN_034
M00140,SAVINGS,74,0.33,DEV_MULE_035,11326,1,Nellore,SYN_035
M00141,SAVINGS,19,0.53,DEV_MULE_001,14742,1,Bengaluru,SYN_001
M00142,CURRENT,47,0.55,DEV_MULE_002,13373,1,Hyderabad,SYN_002
M00143,SAVINGS,67,0.54,DEV_MULE_003,12289,1,Chennai,SYN_003
M00144,SAVINGS,38,0.61,DEV_MULE_004,13804,1,Kolar,SYN_004
M00145,CURRENT,86,0.61,DEV_MULE_005,9827,1,Nellore,SYN_005
M00146,SAVINGS,59,0.66,DEV_MULE_006,20797,1,Bengaluru,SYN_006
M00147,SAVINGS,81,0.41,DEV_MULE_007,16666,1,Hyderabad,SYN_007
M00148,SAVINGS,73,0.36,DEV_MULE_008,21358,1,Chennai,SYN_008
M00149,CURRENT,58,0.66,DEV_MULE_009,19059,1,Kolar,SYN_009
M00150,SAVINGS,70,0.67,DEV_MULE_010,9884,1,Nellore,SYN_010
M00151,SAVINGS,38,0.33,DEV_MULE_011,14483,1,Bengaluru,SYN_011
M00152,SAVINGS,76,0.38,DEV_MULE_012,8175,1,Hyderabad,SYN_012
M00153,SAVINGS,57,0.41,DEV_MULE_013,19714,1,Chennai,SYN_013
M00154,SAVINGS,53,0.37,DEV_MULE_014,22630,1,Kolar,SYN_014
M00155,SAVINGS,62,0.51,DEV_MULE_015,8751,1,Nellore,SYN_015
M00156,SAVINGS,65,0.33,DEV_MULE_016,17650,1,Bengaluru,SYN_016
M00157,SAVINGS,21,0.63,DEV_MULE_017,14995,1,Hyderabad,SYN_017
M00158,CURRENT,59,0.42,DEV_MULE_018,17062,1,Chennai,SYN_018
M00159,SAVINGS,24,0.67,DEV_MULE_019,19721,1,Kolar,SYN_019
M00160,SAVINGS,36,0.52,DEV_MULE_020,10592,1,Nellore,SYN_020
M00161,SAVINGS,81,0.5,DEV_MULE_021,17549,1,Bengaluru,SYN_021
M00162,SAVINGS,26,0.49,DEV_MULE_022,13510,1,Hyderabad,SYN_022
M00163,SAVINGS,1,0.5,DEV_MULE_023,19014,1,Chennai,SYN_023
M00164,SAVINGS,39,0.33,DEV_MULE_024,9244,1,Kolar,SYN_024
M00165,SAVINGS,51,0.41,DEV_MULE_025,17443,1,Nellore,SYN_025
M00166,SAVINGS,44,0.62,DEV_MULE_026,23393,1,Bengaluru,SYN_026
M00167,SAVINGS,57,0.48,DEV_MULE_027,10962,1,Hyderabad,SYN_027
M00168,SAVINGS,88,0.6,DEV_MULE_028,18223,1,Chennai,SYN_028
M00169,SAVINGS,80,0.64,DEV_MULE_029,11994,1,Kolar,SYN_029
M00170,SAVINGS,15,0.58,DEV_MULE_030,8825,1,Nellore,SYN_030
M00171,SAVINGS,32,0.58,DEV_MULE_031,22803,1,Bengaluru,SYN_031
M00172,SAVINGS,85,0.49,DEV_MULE_032,13005,1,Hyderabad,SYN_032
M00173,SAVINGS,7,0.42,DEV_MULE_033,22790,1,Chennai,SYN_033
M00174,CURRENT,87,0.62,DEV_MULE_034,19921,1,Kolar,SYN_034
M00175,SAVINGS,18,0.51,DEV_MULE_035,18312,1,Nellore,SYN_035
M00176,SAVINGS,24,0.39,DEV_MULE_001,9929,1,Bengaluru,SYN_001
M00177,SAVINGS,37,0.51,DEV_MULE_002,15056,1,Hyderabad,SYN_002
M00178,SAVINGS,39,0.43,DEV_MULE_003,16631,1,Chennai,SYN_003
M00179,SAVINGS,25,0.6,DEV_MULE_004,16322,1,Kolar,SYN_004
M00180,SAVINGS,66,0.31,DEV_MULE_005,21921,1,Nellore,SYN_005
M00181,SAVINGS,13,0.51,DEV_MULE_006,23025,1,Bengaluru,SYN_006
M00182,SAVINGS,39,0.3,DEV_MULE_007,8842,1,Hyderabad,SYN_007
M00183,SAVINGS,62,0.49,DEV_MULE_008,18040,1,Chennai,SYN_008
M00184,CURRENT,10,0.34,DEV_MULE_009,13381,1,Kolar,SYN_009
M00185,SAVINGS,65,0.4,DEV_MULE_010,9767,1,Nellore,SYN_010
M00186,SAVINGS,30,0.64,DEV_MULE_011,19448,1,Bengaluru,SYN_011
M00187,SAVINGS,48,0.31,DEV_MULE_012,23803,1,Hyderabad,SYN_012
M00188,SAVINGS,49,0.46,DEV_MULE_013,9991,1,Chennai,SYN_013
M00189,CURRENT,37,0.61,DEV_MULE_014,9430,1,Kolar,SYN_014
M00190,SAVINGS,56,0.65,DEV_MULE_015,17612,1,Nellore,SYN_015
M00191,CURRENT,25,0.6,DEV_MULE_016,9039,1,Bengaluru,SYN_016
M00192,SAVINGS,63,0.39,DEV_MULE_017,21290,1,Hyderabad,SYN_017
M00193,SAVINGS,57,0.39,DEV_MULE_018,10983,1,Chennai,SYN_018
M00194,SAVINGS,6,0.62,DEV_MULE_019,18076,1,Kolar,SYN_019
M00195,SAVINGS,9,0.67,DEV_MULE_020,23918,1,Nellore,SYN_020
M00196,SAVINGS,35,0.6,DEV_MULE_021,19136,1,Bengaluru,SYN_021
M00197,SAVINGS,32,0.49,DEV_MULE_022,17966,1,Hyderabad,SYN_022
M00198,SAVINGS,89,0.54,DEV_MULE_023,17281,1,Chennai,SYN_023
M00199,SAVINGS,56,0.41,DEV_MULE_024,10072,1,Kolar,SYN_024
M00200,CURRENT,25,0.64,DEV_MULE_025,8566,1,Nellore,SYN_025
L00001,SAVINGS,1783,0.86,DEV_LEGIT_0463,110563,0,Nellore,
L00002,SAVINGS,1564,0.92,DEV_LEGIT_0038,49993,0,Kolar,
L00003,SAVINGS,1160,0.86,DEV_LEGIT_0316,192473,0,Kolar,
L00004,CURRENT,682,0.94,DEV_LEGIT_0040,187565,0,Chennai,
L00005,SAVINGS,2452,0.93,DEV_LEGIT_0568,84400,0,Kolkata,
L00006,SAVINGS,2748,0.95,DEV_LEGIT_0262,192357,0,Mumbai,
L00007,SAVINGS,727,0.89,DEV_LEGIT_0571,207066,0,Mewat,
L00008,SAVINGS,2834,0.88,DEV_LEGIT_0356,198102,0,Nellore,
L00009,CURRENT,1419,0.97,DEV_LEGIT_0557,58840,0,Coimbatore,
L00010,SAVINGS,1939,0.87,DEV_LEGIT_0363,186323,0,Kolkata,
L00011,CURRENT,1912,0.85,DEV_LEGIT_0718,88102,0,Mewat,
L00012,SAVINGS,1621,0.94,DEV_LEGIT_0046,83063,0,Mumbai,
L00013,SAVINGS,2777,0.97,DEV_LEGIT_0700,54791,0,Bengaluru,
L00014,SAVINGS,1621,0.99,DEV_LEGIT_0414,98246,0,Jamtara,
L00015,SAVINGS,2449,0.87,DEV_LEGIT_0572,208387,0,Nellore,
L00016,CURRENT,1095,0.87,DEV_LEGIT_0864,177632,0,Nellore,
L00017,SAVINGS,386,0.94,DEV_LEGIT_0401,43462,0,Mumbai,
L00018,CURRENT,1051,1.0,DEV_LEGIT_0306,173685,0,Hyderabad,
L00019,SAVINGS,2872,0.85,DEV_LEGIT_0227,39092,0,Kolkata,
L00020,SAVINGS,2871,0.95,DEV_LEGIT_0646,117492,0,Kochi,
L00021,SAVINGS,880,0.91,DEV_LEGIT_0430,118506,0,Noida,
L00022,SAVINGS,2569,0.89,DEV_LEGIT_0039,190390,0,Gurugram,
L00023,SAVINGS,1927,0.98,DEV_LEGIT_0687,213198,0,Hyderabad,
L00024,SAVINGS,385,0.99,DEV_LEGIT_0440,193611,0,Kolar,
L00025,SAVINGS,2341,0.92,DEV_LEGIT_0084,92711,0,Kolar,
L00026,CURRENT,2345,0.88,DEV_LEGIT_0570,195602,0,Noida,
L00027,SAVINGS,1659,0.92,DEV_LEGIT_0792,135498,0,Noida,
L00028,SAVINGS,2045,0.86,DEV_LEGIT_0060,63426,0,Chennai,
L00029,CURRENT,2400,0.85,DEV_LEGIT_0027,182407,0,Mewat,
L00030,SAVINGS,742,0.94,DEV_LEGIT_0940,182359,0,Chennai,
L00031,SAVINGS,2867,0.87,DEV_LEGIT_0153,161829,0,Mumbai,
L00032,SAVINGS,1381,0.87,DEV_LEGIT_0740,155531,0,Jamtara,
L00033,SAVINGS,1732,0.91,DEV_LEGIT_0501,217105,0,Kolkata,
L00034,SAVINGS,638,0.95,DEV_LEGIT_0721,108175,0,Noida,
L00035,SAVINGS,1932,0.95,DEV_LEGIT_0495,175055,0,Mewat,
L00036,CURRENT,1143,0.92,DEV_LEGIT_0102,54412,0,Kolkata,
L00037,SAVINGS,2060,0.85,DEV_LEGIT_0401,124235,0,Mumbai,
L00038,SAVINGS,1078,0.97,DEV_LEGIT_0092,209128,0,Jamtara,
L00039,SAVINGS,2133,0.9,DEV_LEGIT_0865,41142,0,Hyderabad,
L00040,SAVINGS,2606,1.0,DEV_LEGIT_0116,72158,0,Chennai,
L00041,CURRENT,470,0.88,DEV_LEGIT_0122,54345,0,Coimbatore,
L00042,SAVINGS,2290,0.94,DEV_LEGIT_0317,149071,0,Mumbai,
L00043,SAVINGS,1080,0.98,DEV_LEGIT_0223,167106,0,Kolar,
L00044,CURRENT,475,0.97,DEV_LEGIT_0318,49821,0,Kochi,
L00045,SAVINGS,386,0.92,DEV_LEGIT_0084,154061,0,Nellore,
L00046,SAVINGS,378,0.86,DEV_LEGIT_0809,46165,0,Chennai,
L00047,SAVINGS,1925,0.98,DEV_LEGIT_0087,75554,0,Gurugram,
L00048,SAVINGS,1049,0.88,DEV_LEGIT_0567,181094,0,Nellore,
L00049,SAVINGS,2354,0.96,DEV_LEGIT_0695,77264,0,Chennai,
L00050,SAVINGS,1447,0.95,DEV_LEGIT_0352,71915,0,Mumbai,
L00051,SAVINGS,2347,0.88,DEV_LEGIT_0035,190483,0,Nellore,
L00052,CURRENT,523,0.91,DEV_LEGIT_0817,191555,0,Noida,
L00053,SAVINGS,1752,0.97,DEV_LEGIT_0805,128396,0,Jamtara,
L00054,CURRENT,972,0.94,DEV_LEGIT_0562,40437,0,Mumbai,
L00055,SAVINGS,2990,0.94,DEV_LEGIT_0866,181696,0,Noida,
L00056,SAVINGS,1759,0.89,DEV_LEGIT_0295,101442,0,Noida,
L00057,SAVINGS,2433,0.96,DEV_LEGIT_0643,59340,0,Coimbatore,
L00058,SAVINGS,842,0.88,DEV_LEGIT_0520,78945,0,Chennai,
L00059,SAVINGS,2705,0.98,DEV_LEGIT_0334,126071,0,Jamtara,
L00060,SAVINGS,745,0.92,DEV_LEGIT_0318,130241,0,Mumbai,
L00061,SAVINGS,1202,0.95,DEV_LEGIT_0084,92747,0,Mumbai,
L00062,SAVINGS,1617,0.85,DEV_LEGIT_0028,143856,0,Kolar,
L00063,SAVINGS,665,0.89,DEV_LEGIT_0460,78414,0,Mewat,
L00064,SAVINGS,634,0.9,DEV_LEGIT_0010,118023,0,Coimbatore,
L00065,CURRENT,1645,0.92,DEV_LEGIT_0844,143758,0,Kolkata,
L00066,SAVINGS,2368,0.91,DEV_LEGIT_0513,147024,0,Mewat,
L00067,SAVINGS,2577,0.97,DEV_LEGIT_0687,165496,0,Nellore,
L00068,SAVINGS,2107,0.93,DEV_LEGIT_0824,134882,0,Nellore,
L00069,SAVINGS,1333,0.93,DEV_LEGIT_0916,208272,0,Mumbai,
L00070,SAVINGS,1423,0.92,DEV_LEGIT_0797,207766,0,Chennai,
L00071,SAVINGS,1594,0.95,DEV_LEGIT_0837,108515,0,Hyderabad,
L00072,CURRENT,490,0.99,DEV_LEGIT_0242,153237,0,Mumbai,
L00073,SAVINGS,2907,0.93,DEV_LEGIT_0185,98390,0,Gurugram,
L00074,SAVINGS,2796,0.87,DEV_LEGIT_0294,61555,0,Noida,
L00075,SAVINGS,739,0.87,DEV_LEGIT_0946,69844,0,Nellore,
L00076,SAVINGS,1746,0.98,DEV_LEGIT_0776,67772,0,Bengaluru,
L00077,SAVINGS,1507,0.99,DEV_LEGIT_0802,161400,0,Mumbai,
L00078,SAVINGS,667,0.94,DEV_LEGIT_0114,40621,0,Gurugram,
L00079,CURRENT,2352,0.95,DEV_LEGIT_0840,74899,0,Gurugram,
L00080,SAVINGS,1457,0.94,DEV_LEGIT_0654,99486,0,Kolkata,
L00081,SAVINGS,1973,0.98,DEV_LEGIT_0704,218767,0,Kochi,
L00082,CURRENT,853,0.87,DEV_LEGIT_0781,155344,0,Jamtara,
L00083,SAVINGS,2002,0.92,DEV_LEGIT_0102,201754,0,Nellore,
L00084,CURRENT,1215,0.98,DEV_LEGIT_0397,104499,0,Mumbai,
L00085,SAVINGS,1075,0.93,DEV_LEGIT_0822,105377,0,Jamtara,
L00086,SAVINGS,669,0.93,DEV_LEGIT_0605,117217,0,Coimbatore,
L00087,SAVINGS,1326,0.92,DEV_LEGIT_0102,105260,0,Hyderabad,
L00088,CURRENT,1838,0.92,DEV_LEGIT_0794,39743,0,Chennai,
L00089,SAVINGS,1521,0.91,DEV_LEGIT_0154,142331,0,Coimbatore,
L00090,SAVINGS,407,0.96,DEV_LEGIT_0300,185402,0,Bengaluru,
L00091,SAVINGS,2839,0.85,DEV_LEGIT_0498,71218,0,Chennai,
L00092,SAVINGS,1512,0.99,DEV_LEGIT_0336,156118,0,Gurugram,
L00093,SAVINGS,1153,0.92,DEV_LEGIT_0051,70993,0,Noida,
L00094,SAVINGS,737,0.89,DEV_LEGIT_0334,91848,0,Noida,
L00095,SAVINGS,2036,0.9,DEV_LEGIT_0751,147911,0,Coimbatore,
L00096,SAVINGS,2502,0.87,DEV_LEGIT_0658,68512,0,Jamtara,
L00097,CURRENT,1427,0.93,DEV_LEGIT_0351,166173,0,Chennai,
L00098,CURRENT,809,0.89,DEV_LEGIT_0312,213141,0,Gurugram,
L00099,SAVINGS,2210,0.93,DEV_LEGIT_0452,43031,0,Kolkata,
L00100,SAVINGS,2553,0.94,DEV_LEGIT_0362,186549,0,Kolar,
L00101,SAVINGS,885,0.95,DEV_LEGIT_0726,67333,0,Chennai,
L00102,CURRENT,2996,0.97,DEV_LEGIT_0633,137977,0,Jamtara,
L00103,CURRENT,414,0.96,DEV_LEGIT_0859,192467,0,Bengaluru,
L00104,SAVINGS,510,0.96,DEV_LEGIT_0167,62695,0,Jamtara,
L00105,SAVINGS,1949,0.96,DEV_LEGIT_0439,194617,0,Gurugram,
L00106,SAVINGS,1026,0.85,DEV_LEGIT_0631,153764,0,Mumbai,
L00107,SAVINGS,1014,0.89,DEV_LEGIT_0455,151922,0,Kolkata,
L00108,SAVINGS,1134,0.89,DEV_LEGIT_0441,145453,0,Kochi,
L00109,SAVINGS,2871,1.0,DEV_LEGIT_0658,58752,0,Gurugram,
L00110,SAVINGS,1490,0.94,DEV_LEGIT_0531,85719,0,Kolkata,
L00111,SAVINGS,717,0.94,DEV_LEGIT_0036,109219,0,Mewat,
L00112,SAVINGS,2837,0.94,DEV_LEGIT_0353,116845,0,Nellore,
L00113,SAVINGS,2929,0.86,DEV_LEGIT_0828,153431,0,Mewat,
L00114,CURRENT,1950,0.95,DEV_LEGIT_0776,77703,0,Nellore,
L00115,SAVINGS,1518,1.0,DEV_LEGIT_0058,157440,0,Noida,
L00116,CURRENT,1859,0.92,DEV_LEGIT_0209,46126,0,Kolkata,
L00117,SAVINGS,2865,0.88,DEV_LEGIT_0812,162650,0,Kochi,
L00118,SAVINGS,2858,0.91,DEV_LEGIT_0311,187034,0,Chennai,
L00119,SAVINGS,2296,1.0,DEV_LEGIT_0012,122854,0,Bengaluru,
L00120,SAVINGS,712,1.0,DEV_LEGIT_0542,38704,0,Kolar,
L00121,CURRENT,2733,0.98,DEV_LEGIT_0872,131377,0,Coimbatore,
L00122,SAVINGS,2131,0.98,DEV_LEGIT_0406,147569,0,Jamtara,
L00123,CURRENT,2921,0.86,DEV_LEGIT_0460,91078,0,Mewat,
L00124,SAVINGS,2773,0.86,DEV_LEGIT_0114,208337,0,Jamtara,
L00125,SAVINGS,1568,0.89,DEV_LEGIT_0449,209341,0,Kochi,
L00126,SAVINGS,1807,0.97,DEV_LEGIT_0466,141298,0,Kochi,
L00127,CURRENT,854,0.93,DEV_LEGIT_0316,108478,0,Jamtara,
L00128,CURRENT,2191,0.95,DEV_LEGIT_0678,133509,0,Bengaluru,
L00129,CURRENT,1312,0.97,DEV_LEGIT_0462,94667,0,Gurugram,
L00130,SAVINGS,494,0.88,DEV_LEGIT_0675,212104,0,Jamtara,
L00131,CURRENT,2350,0.87,DEV_LEGIT_0768,194472,0,Coimbatore,
L00132,SAVINGS,1498,0.98,DEV_LEGIT_0164,188426,0,Kolkata,
L00133,SAVINGS,2325,0.97,DEV_LEGIT_0436,158266,0,Kochi,
L00134,SAVINGS,1328,0.87,DEV_LEGIT_0482,213176,0,Bengaluru,
L00135,CURRENT,456,0.9,DEV_LEGIT_0012,128636,0,Kochi,
L00136,SAVINGS,2859,0.95,DEV_LEGIT_0658,74967,0,Nellore,
L00137,SAVINGS,2879,0.91,DEV_LEGIT_0254,139421,0,Coimbatore,
L00138,SAVINGS,1006,0.92,DEV_LEGIT_0930,174536,0,Kochi,
L00139,SAVINGS,821,0.91,DEV_LEGIT_0927,66572,0,Mewat,
L00140,SAVINGS,554,0.89,DEV_LEGIT_0149,67886,0,Mumbai,
L00141,SAVINGS,2160,1.0,DEV_LEGIT_0400,185584,0,Jamtara,
L00142,SAVINGS,1184,0.95,DEV_LEGIT_0359,191882,0,Kochi,
L00143,SAVINGS,1962,0.95,DEV_LEGIT_0690,100533,0,Coimbatore,
L00144,SAVINGS,1914,0.88,DEV_LEGIT_0155,106609,0,Noida,
L00145,SAVINGS,750,0.87,DEV_LEGIT_0645,112437,0,Bengaluru,
L00146,SAVINGS,2276,0.93,DEV_LEGIT_0742,74812,0,Gurugram,
L00147,CURRENT,2905,1.0,DEV_LEGIT_0213,183284,0,Hyderabad,
L00148,SAVINGS,829,0.87,DEV_LEGIT_0173,136372,0,Mewat,
L00149,SAVINGS,2156,0.86,DEV_LEGIT_0703,125324,0,Mewat,
L00150,CURRENT,988,0.96,DEV_LEGIT_0708,123063,0,Hyderabad,
L00151,SAVINGS,2313,0.92,DEV_LEGIT_0745,180228,0,Kolkata,
L00152,SAVINGS,2604,0.97,DEV_LEGIT_0397,93350,0,Mumbai,
L00153,CURRENT,2441,0.89,DEV_LEGIT_0129,207108,0,Kochi,
L00154,SAVINGS,1079,0.92,DEV_LEGIT_0232,106474,0,Mewat,
L00155,SAVINGS,443,0.98,DEV_LEGIT_0726,118364,0,Mewat,
L00156,SAVINGS,1804,1.0,DEV_LEGIT_0173,117005,0,Gurugram,
L00157,SAVINGS,451,0.96,DEV_LEGIT_0008,48335,0,Nellore,
L00158,SAVINGS,2033,0.93,DEV_LEGIT_0408,106705,0,Mewat,
L00159,SAVINGS,2039,1.0,DEV_LEGIT_0927,209328,0,Bengaluru,
L00160,SAVINGS,2854,0.86,DEV_LEGIT_0499,157156,0,Kolkata,
L00161,SAVINGS,2550,0.85,DEV_LEGIT_0352,50201,0,Mumbai,
L00162,CURRENT,724,0.94,DEV_LEGIT_0220,105658,0,Noida,
L00163,SAVINGS,2192,0.94,DEV_LEGIT_0946,178307,0,Kochi,
L00164,CURRENT,483,0.86,DEV_LEGIT_0169,214170,0,Mumbai,
L00165,SAVINGS,2247,1.0,DEV_LEGIT_0149,146348,0,Kolkata,
L00166,CURRENT,1676,0.94,DEV_LEGIT_0693,63978,0,Nellore,
L00167,SAVINGS,1300,0.94,DEV_LEGIT_0522,52577,0,Chennai,
L00168,SAVINGS,2536,0.91,DEV_LEGIT_0488,65281,0,Bengaluru,
L00169,CURRENT,1050,0.85,DEV_LEGIT_0414,218596,0,Nellore,
L00170,CURRENT,403,0.98,DEV_LEGIT_0122,205001,0,Chennai,
L00171,SAVINGS,2292,0.96,DEV_LEGIT_0530,138195,0,Kolkata,
L00172,SAVINGS,2615,0.9,DEV_LEGIT_0663,174339,0,Gurugram,
L00173,CURRENT,1134,0.87,DEV_LEGIT_0345,169306,0,Noida,
L00174,CURRENT,1851,0.93,DEV_LEGIT_0283,190530,0,Mumbai,
L00175,SAVINGS,2833,0.94,DEV_LEGIT_0461,129046,0,Jamtara,
L00176,SAVINGS,387,0.95,DEV_LEGIT_0703,196564,0,Kolar,
L00177,CURRENT,1499,0.87,DEV_LEGIT_0367,138237,0,Mumbai,
L00178,SAVINGS,1649,0.98,DEV_LEGIT_0584,86411,0,Gurugram,
L00179,SAVINGS,1238,0.95,DEV_LEGIT_0483,92521,0,Noida,
L00180,SAVINGS,2643,0.94,DEV_LEGIT_0405,162258,0,Kolar,
L00181,CURRENT,2912,0.93,DEV_LEGIT_0112,191888,0,Bengaluru,
L00182,SAVINGS,2621,0.85,DEV_LEGIT_0314,173665,0,Kolkata,
L00183,SAVINGS,2999,0.96,DEV_LEGIT_0437,190764,0,Coimbatore,
L00184,CURRENT,1489,0.87,DEV_LEGIT_0070,106294,0,Kochi,
L00185,SAVINGS,2948,0.88,DEV_LEGIT_0132,60497,0,Kolkata,
L00186,SAVINGS,2388,0.88,DEV_LEGIT_0742,40378,0,Bengaluru,
L00187,SAVINGS,1445,0.91,DEV_LEGIT_0942,109430,0,Kolar,
L00188,SAVINGS,890,0.96,DEV_LEGIT_0583,54265,0,Chennai,
L00189,SAVINGS,2948,0.95,DEV_LEGIT_0698,183922,0,Noida,
L00190,SAVINGS,2266,0.87,DEV_LEGIT_0159,163651,0,Bengaluru,
L00191,CURRENT,1362,0.88,DEV_LEGIT_0076,187649,0,Kolar,
L00192,SAVINGS,1104,0.87,DEV_LEGIT_0019,171068,0,Mewat,
L00193,SAVINGS,2016,0.86,DEV_LEGIT_0481,183252,0,Mumbai,
L00194,CURRENT,1384,0.89,DEV_LEGIT_0303,67093,0,Gurugram,
L00195,SAVINGS,2140,0.88,DEV_LEGIT_0198,161893,0,Coimbatore,
L00196,CURRENT,439,0.96,DEV_LEGIT_0559,210807,0,Bengaluru,
L00197,SAVINGS,1961,1.0,DEV_LEGIT_0837,65579,0,Gurugram,
L00198,SAVINGS,2666,0.94,DEV_LEGIT_0619,164069,0,Chennai,
L00199,CURRENT,1814,0.98,DEV_LEGIT_0877,76725,0,Kochi,
L00200,CURRENT,2321,0.92,DEV_LEGIT_0581,115508,0,Chennai,
L00201,SAVINGS,1990,0.86,DEV_LEGIT_0704,169668,0,Nellore,
L00202,SAVINGS,2226,0.86,DEV_LEGIT_0931,76666,0,Coimbatore,
L00203,SAVINGS,1984,0.95,DEV_LEGIT_0364,211973,0,Coimbatore,
L00204,SAVINGS,982,0.89,DEV_LEGIT_0926,83415,0,Coimbatore,
L00205,SAVINGS,634,0.89,DEV_LEGIT_0163,85310,0,Nellore,
L00206,SAVINGS,569,0.89,DEV_LEGIT_0182,63930,0,Mewat,
L00207,SAVINGS,2662,0.93,DEV_LEGIT_0228,98995,0,Kolkata,
L00208,SAVINGS,1787,0.85,DEV_LEGIT_0690,157801,0,Bengaluru,
L00209,SAVINGS,1308,0.99,DEV_LEGIT_0148,44667,0,Noida,
L00210,CURRENT,2554,0.96,DEV_LEGIT_0492,216539,0,Nellore,
L00211,SAVINGS,2118,0.88,DEV_LEGIT_0082,97578,0,Kolkata,
L00212,CURRENT,748,1.0,DEV_LEGIT_0371,68857,0,Kolar,
L00213,SAVINGS,1259,0.89,DEV_LEGIT_0161,192363,0,Kolkata,
L00214,SAVINGS,937,0.98,DEV_LEGIT_0289,168720,0,Nellore,
L00215,CURRENT,541,0.93,DEV_LEGIT_0681,50119,0,Noida,
L00216,CURRENT,1217,0.87,DEV_LEGIT_0198,157874,0,Coimbatore,
L00217,SAVINGS,462,0.98,DEV_LEGIT_0057,120130,0,Mumbai,
L00218,SAVINGS,708,0.97,DEV_LEGIT_0679,55708,0,Chennai,
L00219,SAVINGS,2092,0.97,DEV_LEGIT_0571,126992,0,Mumbai,
L00220,SAVINGS,896,0.93,DEV_LEGIT_0032,175308,0,Nellore,
L00221,SAVINGS,2788,0.87,DEV_LEGIT_0884,157031,0,Bengaluru,
L00222,CURRENT,2470,0.96,DEV_LEGIT_0628,138226,0,Kolkata,
L00223,SAVINGS,1642,0.9,DEV_LEGIT_0066,87249,0,Bengaluru,
L00224,SAVINGS,1138,0.91,DEV_LEGIT_0554,118563,0,Coimbatore,
L00225,SAVINGS,671,0.88,DEV_LEGIT_0379,69543,0,Mumbai,
L00226,SAVINGS,840,0.96,DEV_LEGIT_0008,86141,0,Chennai,
L00227,CURRENT,923,0.88,DEV_LEGIT_0072,200937,0,Jamtara,
L00228,SAVINGS,832,0.93,DEV_LEGIT_0210,65716,0,Mewat,
L00229,CURRENT,623,0.98,DEV_LEGIT_0848,66238,0,Bengaluru,
L00230,SAVINGS,1379,0.88,DEV_LEGIT_0486,200388,0,Nellore,
L00231,CURRENT,977,0.92,DEV_LEGIT_0892,148830,0,Bengaluru,
L00232,CURRENT,1912,0.96,DEV_LEGIT_0758,94138,0,Nellore,
L00233,SAVINGS,2275,0.87,DEV_LEGIT_0129,169159,0,Coimbatore,
L00234,SAVINGS,1490,1.0,DEV_LEGIT_0162,156384,0,Jamtara,
L00235,SAVINGS,1925,0.86,DEV_LEGIT_0640,40432,0,Kolar,
L00236,CURRENT,591,0.88,DEV_LEGIT_0916,193762,0,Kolar,
L00237,CURRENT,1010,0.96,DEV_LEGIT_0372,93154,0,Mumbai,
L00238,CURRENT,1752,0.92,DEV_LEGIT_0395,101192,0,Bengaluru,
L00239,CURRENT,952,0.9,DEV_LEGIT_0226,67145,0,Chennai,
L00240,SAVINGS,1606,0.87,DEV_LEGIT_0277,79376,0,Gurugram,
L00241,CURRENT,2719,0.92,DEV_LEGIT_0692,173532,0,Mumbai,
L00242,SAVINGS,2685,0.98,DEV_LEGIT_0279,122188,0,Mumbai,
L00243,SAVINGS,653,0.87,DEV_LEGIT_0783,160092,0,Mewat,
L00244,SAVINGS,2660,0.86,DEV_LEGIT_0066,67353,0,Bengaluru,
L00245,SAVINGS,2413,0.98,DEV_LEGIT_0201,86666,0,Kochi,
L00246,SAVINGS,806,0.93,DEV_LEGIT_0191,91482,0,Kolar,
L00247,SAVINGS,1701,0.9,DEV_LEGIT_0191,155835,0,Kolar,
L00248,CURRENT,915,0.97,DEV_LEGIT_0654,45932,0,Nellore,
L00249,SAVINGS,1010,0.95,DEV_LEGIT_0207,138681,0,Kolkata,
L00250,SAVINGS,2970,0.92,DEV_LEGIT_0603,194944,0,Hyderabad,
L00251,SAVINGS,2047,1.0,DEV_LEGIT_0840,55483,0,Hyderabad,
L00252,SAVINGS,788,0.96,DEV_LEGIT_0596,204844,0,Hyderabad,
L00253,SAVINGS,447,1.0,DEV_LEGIT_0727,187817,0,Nellore,
L00254,CURRENT,1344,1.0,DEV_LEGIT_0275,149948,0,Mewat,
L00255,SAVINGS,1763,0.93,DEV_LEGIT_0073,152491,0,Chennai,
L00256,SAVINGS,1825,0.93,DEV_LEGIT_0398,52858,0,Hyderabad,
L00257,SAVINGS,2501,0.97,DEV_LEGIT_0286,48734,0,Kochi,
L00258,SAVINGS,2096,0.86,DEV_LEGIT_0334,197289,0,Kochi,
L00259,SAVINGS,1986,0.98,DEV_LEGIT_0514,69286,0,Coimbatore,
L00260,SAVINGS,1450,0.97,DEV_LEGIT_0695,41413,0,Jamtara,
L00261,SAVINGS,858,0.98,DEV_LEGIT_0035,131467,0,Nellore,
L00262,SAVINGS,2351,0.92,DEV_LEGIT_0325,171449,0,Noida,
L00263,CURRENT,1712,0.98,DEV_LEGIT_0201,46967,0,Mumbai,
L00264,SAVINGS,707,0.91,DEV_LEGIT_0480,93635,0,Chennai,
L00265,SAVINGS,891,0.94,DEV_LEGIT_0588,200116,0,Nellore,
L00266,SAVINGS,2945,0.94,DEV_LEGIT_0605,144463,0,Nellore,
L00267,SAVINGS,2211,0.93,DEV_LEGIT_0669,54281,0,Kolar,
L00268,CURRENT,943,0.95,DEV_LEGIT_0406,210848,0,Kolkata,
L00269,SAVINGS,1749,0.93,DEV_LEGIT_0162,152309,0,Noida,
L00270,CURRENT,2301,0.86,DEV_LEGIT_0262,146753,0,Kochi,
L00271,SAVINGS,726,1.0,DEV_LEGIT_0283,96299,0,Mewat,
L00272,SAVINGS,506,0.94,DEV_LEGIT_0753,86926,0,Nellore,
L00273,SAVINGS,1065,0.85,DEV_LEGIT_0824,36417,0,Mumbai,
L00274,CURRENT,768,0.87,DEV_LEGIT_0190,97689,0,Mewat,
L00275,SAVINGS,1068,0.93,DEV_LEGIT_0341,89295,0,Kochi,
L00276,SAVINGS,1732,0.86,DEV_LEGIT_0382,149157,0,Mewat,
L00277,SAVINGS,547,0.98,DEV_LEGIT_0856,126306,0,Jamtara,
L00278,SAVINGS,1271,0.87,DEV_LEGIT_0779,85825,0,Gurugram,
L00279,SAVINGS,383,0.91,DEV_LEGIT_0001,202908,0,Gurugram,
L00280,SAVINGS,2317,0.97,DEV_LEGIT_0109,211686,0,Mewat,
L00281,SAVINGS,1223,0.85,DEV_LEGIT_0250,167750,0,Hyderabad,
L00282,SAVINGS,2075,0.98,DEV_LEGIT_0431,82488,0,Kolar,
L00283,SAVINGS,784,0.91,DEV_LEGIT_0324,57389,0,Kochi,
L00284,SAVINGS,1501,0.86,DEV_LEGIT_0412,49833,0,Noida,
L00285,SAVINGS,2158,0.95,DEV_LEGIT_0655,160553,0,Hyderabad,
L00286,CURRENT,2361,0.85,DEV_LEGIT_0450,152677,0,Bengaluru,
L00287,SAVINGS,1928,0.88,DEV_LEGIT_0118,153007,0,Nellore,
L00288,CURRENT,2066,0.97,DEV_LEGIT_0629,218383,0,Kolar,
L00289,SAVINGS,632,0.89,DEV_LEGIT_0258,124910,0,Mewat,
L00290,SAVINGS,1745,0.87,DEV_LEGIT_0813,138348,0,Coimbatore,
L00291,SAVINGS,1796,0.95,DEV_LEGIT_0223,191436,0,Coimbatore,
L00292,CURRENT,2832,0.95,DEV_LEGIT_0438,85945,0,Bengaluru,
L00293,CURRENT,1418,0.92,DEV_LEGIT_0949,182700,0,Hyderabad,
L00294,SAVINGS,1429,0.91,DEV_LEGIT_0451,93990,0,Bengaluru,
L00295,SAVINGS,1506,0.96,DEV_LEGIT_0560,162354,0,Mewat,
L00296,SAVINGS,371,0.87,DEV_LEGIT_0679,199667,0,Jamtara,
L00297,CURRENT,2175,0.85,DEV_LEGIT_0193,154477,0,Nellore,
L00298,SAVINGS,1867,0.97,DEV_LEGIT_0419,145257,0,Coimbatore,
L00299,SAVINGS,2737,0.93,DEV_LEGIT_0881,190718,0,Gurugram,
L00300,CURRENT,1197,0.87,DEV_LEGIT_0440,65961,0,Kochi,
L00301,SAVINGS,1764,1.0,DEV_LEGIT_0434,133403,0,Kochi,
L00302,SAVINGS,1543,0.88,DEV_LEGIT_0557,206242,0,Noida,
L00303,SAVINGS,2674,0.96,DEV_LEGIT_0234,119826,0,Kochi,
L00304,SAVINGS,2534,0.87,DEV_LEGIT_0542,211844,0,Bengaluru,
L00305,SAVINGS,2096,1.0,DEV_LEGIT_0869,135895,0,Mewat,
L00306,SAVINGS,2843,0.87,DEV_LEGIT_0797,40723,0,Jamtara,
L00307,SAVINGS,432,1.0,DEV_LEGIT_0736,123407,0,Kochi,
L00308,SAVINGS,1185,0.98,DEV_LEGIT_0909,116481,0,Coimbatore,
L00309,CURRENT,1126,0.86,DEV_LEGIT_0554,98352,0,Chennai,
L00310,CURRENT,723,0.93,DEV_LEGIT_0533,65569,0,Hyderabad,
L00311,CURRENT,1273,0.94,DEV_LEGIT_0280,125446,0,Gurugram,
L00312,CURRENT,2516,0.9,DEV_LEGIT_0435,181616,0,Chennai,
L00313,SAVINGS,2932,0.86,DEV_LEGIT_0787,122976,0,Mewat,
L00314,CURRENT,2411,0.99,DEV_LEGIT_0164,203249,0,Noida,
L00315,SAVINGS,2658,0.87,DEV_LEGIT_0267,181244,0,Hyderabad,
L00316,SAVINGS,1572,0.89,DEV_LEGIT_0476,197261,0,Jamtara,
L00317,CURRENT,1247,0.92,DEV_LEGIT_0524,216482,0,Kochi,
L00318,CURRENT,946,0.94,DEV_LEGIT_0748,104436,0,Hyderabad,
L00319,SAVINGS,1604,0.92,DEV_LEGIT_0102,147064,0,Nellore,
L00320,SAVINGS,2079,0.98,DEV_LEGIT_0704,119356,0,Chennai,
L00321,CURRENT,2411,0.94,DEV_LEGIT_0604,184219,0,Chennai,
L00322,SAVINGS,2228,0.98,DEV_LEGIT_0163,116242,0,Kolar,
L00323,SAVINGS,1204,0.86,DEV_LEGIT_0881,198440,0,Kolkata,
L00324,SAVINGS,1307,0.94,DEV_LEGIT_0443,206380,0,Kochi,
L00325,CURRENT,386,0.95,DEV_LEGIT_0720,168700,0,Hyderabad,
L00326,SAVINGS,2732,0.89,DEV_LEGIT_0566,101362,0,Kolar,
L00327,SAVINGS,1060,0.93,DEV_LEGIT_0194,181777,0,Coimbatore,
L00328,CURRENT,2676,1.0,DEV_LEGIT_0163,51615,0,Chennai,
L00329,SAVINGS,1453,0.9,DEV_LEGIT_0542,152087,0,Bengaluru,
L00330,SAVINGS,2132,0.99,DEV_LEGIT_0911,187056,0,Chennai,
L00331,CURRENT,911,0.94,DEV_LEGIT_0201,51391,0,Hyderabad,
L00332,SAVINGS,778,0.85,DEV_LEGIT_0265,91635,0,Jamtara,
L00333,SAVINGS,552,0.94,DEV_LEGIT_0584,164084,0,Coimbatore,
L00334,CURRENT,1511,0.98,DEV_LEGIT_0045,161123,0,Hyderabad,
L00335,SAVINGS,2734,0.86,DEV_LEGIT_0657,109531,0,Hyderabad,
L00336,SAVINGS,1678,0.89,DEV_LEGIT_0111,183644,0,Mumbai,
L00337,SAVINGS,1415,0.85,DEV_LEGIT_0632,142902,0,Kochi,
L00338,SAVINGS,2058,1.0,DEV_LEGIT_0807,146646,0,Mewat,
L00339,SAVINGS,1669,0.87,DEV_LEGIT_0053,199401,0,Nellore,
L00340,CURRENT,1844,0.93,DEV_LEGIT_0023,152861,0,Mumbai,
L00341,SAVINGS,2824,0.89,DEV_LEGIT_0882,91090,0,Kochi,
L00342,SAVINGS,2672,0.87,DEV_LEGIT_0847,178439,0,Kochi,
L00343,SAVINGS,2315,0.89,DEV_LEGIT_0466,59758,0,Chennai,
L00344,SAVINGS,2104,0.91,DEV_LEGIT_0354,54008,0,Hyderabad,
L00345,SAVINGS,2174,0.89,DEV_LEGIT_0241,165790,0,Nellore,
L00346,SAVINGS,2164,0.85,DEV_LEGIT_0343,80662,0,Mewat,
L00347,SAVINGS,1032,0.87,DEV_LEGIT_0889,101643,0,Mumbai,
L00348,SAVINGS,2062,0.9,DEV_LEGIT_0659,180952,0,Hyderabad,
L00349,CURRENT,1471,0.99,DEV_LEGIT_0911,104803,0,Noida,
L00350,SAVINGS,835,0.92,DEV_LEGIT_0691,106715,0,Coimbatore,
L00351,SAVINGS,1270,0.87,DEV_LEGIT_0729,82032,0,Mumbai,
L00352,SAVINGS,1293,0.89,DEV_LEGIT_0235,58976,0,Mewat,
L00353,SAVINGS,1994,0.89,DEV_LEGIT_0452,122950,0,Mumbai,
L00354,SAVINGS,1277,0.9,DEV_LEGIT_0723,212007,0,Kolkata,
L00355,CURRENT,1743,0.92,DEV_LEGIT_0540,73643,0,Kolkata,
L00356,SAVINGS,1256,0.98,DEV_LEGIT_0227,69414,0,Chennai,
L00357,CURRENT,2443,0.96,DEV_LEGIT_0741,103664,0,Noida,
L00358,SAVINGS,1316,0.95,DEV_LEGIT_0166,182304,0,Jamtara,
L00359,SAVINGS,526,0.91,DEV_LEGIT_0855,207199,0,Jamtara,
L00360,SAVINGS,1416,1.0,DEV_LEGIT_0804,44656,0,Mewat,
L00361,SAVINGS,1826,0.94,DEV_LEGIT_0540,50788,0,Bengaluru,
L00362,SAVINGS,2461,0.87,DEV_LEGIT_0235,130434,0,Coimbatore,
L00363,SAVINGS,922,0.89,DEV_LEGIT_0044,203547,0,Jamtara,
L00364,SAVINGS,762,0.91,DEV_LEGIT_0770,126179,0,Coimbatore,
L00365,SAVINGS,1248,0.85,DEV_LEGIT_0111,120857,0,Mewat,
L00366,SAVINGS,2642,0.96,DEV_LEGIT_0740,119159,0,Noida,
L00367,CURRENT,2516,0.87,DEV_LEGIT_0784,193568,0,Bengaluru,
L00368,SAVINGS,2087,0.91,DEV_LEGIT_0502,103030,0,Bengaluru,
L00369,SAVINGS,2124,0.89,DEV_LEGIT_0421,178031,0,Kolkata,
L00370,SAVINGS,2424,0.85,DEV_LEGIT_0519,90463,0,Chennai,
L00371,SAVINGS,671,0.85,DEV_LEGIT_0484,201233,0,Hyderabad,
L00372,SAVINGS,1844,0.88,DEV_LEGIT_0225,63180,0,Bengaluru,
L00373,SAVINGS,853,0.99,DEV_LEGIT_0616,146608,0,Gurugram,
L00374,SAVINGS,2883,0.95,DEV_LEGIT_0205,142708,0,Mewat,
L00375,CURRENT,2212,1.0,DEV_LEGIT_0104,135729,0,Bengaluru,
L00376,SAVINGS,642,0.9,DEV_LEGIT_0143,76695,0,Bengaluru,
L00377,SAVINGS,390,0.98,DEV_LEGIT_0492,93302,0,Kochi,
L00378,SAVINGS,2868,0.95,DEV_LEGIT_0339,106810,0,Kolar,
L00379,SAVINGS,1437,0.99,DEV_LEGIT_0412,97407,0,Coimbatore,
L00380,SAVINGS,2971,0.86,DEV_LEGIT_0438,162649,0,Gurugram,
L00381,SAVINGS,2417,0.92,DEV_LEGIT_0794,77596,0,Kochi,
L00382,SAVINGS,2834,0.93,DEV_LEGIT_0248,79750,0,Kolar,
L00383,CURRENT,1946,0.86,DEV_LEGIT_0573,85820,0,Bengaluru,
L00384,CURRENT,2714,0.91,DEV_LEGIT_0598,43121,0,Hyderabad,
L00385,SAVINGS,857,0.86,DEV_LEGIT_0518,191075,0,Gurugram,
L00386,CURRENT,2462,0.98,DEV_LEGIT_0752,79765,0,Kolkata,
L00387,SAVINGS,944,0.99,DEV_LEGIT_0582,219041,0,Mumbai,
L00388,CURRENT,2858,0.94,DEV_LEGIT_0832,83015,0,Kochi,
L00389,CURRENT,2371,0.86,DEV_LEGIT_0601,150133,0,Bengaluru,
L00390,SAVINGS,984,0.97,DEV_LEGIT_0154,202961,0,Bengaluru,
L00391,SAVINGS,2199,0.93,DEV_LEGIT_0354,215801,0,Chennai,
L00392,SAVINGS,2774,0.92,DEV_LEGIT_0247,167891,0,Coimbatore,
L00393,SAVINGS,1427,0.97,DEV_LEGIT_0495,212631,0,Coimbatore,
L00394,CURRENT,450,0.94,DEV_LEGIT_0754,189550,0,Chennai,
L00395,SAVINGS,2583,0.86,DEV_LEGIT_0548,184494,0,Kochi,
L00396,CURRENT,2868,0.97,DEV_LEGIT_0872,81956,0,Kolar,
L00397,SAVINGS,2041,0.85,DEV_LEGIT_0155,201755,0,Mewat,
L00398,SAVINGS,1031,0.99,DEV_LEGIT_0438,126514,0,Hyderabad,
L00399,CURRENT,1344,0.86,DEV_LEGIT_0601,41034,0,Mewat,
L00400,CURRENT,638,1.0,DEV_LEGIT_0611,106469,0,Mumbai,
L00401,SAVINGS,2736,0.98,DEV_LEGIT_0693,201913,0,Bengaluru,
L00402,CURRENT,1654,0.98,DEV_LEGIT_0154,174077,0,Hyderabad,
L00403,SAVINGS,1789,0.87,DEV_LEGIT_0901,160716,0,Gurugram,
L00404,CURRENT,1073,0.96,DEV_LEGIT_0937,139215,0,Bengaluru,
L00405,SAVINGS,2694,0.98,DEV_LEGIT_0661,61605,0,Kolkata,
L00406,CURRENT,2739,0.98,DEV_LEGIT_0199,109174,0,Nellore,
L00407,CURRENT,1238,0.98,DEV_LEGIT_0462,135733,0,Nellore,
L00408,SAVINGS,2965,0.89,DEV_LEGIT_0109,144853,0,Kochi,
L00409,SAVINGS,839,0.86,DEV_LEGIT_0558,209045,0,Bengaluru,
L00410,SAVINGS,1755,0.97,DEV_LEGIT_0421,189627,0,Coimbatore,
L00411,SAVINGS,2377,0.97,DEV_LEGIT_0189,156110,0,Jamtara,
L00412,SAVINGS,2845,0.93,DEV_LEGIT_0835,87257,0,Hyderabad,
L00413,CURRENT,1227,0.87,DEV_LEGIT_0279,176626,0,Jamtara,
L00414,SAVINGS,1064,0.93,DEV_LEGIT_0825,45107,0,Kolar,
L00415,SAVINGS,2003,0.9,DEV_LEGIT_0650,91229,0,Chennai,
L00416,CURRENT,706,0.96,DEV_LEGIT_0515,213866,0,Gurugram,
L00417,SAVINGS,784,0.96,DEV_LEGIT_0038,191958,0,Bengaluru,
L00418,SAVINGS,1233,0.96,DEV_LEGIT_0343,186104,0,Kolar,
L00419,SAVINGS,860,0.99,DEV_LEGIT_0206,184238,0,Kolar,
L00420,SAVINGS,1410,0.91,DEV_LEGIT_0551,144267,0,Nellore,
L00421,SAVINGS,2187,0.96,DEV_LEGIT_0753,38824,0,Gurugram,
L00422,CURRENT,885,0.89,DEV_LEGIT_0162,151260,0,Noida,
L00423,SAVINGS,1948,0.89,DEV_LEGIT_0726,167168,0,Nellore,
L00424,SAVINGS,2221,0.96,DEV_LEGIT_0917,66836,0,Bengaluru,
L00425,CURRENT,1476,0.87,DEV_LEGIT_0081,68336,0,Jamtara,
L00426,SAVINGS,1371,0.95,DEV_LEGIT_0423,169861,0,Hyderabad,
L00427,SAVINGS,1127,0.86,DEV_LEGIT_0638,61301,0,Jamtara,
L00428,SAVINGS,1696,0.87,DEV_LEGIT_0582,56991,0,Gurugram,
L00429,SAVINGS,539,0.92,DEV_LEGIT_0561,136622,0,Mumbai,
L00430,SAVINGS,1932,0.91,DEV_LEGIT_0849,202715,0,Bengaluru,
L00431,SAVINGS,2272,0.87,DEV_LEGIT_0369,182546,0,Kolkata,
L00432,CURRENT,1065,0.86,DEV_LEGIT_0801,138411,0,Mewat,
L00433,CURRENT,1357,1.0,DEV_LEGIT_0925,44558,0,Hyderabad,
L00434,SAVINGS,754,0.87,DEV_LEGIT_0193,212879,0,Kolkata,
L00435,CURRENT,1255,0.98,DEV_LEGIT_0483,184626,0,Kolkata,
L00436,SAVINGS,1902,0.98,DEV_LEGIT_0095,159450,0,Kochi,
L00437,SAVINGS,739,0.94,DEV_LEGIT_0840,189073,0,Bengaluru,
L00438,SAVINGS,864,0.95,DEV_LEGIT_0595,44589,0,Mumbai,
L00439,SAVINGS,2743,0.88,DEV_LEGIT_0113,111156,0,Kochi,
L00440,SAVINGS,2981,0.98,DEV_LEGIT_0902,147018,0,Bengaluru,
L00441,CURRENT,1706,0.86,DEV_LEGIT_0888,96690,0,Mumbai,
L00442,SAVINGS,1838,0.88,DEV_LEGIT_0726,105566,0,Noida,
L00443,SAVINGS,2803,0.94,DEV_LEGIT_0289,71813,0,Hyderabad,
L00444,CURRENT,1124,1.0,DEV_LEGIT_0403,95171,0,Gurugram,
L00445,SAVINGS,933,0.85,DEV_LEGIT_0831,118271,0,Coimbatore,
L00446,SAVINGS,882,0.93,DEV_LEGIT_0202,216107,0,Chennai,
L00447,SAVINGS,1856,0.91,DEV_LEGIT_0681,99106,0,Gurugram,
L00448,SAVINGS,2799,0.88,DEV_LEGIT_0204,124362,0,Kolkata,
L00449,SAVINGS,2998,0.95,DEV_LEGIT_0208,61629,0,Mewat,
L00450,SAVINGS,1033,0.99,DEV_LEGIT_0439,47641,0,Nellore,
L00451,SAVINGS,767,0.94,DEV_LEGIT_0553,154973,0,Noida,
L00452,SAVINGS,1522,0.89,DEV_LEGIT_0414,160064,0,Kochi,
L00453,SAVINGS,1109,0.93,DEV_LEGIT_0481,81162,0,Nellore,
L00454,CURRENT,1453,0.87,DEV_LEGIT_0258,118080,0,Gurugram,
L00455,CURRENT,1026,0.99,DEV_LEGIT_0821,36236,0,Kochi,
L00456,SAVINGS,974,0.91,DEV_LEGIT_0248,44340,0,Gurugram,
L00457,SAVINGS,1456,0.99,DEV_LEGIT_0449,135268,0,Mewat,
L00458,CURRENT,2458,0.88,DEV_LEGIT_0083,159405,0,Mewat,
L00459,SAVINGS,1206,0.85,DEV_LEGIT_0176,115212,0,Gurugram,
L00460,CURRENT,1729,0.99,DEV_LEGIT_0419,115293,0,Kolar,
L00461,CURRENT,2791,0.96,DEV_LEGIT_0271,36675,0,Jamtara,
L00462,SAVINGS,407,0.95,DEV_LEGIT_0248,79774,0,Mewat,
L00463,SAVINGS,2451,0.88,DEV_LEGIT_0212,197331,0,Jamtara,
L00464,CURRENT,1388,0.89,DEV_LEGIT_0480,74665,0,Hyderabad,
L00465,SAVINGS,1166,0.86,DEV_LEGIT_0069,119903,0,Nellore,
L00466,SAVINGS,695,0.94,DEV_LEGIT_0830,103857,0,Noida,
L00467,CURRENT,1938,0.91,DEV_LEGIT_0503,126297,0,Kolar,
L00468,SAVINGS,2799,0.94,DEV_LEGIT_0319,172433,0,Mewat,
L00469,CURRENT,2164,0.86,DEV_LEGIT_0888,103655,0,Hyderabad,
L00470,SAVINGS,659,0.89,DEV_LEGIT_0073,103163,0,Coimbatore,
L00471,CURRENT,2238,0.97,DEV_LEGIT_0694,119053,0,Mumbai,
L00472,CURRENT,2535,0.96,DEV_LEGIT_0445,114106,0,Kochi,
L00473,SAVINGS,2007,0.99,DEV_LEGIT_0420,46841,0,Kolkata,
L00474,SAVINGS,2924,0.92,DEV_LEGIT_0866,39053,0,Jamtara,
L00475,SAVINGS,499,0.86,DEV_LEGIT_0772,125852,0,Kolar,
L00476,SAVINGS,1187,0.96,DEV_LEGIT_0836,37126,0,Kolar,
L00477,SAVINGS,1729,0.87,DEV_LEGIT_0121,48041,0,Coimbatore,
L00478,CURRENT,606,0.98,DEV_LEGIT_0714,185613,0,Coimbatore,
L00479,SAVINGS,1328,0.89,DEV_LEGIT_0596,92314,0,Noida,
L00480,SAVINGS,1110,0.93,DEV_LEGIT_0444,101023,0,Kochi,
L00481,SAVINGS,2565,0.97,DEV_LEGIT_0319,74971,0,Jamtara,
L00482,CURRENT,1936,0.94,DEV_LEGIT_0567,104101,0,Mumbai,
L00483,CURRENT,2509,0.9,DEV_LEGIT_0314,202158,0,Noida,
L00484,SAVINGS,2959,0.9,DEV_LEGIT_0006,131495,0,Kolar,
L00485,SAVINGS,2877,0.9,DEV_LEGIT_0261,120441,0,Gurugram,
L00486,SAVINGS,2869,0.87,DEV_LEGIT_0414,159624,0,Mumbai,
L00487,SAVINGS,859,0.92,DEV_LEGIT_0653,114477,0,Kolar,
L00488,SAVINGS,814,0.93,DEV_LEGIT_0247,181044,0,Nellore,
L00489,SAVINGS,653,0.9,DEV_LEGIT_0606,111627,0,Bengaluru,
L00490,CURRENT,998,0.9,DEV_LEGIT_0416,54488,0,Bengaluru,
L00491,SAVINGS,1622,0.94,DEV_LEGIT_0932,80390,0,Coimbatore,
L00492,SAVINGS,511,0.9,DEV_LEGIT_0247,173637,0,Mewat,
L00493,SAVINGS,1897,0.91,DEV_LEGIT_0664,174465,0,Noida,
L00494,SAVINGS,2742,0.91,DEV_LEGIT_0481,174415,0,Kolar,
L00495,SAVINGS,1887,0.93,DEV_LEGIT_0925,141450,0,Coimbatore,
L00496,SAVINGS,569,0.95,DEV_LEGIT_0093,126705,0,Nellore,
L00497,SAVINGS,1220,0.95,DEV_LEGIT_0317,73156,0,Mewat,
L00498,CURRENT,1395,0.97,DEV_LEGIT_0325,211016,0,Noida,
L00499,SAVINGS,893,0.98,DEV_LEGIT_0193,159550,0,Coimbatore,
L00500,SAVINGS,2391,0.95,DEV_LEGIT_0387,81855,0,Kochi,
L00501,SAVINGS,1461,0.93,DEV_LEGIT_0025,189681,0,Mumbai,
L00502,CURRENT,2837,0.92,DEV_LEGIT_0505,96721,0,Nellore,
L00503,SAVINGS,703,0.97,DEV_LEGIT_0745,109845,0,Kolar,
L00504,SAVINGS,906,0.95,DEV_LEGIT_0783,37869,0,Kochi,
L00505,SAVINGS,2946,0.92,DEV_LEGIT_0384,68618,0,Noida,
L00506,CURRENT,1096,0.93,DEV_LEGIT_0872,216615,0,Kochi,
L00507,SAVINGS,2969,1.0,DEV_LEGIT_0082,77836,0,Kolar,
L00508,SAVINGS,2735,0.88,DEV_LEGIT_0221,99846,0,Kochi,
L00509,SAVINGS,2986,0.91,DEV_LEGIT_0832,103354,0,Gurugram,
L00510,SAVINGS,2508,0.85,DEV_LEGIT_0843,75268,0,Kolkata,
L00511,CURRENT,2760,0.94,DEV_LEGIT_0062,52643,0,Chennai,
L00512,SAVINGS,2320,0.96,DEV_LEGIT_0504,142987,0,Bengaluru,
L00513,SAVINGS,2218,0.97,DEV_LEGIT_0869,130831,0,Nellore,
L00514,SAVINGS,1599,0.94,DEV_LEGIT_0721,172316,0,Kolkata,
L00515,SAVINGS,584,0.91,DEV_LEGIT_0583,64355,0,Noida,
L00516,CURRENT,2177,0.95,DEV_LEGIT_0400,199488,0,Chennai,
L00517,SAVINGS,2070,0.91,DEV_LEGIT_0485,166863,0,Nellore,
L00518,SAVINGS,1447,0.88,DEV_LEGIT_0528,145957,0,Kolkata,
L00519,SAVINGS,1014,0.93,DEV_LEGIT_0386,69765,0,Gurugram,
L00520,SAVINGS,2808,0.92,DEV_LEGIT_0593,118393,0,Bengaluru,
L00521,CURRENT,748,0.93,DEV_LEGIT_0318,133651,0,Hyderabad,
L00522,CURRENT,2473,0.9,DEV_LEGIT_0195,84859,0,Noida,
L00523,SAVINGS,1287,0.94,DEV_LEGIT_0156,83957,0,Bengaluru,
L00524,CURRENT,2800,0.92,DEV_LEGIT_0437,216911,0,Kolkata,
L00525,CURRENT,2752,0.91,DEV_LEGIT_0340,114984,0,Nellore,
L00526,SAVINGS,2946,0.86,DEV_LEGIT_0769,197649,0,Hyderabad,
L00527,CURRENT,2202,0.95,DEV_LEGIT_0675,94760,0,Coimbatore,
L00528,SAVINGS,819,1.0,DEV_LEGIT_0056,187701,0,Jamtara,
L00529,SAVINGS,1570,0.96,DEV_LEGIT_0258,213943,0,Bengaluru,
L00530,CURRENT,663,0.99,DEV_LEGIT_0027,183249,0,Jamtara,
L00531,CURRENT,729,0.92,DEV_LEGIT_0573,140665,0,Coimbatore,
L00532,SAVINGS,2269,0.99,DEV_LEGIT_0400,199966,0,Chennai,
L00533,CURRENT,2359,0.85,DEV_LEGIT_0917,49841,0,Nellore,
L00534,SAVINGS,530,0.85,DEV_LEGIT_0501,204571,0,Mumbai,
L00535,CURRENT,2316,0.87,DEV_LEGIT_0433,129652,0,Kolar,
L00536,SAVINGS,1596,0.91,DEV_LEGIT_0442,109431,0,Kochi,
L00537,SAVINGS,1961,0.95,DEV_LEGIT_0339,170605,0,Chennai,
L00538,SAVINGS,1664,0.94,DEV_LEGIT_0450,195655,0,Kochi,
L00539,CURRENT,2952,0.93,DEV_LEGIT_0651,74152,0,Hyderabad,
L00540,SAVINGS,1950,0.95,DEV_LEGIT_0563,183816,0,Hyderabad,
L00541,CURRENT,1402,0.86,DEV_LEGIT_0468,119131,0,Bengaluru,
L00542,SAVINGS,2110,0.87,DEV_LEGIT_0914,206133,0,Coimbatore,
L00543,SAVINGS,1813,0.95,DEV_LEGIT_0940,215235,0,Kolar,
L00544,SAVINGS,2239,0.96,DEV_LEGIT_0182,184897,0,Mumbai,
L00545,SAVINGS,770,0.92,DEV_LEGIT_0193,158535,0,Kolkata,
L00546,CURRENT,798,0.97,DEV_LEGIT_0093,147794,0,Mewat,
L00547,SAVINGS,1684,0.97,DEV_LEGIT_0043,212770,0,Noida,
L00548,SAVINGS,454,0.91,DEV_LEGIT_0643,63432,0,Mumbai,
L00549,CURRENT,2222,0.99,DEV_LEGIT_0805,142890,0,Hyderabad,
L00550,SAVINGS,1417,0.91,DEV_LEGIT_0876,50644,0,Mewat,
L00551,SAVINGS,2851,0.98,DEV_LEGIT_0640,156923,0,Kochi,
L00552,SAVINGS,1319,0.98,DEV_LEGIT_0519,71380,0,Hyderabad,
L00553,CURRENT,1899,0.87,DEV_LEGIT_0181,72102,0,Kolar,
L00554,CURRENT,2139,0.94,DEV_LEGIT_0805,149513,0,Kolar,
L00555,CURRENT,2778,0.9,DEV_LEGIT_0207,47398,0,Nellore,
L00556,SAVINGS,1289,0.86,DEV_LEGIT_0631,106335,0,Bengaluru,
L00557,SAVINGS,2982,0.88,DEV_LEGIT_0946,121784,0,Kolkata,
L00558,CURRENT,928,0.92,DEV_LEGIT_0358,133028,0,Gurugram,
L00559,CURRENT,2196,0.87,DEV_LEGIT_0805,36610,0,Hyderabad,
L00560,CURRENT,474,0.94,DEV_LEGIT_0919,75645,0,Kolkata,
L00561,SAVINGS,403,0.9,DEV_LEGIT_0568,100433,0,Jamtara,
L00562,SAVINGS,2513,0.88,DEV_LEGIT_0013,201174,0,Hyderabad,
L00563,SAVINGS,2795,1.0,DEV_LEGIT_0338,85202,0,Mewat,
L00564,SAVINGS,375,0.93,DEV_LEGIT_0790,183703,0,Kolkata,
L00565,SAVINGS,1654,0.93,DEV_LEGIT_0453,61654,0,Kochi,
L00566,SAVINGS,2216,0.92,DEV_LEGIT_0355,50220,0,Mumbai,
L00567,CURRENT,1189,0.96,DEV_LEGIT_0247,87155,0,Kolkata,
L00568,SAVINGS,1477,0.94,DEV_LEGIT_0226,158434,0,Mumbai,
L00569,SAVINGS,2518,0.9,DEV_LEGIT_0936,134534,0,Kolar,
L00570,SAVINGS,2805,0.99,DEV_LEGIT_0679,37927,0,Coimbatore,
L00571,SAVINGS,2613,0.92,DEV_LEGIT_0082,124388,0,Mumbai,
L00572,SAVINGS,591,0.97,DEV_LEGIT_0211,57798,0,Chennai,
L00573,SAVINGS,2757,0.93,DEV_LEGIT_0807,202110,0,Gurugram,
L00574,CURRENT,1617,0.93,DEV_LEGIT_0877,171204,0,Chennai,
L00575,SAVINGS,1995,0.91,DEV_LEGIT_0188,214493,0,Mewat,
L00576,SAVINGS,2060,0.89,DEV_LEGIT_0072,59355,0,Noida,
L00577,SAVINGS,2122,0.98,DEV_LEGIT_0120,125791,0,Mewat,
L00578,CURRENT,770,0.94,DEV_LEGIT_0758,141673,0,Coimbatore,
L00579,SAVINGS,2597,0.97,DEV_LEGIT_0247,81767,0,Bengaluru,
L00580,SAVINGS,1063,0.9,DEV_LEGIT_0906,169950,0,Hyderabad,
L00581,CURRENT,672,0.95,DEV_LEGIT_0349,75793,0,Chennai,
L00582,SAVINGS,1984,0.89,DEV_LEGIT_0766,83700,0,Kochi,
L00583,SAVINGS,640,0.91,DEV_LEGIT_0525,77930,0,Mewat,
L00584,SAVINGS,1275,0.88,DEV_LEGIT_0932,89380,0,Coimbatore,
L00585,CURRENT,473,0.99,DEV_LEGIT_0328,147839,0,Hyderabad,
L00586,SAVINGS,1145,0.92,DEV_LEGIT_0315,121265,0,Nellore,
L00587,SAVINGS,1251,0.92,DEV_LEGIT_0473,114547,0,Coimbatore,
L00588,SAVINGS,377,0.97,DEV_LEGIT_0913,108605,0,Hyderabad,
L00589,SAVINGS,1559,0.85,DEV_LEGIT_0094,72822,0,Hyderabad,
L00590,SAVINGS,1855,0.94,DEV_LEGIT_0567,203462,0,Kochi,
L00591,CURRENT,929,0.86,DEV_LEGIT_0714,41458,0,Gurugram,
L00592,CURRENT,2082,1.0,DEV_LEGIT_0417,182261,0,Noida,
L00593,SAVINGS,1653,0.9,DEV_LEGIT_0843,121151,0,Mumbai,
L00594,SAVINGS,1317,0.88,DEV_LEGIT_0237,205637,0,Mewat,
L00595,SAVINGS,1247,0.96,DEV_LEGIT_0268,58214,0,Bengaluru,
L00596,SAVINGS,2918,0.95,DEV_LEGIT_0273,139669,0,Coimbatore,
L00597,CURRENT,706,0.86,DEV_LEGIT_0407,38543,0,Mewat,
L00598,SAVINGS,2100,0.97,DEV_LEGIT_0192,78368,0,Mumbai,
L00599,SAVINGS,1838,0.95,DEV_LEGIT_0139,207642,0,Nellore,
L00600,SAVINGS,1394,0.95,DEV_LEGIT_0668,93746,0,Kolar,
L00601,CURRENT,2589,0.89,DEV_LEGIT_0550,213221,0,Kolkata,
L00602,SAVINGS,1341,0.96,DEV_LEGIT_0308,150197,0,Hyderabad,
L00603,CURRENT,2664,0.9,DEV_LEGIT_0494,49603,0,Chennai,
L00604,SAVINGS,574,1.0,DEV_LEGIT_0796,135085,0,Chennai,
L00605,SAVINGS,2782,0.99,DEV_LEGIT_0460,46434,0,Kolkata,
L00606,SAVINGS,548,0.94,DEV_LEGIT_0137,62837,0,Bengaluru,
L00607,SAVINGS,1967,0.89,DEV_LEGIT_0654,122127,0,Coimbatore,
L00608,CURRENT,516,0.97,DEV_LEGIT_0073,175053,0,Chennai,
L00609,CURRENT,1551,0.88,DEV_LEGIT_0464,157751,0,Kolkata,
L00610,SAVINGS,2763,0.9,DEV_LEGIT_0282,175130,0,Kolkata,
L00611,SAVINGS,2595,0.87,DEV_LEGIT_0132,116410,0,Coimbatore,
L00612,SAVINGS,513,0.91,DEV_LEGIT_0578,188725,0,Hyderabad,
L00613,SAVINGS,2409,0.93,DEV_LEGIT_0726,88269,0,Mumbai,
L00614,CURRENT,1312,0.96,DEV_LEGIT_0143,151964,0,Mumbai,
L00615,SAVINGS,2482,0.99,DEV_LEGIT_0889,98632,0,Mumbai,
L00616,SAVINGS,455,0.99,DEV_LEGIT_0303,186881,0,Mewat,
L00617,SAVINGS,556,0.98,DEV_LEGIT_0726,108910,0,Noida,
L00618,CURRENT,2915,0.89,DEV_LEGIT_0345,179297,0,Coimbatore,
L00619,SAVINGS,675,0.9,DEV_LEGIT_0890,52051,0,Mewat,
L00620,SAVINGS,949,0.98,DEV_LEGIT_0870,179947,0,Kolkata,
L00621,SAVINGS,2442,0.98,DEV_LEGIT_0360,76266,0,Noida,
L00622,SAVINGS,1255,0.96,DEV_LEGIT_0935,138832,0,Coimbatore,
L00623,CURRENT,970,0.89,DEV_LEGIT_0893,214398,0,Chennai,
L00624,SAVINGS,1635,0.87,DEV_LEGIT_0696,40041,0,Kochi,
L00625,SAVINGS,916,1.0,DEV_LEGIT_0897,141270,0,Coimbatore,
L00626,SAVINGS,1814,0.97,DEV_LEGIT_0761,186828,0,Jamtara,
L00627,CURRENT,1596,0.9,DEV_LEGIT_0678,184057,0,Mewat,
L00628,SAVINGS,2041,0.86,DEV_LEGIT_0529,121338,0,Mewat,
L00629,CURRENT,527,0.88,DEV_LEGIT_0590,105483,0,Coimbatore,
L00630,SAVINGS,633,0.92,DEV_LEGIT_0445,91107,0,Hyderabad,
L00631,SAVINGS,1346,0.86,DEV_LEGIT_0675,112840,0,Mumbai,
L00632,SAVINGS,1350,0.91,DEV_LEGIT_0930,64825,0,Coimbatore,
L00633,SAVINGS,1776,0.93,DEV_LEGIT_0448,167229,0,Kolar,
L00634,SAVINGS,920,0.87,DEV_LEGIT_0013,148367,0,Kochi,
L00635,SAVINGS,2831,0.86,DEV_LEGIT_0491,100613,0,Chennai,
L00636,SAVINGS,2534,0.98,DEV_LEGIT_0612,185714,0,Kolar,
L00637,SAVINGS,2775,0.99,DEV_LEGIT_0317,117161,0,Mumbai,
L00638,SAVINGS,1516,0.95,DEV_LEGIT_0164,47970,0,Noida,
L00639,SAVINGS,1172,0.87,DEV_LEGIT_0751,188050,0,Mewat,
L00640,SAVINGS,1672,0.93,DEV_LEGIT_0190,166371,0,Mumbai,
L00641,SAVINGS,1156,1.0,DEV_LEGIT_0771,83533,0,Mewat,
L00642,SAVINGS,2995,0.99,DEV_LEGIT_0487,204537,0,Kolkata,
L00643,SAVINGS,1846,0.9,DEV_LEGIT_0125,42964,0,Jamtara,
L00644,SAVINGS,2984,0.92,DEV_LEGIT_0885,200314,0,Mumbai,
L00645,CURRENT,2340,0.98,DEV_LEGIT_0663,114790,0,Gurugram,
L00646,CURRENT,2418,0.89,DEV_LEGIT_0004,191179,0,Coimbatore,
L00647,SAVINGS,821,0.9,DEV_LEGIT_0424,141012,0,Chennai,
L00648,CURRENT,811,0.89,DEV_LEGIT_0624,36180,0,Jamtara,
L00649,SAVINGS,1323,0.91,DEV_LEGIT_0401,169748,0,Mumbai,
L00650,CURRENT,2866,0.92,DEV_LEGIT_0901,59494,0,Gurugram,
L00651,CURRENT,1143,0.92,DEV_LEGIT_0150,179335,0,Gurugram,
L00652,SAVINGS,963,0.92,DEV_LEGIT_0393,114732,0,Chennai,
L00653,CURRENT,2179,0.86,DEV_LEGIT_0251,199117,0,Mumbai,
L00654,SAVINGS,1644,0.99,DEV_LEGIT_0069,178613,0,Coimbatore,
L00655,SAVINGS,859,0.96,DEV_LEGIT_0237,201123,0,Jamtara,
L00656,SAVINGS,739,0.97,DEV_LEGIT_0494,44692,0,Nellore,
L00657,SAVINGS,2166,0.89,DEV_LEGIT_0355,39385,0,Kochi,
L00658,CURRENT,2915,0.89,DEV_LEGIT_0405,86780,0,Hyderabad,
L00659,CURRENT,1174,0.99,DEV_LEGIT_0258,74534,0,Noida,
L00660,SAVINGS,1918,0.98,DEV_LEGIT_0784,170264,0,Gurugram,
L00661,SAVINGS,1752,0.9,DEV_LEGIT_0656,80856,0,Kolar,
L00662,SAVINGS,1721,0.93,DEV_LEGIT_0298,36157,0,Mumbai,
L00663,SAVINGS,2695,0.93,DEV_LEGIT_0474,174018,0,Hyderabad,
L00664,SAVINGS,939,0.86,DEV_LEGIT_0703,113832,0,Hyderabad,
L00665,SAVINGS,1451,0.88,DEV_LEGIT_0766,76824,0,Hyderabad,
L00666,CURRENT,1084,0.88,DEV_LEGIT_0520,44353,0,Kolkata,
L00667,CURRENT,1290,0.89,DEV_LEGIT_0175,96419,0,Jamtara,
L00668,SAVINGS,1769,0.92,DEV_LEGIT_0071,96864,0,Gurugram,
L00669,SAVINGS,1824,0.87,DEV_LEGIT_0228,140819,0,Mumbai,
L00670,SAVINGS,649,0.87,DEV_LEGIT_0064,84612,0,Hyderabad,
L00671,SAVINGS,588,0.95,DEV_LEGIT_0164,45485,0,Noida,
L00672,SAVINGS,2175,0.95,DEV_LEGIT_0868,70785,0,Noida,
L00673,CURRENT,2256,0.98,DEV_LEGIT_0830,200702,0,Bengaluru,
L00674,SAVINGS,2303,0.95,DEV_LEGIT_0932,196896,0,Hyderabad,
L00675,CURRENT,1397,0.93,DEV_LEGIT_0335,54534,0,Noida,
L00676,SAVINGS,642,0.95,DEV_LEGIT_0517,85069,0,Kolar,
L00677,SAVINGS,982,0.93,DEV_LEGIT_0802,56696,0,Nellore,
L00678,CURRENT,748,0.96,DEV_LEGIT_0490,128810,0,Nellore,
L00679,SAVINGS,1569,0.97,DEV_LEGIT_0415,115356,0,Gurugram,
L00680,SAVINGS,2728,0.95,DEV_LEGIT_0138,127631,0,Jamtara,
L00681,SAVINGS,609,0.91,DEV_LEGIT_0016,86603,0,Jamtara,
L00682,SAVINGS,2416,0.94,DEV_LEGIT_0907,131866,0,Kochi,
L00683,SAVINGS,1736,0.88,DEV_LEGIT_0908,155637,0,Kolar,
L00684,CURRENT,1774,0.94,DEV_LEGIT_0181,129653,0,Mumbai,
L00685,SAVINGS,1182,0.95,DEV_LEGIT_0531,191674,0,Noida,
L00686,SAVINGS,2594,0.94,DEV_LEGIT_0012,161268,0,Mewat,
L00687,SAVINGS,1984,0.89,DEV_LEGIT_0316,177187,0,Noida,
L00688,SAVINGS,662,0.88,DEV_LEGIT_0381,150686,0,Chennai,
L00689,SAVINGS,2715,0.86,DEV_LEGIT_0361,59230,0,Kochi,
L00690,SAVINGS,2775,0.87,DEV_LEGIT_0534,219428,0,Bengaluru,
L00691,SAVINGS,2424,0.9,DEV_LEGIT_0160,121087,0,Kolar,
L00692,SAVINGS,2917,0.89,DEV_LEGIT_0201,40152,0,Kolar,
L00693,CURRENT,1823,0.93,DEV_LEGIT_0060,67309,0,Kochi,
L00694,SAVINGS,933,0.99,DEV_LEGIT_0923,44327,0,Kolar,
L00695,SAVINGS,2537,0.85,DEV_LEGIT_0524,102109,0,Mewat,
L00696,SAVINGS,2116,0.9,DEV_LEGIT_0622,204694,0,Kochi,
L00697,SAVINGS,1842,0.96,DEV_LEGIT_0332,89270,0,Chennai,
L00698,CURRENT,1744,0.94,DEV_LEGIT_0206,91958,0,Bengaluru,
L00699,SAVINGS,2706,0.89,DEV_LEGIT_0941,35205,0,Hyderabad,
L00700,SAVINGS,1329,0.95,DEV_LEGIT_0123,152236,0,Hyderabad,
L00701,SAVINGS,1074,0.95,DEV_LEGIT_0462,202000,0,Mumbai,
L00702,SAVINGS,2099,0.87,DEV_LEGIT_0599,185485,0,Kolar,
L00703,CURRENT,2907,0.92,DEV_LEGIT_0401,93878,0,Bengaluru,
L00704,SAVINGS,980,0.89,DEV_LEGIT_0795,90274,0,Mumbai,
L00705,SAVINGS,1743,0.9,DEV_LEGIT_0043,82079,0,Kolar,
L00706,SAVINGS,1164,0.98,DEV_LEGIT_0950,212161,0,Kolar,
L00707,CURRENT,690,0.97,DEV_LEGIT_0291,106047,0,Gurugram,
L00708,CURRENT,2484,0.86,DEV_LEGIT_0941,93259,0,Kolar,
L00709,SAVINGS,2323,1.0,DEV_LEGIT_0855,117159,0,Coimbatore,
L00710,SAVINGS,2940,1.0,DEV_LEGIT_0925,142802,0,Noida,
L00711,SAVINGS,493,0.91,DEV_LEGIT_0193,159413,0,Kochi,
L00712,SAVINGS,1500,0.87,DEV_LEGIT_0326,151993,0,Mewat,
L00713,SAVINGS,2624,0.96,DEV_LEGIT_0675,174392,0,Nellore,
L00714,SAVINGS,535,0.88,DEV_LEGIT_0772,39752,0,Mewat,
L00715,SAVINGS,2523,0.94,DEV_LEGIT_0086,192242,0,Mumbai,
L00716,SAVINGS,1222,0.87,DEV_LEGIT_0211,123520,0,Nellore,
L00717,SAVINGS,501,0.86,DEV_LEGIT_0299,45549,0,Noida,
L00718,CURRENT,1595,0.93,DEV_LEGIT_0551,78242,0,Jamtara,
L00719,SAVINGS,791,0.89,DEV_LEGIT_0666,108845,0,Mewat,
L00720,SAVINGS,1608,0.98,DEV_LEGIT_0884,184836,0,Jamtara,
L00721,SAVINGS,2331,0.9,DEV_LEGIT_0443,153578,0,Chennai,
L00722,CURRENT,2258,0.93,DEV_LEGIT_0317,101344,0,Noida,
L00723,SAVINGS,964,0.99,DEV_LEGIT_0629,215408,0,Jamtara,
L00724,SAVINGS,2528,0.95,DEV_LEGIT_0381,108248,0,Gurugram,
L00725,SAVINGS,2022,0.91,DEV_LEGIT_0305,207925,0,Bengaluru,
L00726,CURRENT,1111,1.0,DEV_LEGIT_0215,104900,0,Hyderabad,
L00727,SAVINGS,2746,0.86,DEV_LEGIT_0054,127371,0,Coimbatore,
L00728,SAVINGS,2912,0.91,DEV_LEGIT_0720,56302,0,Kolar,
L00729,SAVINGS,871,0.95,DEV_LEGIT_0217,116776,0,Hyderabad,
L00730,SAVINGS,2629,0.99,DEV_LEGIT_0244,155021,0,Mumbai,
L00731,SAVINGS,694,0.92,DEV_LEGIT_0722,146334,0,Gurugram,
L00732,SAVINGS,2375,0.9,DEV_LEGIT_0381,58462,0,Mewat,
L00733,SAVINGS,1904,0.96,DEV_LEGIT_0949,73633,0,Mumbai,
L00734,SAVINGS,2483,0.94,DEV_LEGIT_0730,196303,0,Coimbatore,
L00735,SAVINGS,1284,0.97,DEV_LEGIT_0291,134951,0,Mumbai,
L00736,SAVINGS,1932,0.99,DEV_LEGIT_0635,108317,0,Coimbatore,
L00737,CURRENT,923,0.98,DEV_LEGIT_0508,103736,0,Hyderabad,
L00738,SAVINGS,668,0.9,DEV_LEGIT_0421,121934,0,Noida,
L00739,CURRENT,1666,0.92,DEV_LEGIT_0489,151567,0,Nellore,
L00740,SAVINGS,1057,0.88,DEV_LEGIT_0222,160520,0,Mewat,
L00741,CURRENT,1478,0.88,DEV_LEGIT_0383,168582,0,Mumbai,
L00742,CURRENT,383,0.93,DEV_LEGIT_0712,142419,0,Kochi,
L00743,SAVINGS,2445,0.87,DEV_LEGIT_0357,180396,0,Kochi,
L00744,SAVINGS,1269,0.98,DEV_LEGIT_0862,37387,0,Nellore,
L00745,SAVINGS,2090,0.9,DEV_LEGIT_0541,147919,0,Kolar,
L00746,SAVINGS,638,0.94,DEV_LEGIT_0487,201944,0,Nellore,
L00747,CURRENT,1574,0.92,DEV_LEGIT_0748,43947,0,Kochi,
L00748,SAVINGS,1255,0.94,DEV_LEGIT_0378,100324,0,Mewat,
L00749,SAVINGS,1838,0.97,DEV_LEGIT_0605,151819,0,Bengaluru,
L00750,SAVINGS,1955,0.89,DEV_LEGIT_0025,195264,0,Noida,
L00751,SAVINGS,584,0.85,DEV_LEGIT_0679,123492,0,Chennai,
L00752,CURRENT,2609,0.96,DEV_LEGIT_0429,131829,0,Mewat,
L00753,SAVINGS,1254,0.86,DEV_LEGIT_0330,116739,0,Nellore,
L00754,SAVINGS,1142,0.88,DEV_LEGIT_0879,106540,0,Jamtara,
L00755,SAVINGS,953,0.99,DEV_LEGIT_0518,198459,0,Mumbai,
L00756,CURRENT,704,0.92,DEV_LEGIT_0520,36356,0,Jamtara,
L00757,SAVINGS,1721,1.0,DEV_LEGIT_0451,72340,0,Noida,
L00758,CURRENT,1381,0.99,DEV_LEGIT_0334,178895,0,Gurugram,
L00759,SAVINGS,2525,0.95,DEV_LEGIT_0226,43433,0,Jamtara,
L00760,SAVINGS,2100,0.89,DEV_LEGIT_0491,49279,0,Kochi,
L00761,CURRENT,2088,0.87,DEV_LEGIT_0012,130933,0,Mumbai,
L00762,SAVINGS,2583,0.95,DEV_LEGIT_0937,169825,0,Kolar,
L00763,SAVINGS,1529,0.86,DEV_LEGIT_0025,87891,0,Coimbatore,
L00764,SAVINGS,1829,0.86,DEV_LEGIT_0315,96262,0,Kolar,
L00765,SAVINGS,2644,0.95,DEV_LEGIT_0672,142229,0,Mumbai,
L00766,SAVINGS,1358,0.86,DEV_LEGIT_0068,214043,0,Hyderabad,
L00767,SAVINGS,2841,0.89,DEV_LEGIT_0518,52938,0,Noida,
L00768,SAVINGS,1454,0.94,DEV_LEGIT_0118,55787,0,Hyderabad,
L00769,CURRENT,859,0.92,DEV_LEGIT_0175,151132,0,Coimbatore,
L00770,CURRENT,399,0.9,DEV_LEGIT_0439,162149,0,Mumbai,
L00771,CURRENT,1816,0.92,DEV_LEGIT_0014,151682,0,Coimbatore,
L00772,CURRENT,2238,0.97,DEV_LEGIT_0939,85440,0,Bengaluru,
L00773,SAVINGS,1928,0.97,DEV_LEGIT_0699,195288,0,Mumbai,
L00774,CURRENT,1999,0.87,DEV_LEGIT_0177,111926,0,Chennai,
L00775,SAVINGS,1731,0.94,DEV_LEGIT_0592,45947,0,Chennai,
L00776,SAVINGS,808,1.0,DEV_LEGIT_0540,37049,0,Hyderabad,
L00777,CURRENT,449,0.92,DEV_LEGIT_0439,58600,0,Hyderabad,
L00778,SAVINGS,1027,0.9,DEV_LEGIT_0489,170212,0,Noida,
L00779,SAVINGS,1546,0.99,DEV_LEGIT_0875,99723,0,Kolar,
L00780,SAVINGS,677,0.88,DEV_LEGIT_0463,93276,0,Gurugram,
L00781,SAVINGS,1691,0.85,DEV_LEGIT_0940,100643,0,Bengaluru,
L00782,SAVINGS,2759,0.89,DEV_LEGIT_0050,163566,0,Coimbatore,
L00783,SAVINGS,2945,0.96,DEV_LEGIT_0109,147869,0,Kolkata,
L00784,SAVINGS,2513,0.99,DEV_LEGIT_0589,46271,0,Kolar,
L00785,SAVINGS,1925,0.9,DEV_LEGIT_0028,111870,0,Mumbai,
L00786,SAVINGS,2962,0.86,DEV_LEGIT_0331,93957,0,Gurugram,
L00787,CURRENT,1891,0.94,DEV_LEGIT_0834,46266,0,Noida,
L00788,SAVINGS,1629,0.9,DEV_LEGIT_0531,58194,0,Mewat,
L00789,CURRENT,2384,0.89,DEV_LEGIT_0035,126486,0,Nellore,
L00790,SAVINGS,709,0.9,DEV_LEGIT_0126,150989,0,Kolar,
L00791,SAVINGS,892,0.89,DEV_LEGIT_0919,82312,0,Kolar,
L00792,SAVINGS,2236,0.88,DEV_LEGIT_0042,80668,0,Gurugram,
L00793,SAVINGS,409,0.94,DEV_LEGIT_0546,113902,0,Kochi,
L00794,CURRENT,1879,0.86,DEV_LEGIT_0864,66788,0,Nellore,
L00795,SAVINGS,638,0.89,DEV_LEGIT_0542,109057,0,Mumbai,
L00796,SAVINGS,880,0.95,DEV_LEGIT_0329,158742,0,Kolar,
L00797,SAVINGS,636,0.9,DEV_LEGIT_0137,138119,0,Gurugram,
L00798,SAVINGS,1152,0.97,DEV_LEGIT_0069,198894,0,Kochi,
L00799,CURRENT,1302,0.96,DEV_LEGIT_0605,73553,0,Kochi,
L00800,CURRENT,555,0.88,DEV_LEGIT_0617,201016,0,Jamtara,
L00801,SAVINGS,2897,0.87,DEV_LEGIT_0117,193935,0,Hyderabad,
L00802,SAVINGS,913,0.89,DEV_LEGIT_0376,175237,0,Chennai,
L00803,SAVINGS,2146,0.91,DEV_LEGIT_0308,73792,0,Nellore,
L00804,CURRENT,1539,0.91,DEV_LEGIT_0808,104180,0,Hyderabad,
L00805,CURRENT,2501,0.87,DEV_LEGIT_0197,95783,0,Mumbai,
L00806,SAVINGS,2022,0.94,DEV_LEGIT_0183,73261,0,Jamtara,
L00807,SAVINGS,958,0.88,DEV_LEGIT_0582,92954,0,Kolar,
L00808,SAVINGS,2215,0.85,DEV_LEGIT_0325,131830,0,Bengaluru,
L00809,CURRENT,2628,0.97,DEV_LEGIT_0318,182085,0,Nellore,
L00810,CURRENT,2595,0.87,DEV_LEGIT_0492,156677,0,Hyderabad,
L00811,SAVINGS,2879,0.97,DEV_LEGIT_0612,202100,0,Noida,
L00812,CURRENT,2120,0.94,DEV_LEGIT_0232,124844,0,Hyderabad,
L00813,SAVINGS,1337,0.98,DEV_LEGIT_0273,180240,0,Kolkata,
L00814,SAVINGS,1278,0.99,DEV_LEGIT_0548,161269,0,Bengaluru,
L00815,SAVINGS,2743,0.93,DEV_LEGIT_0921,57191,0,Kolkata,
L00816,SAVINGS,1463,0.98,DEV_LEGIT_0482,60400,0,Kolkata,
L00817,SAVINGS,930,0.95,DEV_LEGIT_0602,174087,0,Nellore,
L00818,CURRENT,1447,0.97,DEV_LEGIT_0328,217514,0,Noida,
L00819,SAVINGS,1700,0.95,DEV_LEGIT_0669,150621,0,Jamtara,
L00820,SAVINGS,980,0.98,DEV_LEGIT_0387,212502,0,Kolkata,
L00821,CURRENT,536,0.88,DEV_LEGIT_0464,186802,0,Bengaluru,
L00822,SAVINGS,1054,0.91,DEV_LEGIT_0298,141898,0,Coimbatore,
L00823,SAVINGS,1777,1.0,DEV_LEGIT_0699,207510,0,Hyderabad,
L00824,SAVINGS,480,0.92,DEV_LEGIT_0687,165542,0,Mumbai,
L00825,SAVINGS,2173,0.9,DEV_LEGIT_0317,60760,0,Nellore,
L00826,SAVINGS,1082,0.9,DEV_LEGIT_0850,48119,0,Bengaluru,
L00827,SAVINGS,2659,0.89,DEV_LEGIT_0027,81026,0,Kochi,
L00828,CURRENT,1348,1.0,DEV_LEGIT_0559,142786,0,Chennai,
L00829,SAVINGS,1117,0.88,DEV_LEGIT_0256,45389,0,Gurugram,
L00830,SAVINGS,1253,0.88,DEV_LEGIT_0079,65980,0,Hyderabad,
L00831,SAVINGS,1285,0.87,DEV_LEGIT_0477,216806,0,Noida,
L00832,SAVINGS,1745,0.95,DEV_LEGIT_0310,145142,0,Kolkata,
L00833,SAVINGS,1121,0.97,DEV_LEGIT_0093,200585,0,Mumbai,
L00834,SAVINGS,1303,0.92,DEV_LEGIT_0306,82479,0,Kolkata,
L00835,CURRENT,2323,0.9,DEV_LEGIT_0130,145269,0,Noida,
L00836,SAVINGS,2860,0.9,DEV_LEGIT_0325,45125,0,Kochi,
L00837,SAVINGS,1814,0.88,DEV_LEGIT_0488,35042,0,Bengaluru,
L00838,SAVINGS,1827,0.96,DEV_LEGIT_0612,170578,0,Chennai,
L00839,SAVINGS,1259,0.91,DEV_LEGIT_0609,57041,0,Gurugram,
L00840,SAVINGS,2071,0.96,DEV_LEGIT_0260,166535,0,Nellore,
L00841,SAVINGS,592,0.99,DEV_LEGIT_0106,54985,0,Chennai,
L00842,SAVINGS,836,0.86,DEV_LEGIT_0802,107485,0,Hyderabad,
L00843,SAVINGS,2525,0.92,DEV_LEGIT_0018,159983,0,Bengaluru,
L00844,CURRENT,1283,0.95,DEV_LEGIT_0426,40868,0,Gurugram,
L00845,SAVINGS,2223,0.97,DEV_LEGIT_0866,94334,0,Mewat,
L00846,CURRENT,834,0.97,DEV_LEGIT_0775,199002,0,Chennai,
L00847,CURRENT,2775,0.89,DEV_LEGIT_0817,133912,0,Kolkata,
L00848,SAVINGS,2232,0.99,DEV_LEGIT_0521,57547,0,Kolar,
L00849,SAVINGS,2372,0.86,DEV_LEGIT_0198,218499,0,Kochi,
L00850,SAVINGS,900,0.93,DEV_LEGIT_0694,69210,0,Hyderabad,
L00851,SAVINGS,975,0.9,DEV_LEGIT_0831,116149,0,Nellore,
L00852,CURRENT,1887,0.9,DEV_LEGIT_0459,54758,0,Hyderabad,
L00853,SAVINGS,2814,0.89,DEV_LEGIT_0543,90142,0,Kochi,
L00854,SAVINGS,1595,0.97,DEV_LEGIT_0398,57662,0,Gurugram,
L00855,SAVINGS,2981,0.86,DEV_LEGIT_0568,203244,0,Mewat,
L00856,SAVINGS,2321,0.88,DEV_LEGIT_0893,123157,0,Mumbai,
L00857,CURRENT,856,0.92,DEV_LEGIT_0789,124327,0,Chennai,
L00858,SAVINGS,429,0.98,DEV_LEGIT_0538,127956,0,Jamtara,
L00859,CURRENT,899,1.0,DEV_LEGIT_0273,147096,0,Mumbai,
L00860,SAVINGS,1369,0.91,DEV_LEGIT_0108,135742,0,Hyderabad,
L00861,SAVINGS,366,0.88,DEV_LEGIT_0327,92407,0,Coimbatore,
L00862,CURRENT,1538,0.96,DEV_LEGIT_0485,154423,0,Hyderabad,
L00863,SAVINGS,1586,0.97,DEV_LEGIT_0438,75794,0,Noida,
L00864,SAVINGS,1798,0.88,DEV_LEGIT_0097,83269,0,Gurugram,
L00865,SAVINGS,912,0.88,DEV_LEGIT_0027,107560,0,Nellore,
L00866,SAVINGS,1955,0.97,DEV_LEGIT_0185,129006,0,Kolar,
L00867,SAVINGS,1722,0.92,DEV_LEGIT_0806,177074,0,Kochi,
L00868,SAVINGS,910,0.92,DEV_LEGIT_0579,133255,0,Mewat,
L00869,CURRENT,2444,0.95,DEV_LEGIT_0583,205953,0,Coimbatore,
L00870,SAVINGS,2682,0.95,DEV_LEGIT_0617,206367,0,Jamtara,
L00871,SAVINGS,590,0.95,DEV_LEGIT_0010,137108,0,Mumbai,
L00872,SAVINGS,1579,0.95,DEV_LEGIT_0209,139413,0,Chennai,
L00873,SAVINGS,2965,0.93,DEV_LEGIT_0716,175472,0,Gurugram,
L00874,SAVINGS,2599,0.97,DEV_LEGIT_0284,68329,0,Chennai,
L00875,SAVINGS,2425,0.9,DEV_LEGIT_0292,161515,0,Bengaluru,
L00876,SAVINGS,1350,0.9,DEV_LEGIT_0790,45312,0,Noida,
L00877,SAVINGS,405,0.86,DEV_LEGIT_0101,62225,0,Mewat,
L00878,SAVINGS,1092,0.99,DEV_LEGIT_0120,36118,0,Noida,
L00879,SAVINGS,1661,0.87,DEV_LEGIT_0889,213678,0,Hyderabad,
L00880,SAVINGS,1729,0.93,DEV_LEGIT_0168,198628,0,Noida,
L00881,SAVINGS,1277,0.88,DEV_LEGIT_0152,65752,0,Nellore,
L00882,SAVINGS,1917,0.91,DEV_LEGIT_0101,175567,0,Jamtara,
L00883,SAVINGS,1792,0.94,DEV_LEGIT_0735,142108,0,Hyderabad,
L00884,SAVINGS,519,0.92,DEV_LEGIT_0620,76991,0,Coimbatore,
L00885,SAVINGS,2950,0.91,DEV_LEGIT_0531,98294,0,Mumbai,
L00886,SAVINGS,1868,0.92,DEV_LEGIT_0092,100055,0,Chennai,
L00887,SAVINGS,2392,0.96,DEV_LEGIT_0810,185184,0,Coimbatore,
L00888,SAVINGS,931,0.97,DEV_LEGIT_0831,217367,0,Mumbai,
L00889,CURRENT,2163,0.9,DEV_LEGIT_0868,135750,0,Bengaluru,
L00890,CURRENT,2218,0.92,DEV_LEGIT_0408,38704,0,Hyderabad,
L00891,SAVINGS,2854,0.94,DEV_LEGIT_0118,120877,0,Hyderabad,
L00892,SAVINGS,1724,0.95,DEV_LEGIT_0134,75538,0,Mewat,
L00893,SAVINGS,563,0.92,DEV_LEGIT_0666,39970,0,Hyderabad,
L00894,SAVINGS,1824,0.93,DEV_LEGIT_0724,108218,0,Chennai,
L00895,SAVINGS,1949,0.98,DEV_LEGIT_0514,132134,0,Jamtara,
L00896,SAVINGS,2694,0.93,DEV_LEGIT_0781,114321,0,Bengaluru,
L00897,SAVINGS,1845,0.9,DEV_LEGIT_0936,96727,0,Mewat,
L00898,CURRENT,1768,0.96,DEV_LEGIT_0337,193538,0,Kolar,
L00899,SAVINGS,1900,1.0,DEV_LEGIT_0558,141109,0,Chennai,
L00900,CURRENT,602,0.86,DEV_LEGIT_0674,201018,0,Coimbatore,
L00901,SAVINGS,544,0.97,DEV_LEGIT_0278,145502,0,Jamtara,
L00902,SAVINGS,844,0.98,DEV_LEGIT_0051,97900,0,Noida,
L00903,CURRENT,2769,0.97,DEV_LEGIT_0155,191796,0,Mumbai,
L00904,SAVINGS,1775,0.87,DEV_LEGIT_0523,165721,0,Kochi,
L00905,SAVINGS,1775,0.88,DEV_LEGIT_0293,74172,0,Kochi,
L00906,SAVINGS,1253,0.93,DEV_LEGIT_0405,193717,0,Bengaluru,
L00907,SAVINGS,995,0.99,DEV_LEGIT_0472,168060,0,Kolkata,
L00908,SAVINGS,2531,0.89,DEV_LEGIT_0652,44772,0,Kochi,
L00909,SAVINGS,1327,0.9,DEV_LEGIT_0634,133507,0,Chennai,
L00910,SAVINGS,1785,0.96,DEV_LEGIT_0780,166678,0,Mumbai,
L00911,CURRENT,2609,0.87,DEV_LEGIT_0121,57461,0,Gurugram,
L00912,SAVINGS,756,0.9,DEV_LEGIT_0330,125134,0,Mumbai,
L00913,SAVINGS,1390,0.93,DEV_LEGIT_0441,96871,0,Coimbatore,
L00914,SAVINGS,833,0.97,DEV_LEGIT_0309,69368,0,Mumbai,
L00915,SAVINGS,2665,0.95,DEV_LEGIT_0477,115977,0,Kolar,
L00916,SAVINGS,1694,0.86,DEV_LEGIT_0854,200279,0,Kolar,
L00917,SAVINGS,1517,0.96,DEV_LEGIT_0855,189736,0,Nellore,
L00918,SAVINGS,2968,0.98,DEV_LEGIT_0701,42572,0,Hyderabad,
L00919,SAVINGS,606,0.86,DEV_LEGIT_0390,95052,0,Jamtara,
L00920,CURRENT,1636,0.88,DEV_LEGIT_0120,87049,0,Hyderabad,
L00921,SAVINGS,1406,0.86,DEV_LEGIT_0039,54639,0,Chennai,
L00922,CURRENT,1686,0.88,DEV_LEGIT_0352,128408,0,Hyderabad,
L00923,SAVINGS,2134,0.94,DEV_LEGIT_0180,57053,0,Kolkata,
L00924,SAVINGS,596,0.98,DEV_LEGIT_0738,56824,0,Kolkata,
L00925,SAVINGS,653,0.98,DEV_LEGIT_0576,83545,0,Chennai,
L00926,SAVINGS,960,0.92,DEV_LEGIT_0929,141858,0,Kochi,
L00927,SAVINGS,2500,0.94,DEV_LEGIT_0758,198689,0,Chennai,
L00928,SAVINGS,800,1.0,DEV_LEGIT_0309,195683,0,Bengaluru,
L00929,CURRENT,1307,0.89,DEV_LEGIT_0218,130683,0,Hyderabad,
L00930,SAVINGS,1105,0.89,DEV_LEGIT_0042,72270,0,Kolkata,
L00931,SAVINGS,2552,0.99,DEV_LEGIT_0251,45401,0,Mewat,
L00932,SAVINGS,2524,0.94,DEV_LEGIT_0904,136085,0,Coimbatore,
L00933,SAVINGS,1647,0.98,DEV_LEGIT_0013,138455,0,Mewat,
L00934,CURRENT,1496,0.99,DEV_LEGIT_0250,104742,0,Kolar,
L00935,SAVINGS,2291,0.99,DEV_LEGIT_0258,141498,0,Bengaluru,
L00936,SAVINGS,618,0.96,DEV_LEGIT_0016,110187,0,Mewat,
L00937,SAVINGS,1557,0.87,DEV_LEGIT_0397,92292,0,Kochi,
L00938,SAVINGS,2163,0.96,DEV_LEGIT_0362,160133,0,Bengaluru,
L00939,SAVINGS,2241,0.91,DEV_LEGIT_0255,73671,0,Gurugram,
L00940,SAVINGS,785,1.0,DEV_LEGIT_0620,118301,0,Kolkata,
L00941,SAVINGS,583,0.98,DEV_LEGIT_0237,73111,0,Coimbatore,
L00942,SAVINGS,553,1.0,DEV_LEGIT_0635,190142,0,Hyderabad,
L00943,SAVINGS,2712,0.92,DEV_LEGIT_0671,186081,0,Coimbatore,
L00944,SAVINGS,2936,0.91,DEV_LEGIT_0353,152392,0,Kochi,
L00945,CURRENT,561,1.0,DEV_LEGIT_0284,69582,0,Bengaluru,
L00946,CURRENT,2780,0.97,DEV_LEGIT_0615,53357,0,Bengaluru,
L00947,SAVINGS,909,0.88,DEV_LEGIT_0422,151081,0,Nellore,
L00948,CURRENT,2071,0.97,DEV_LEGIT_0101,171631,0,Kochi,
L00949,SAVINGS,546,0.89,DEV_LEGIT_0773,91330,0,Nellore,
L00950,CURRENT,1212,0.96,DEV_LEGIT_0004,215674,0,Jamtara,
L00951,CURRENT,937,0.98,DEV_LEGIT_0610,172060,0,Hyderabad,
L00952,SAVINGS,590,0.96,DEV_LEGIT_0510,107844,0,Gurugram,
L00953,SAVINGS,798,0.96,DEV_LEGIT_0425,77241,0,Jamtara,
L00954,SAVINGS,1230,0.92,DEV_LEGIT_0588,66083,0,Chennai,
L00955,SAVINGS,615,0.86,DEV_LEGIT_0730,142911,0,Kolar,
L00956,SAVINGS,925,0.9,DEV_LEGIT_0170,182197,0,Kolkata,
L00957,SAVINGS,1333,0.94,DEV_LEGIT_0132,82436,0,Noida,
L00958,SAVINGS,611,0.97,DEV_LEGIT_0561,128970,0,Hyderabad,
L00959,CURRENT,1439,0.93,DEV_LEGIT_0367,193514,0,Noida,
L00960,SAVINGS,1849,0.98,DEV_LEGIT_0689,119524,0,Chennai,
L00961,SAVINGS,1071,0.95,DEV_LEGIT_0478,50396,0,Hyderabad,
L00962,SAVINGS,952,0.93,DEV_LEGIT_0754,112175,0,Gurugram,
L00963,CURRENT,571,0.97,DEV_LEGIT_0863,92605,0,Coimbatore,
L00964,SAVINGS,2449,0.98,DEV_LEGIT_0917,91407,0,Jamtara,
L00965,SAVINGS,2832,0.89,DEV_LEGIT_0402,179308,0,Bengaluru,
L00966,SAVINGS,2840,0.86,DEV_LEGIT_0365,104532,0,Nellore,
L00967,SAVINGS,1142,0.92,DEV_LEGIT_0706,95907,0,Jamtara,
L00968,CURRENT,2806,0.89,DEV_LEGIT_0231,100098,0,Noida,
L00969,SAVINGS,2804,0.87,DEV_LEGIT_0128,212861,0,Hyderabad,
L00970,SAVINGS,413,0.85,DEV_LEGIT_0078,178279,0,Kochi,
L00971,SAVINGS,2066,0.92,DEV_LEGIT_0697,88697,0,Mumbai,
L00972,SAVINGS,2234,0.94,DEV_LEGIT_0306,140159,0,Kolkata,
L00973,SAVINGS,1766,0.89,DEV_LEGIT_0555,129286,0,Kolar,
L00974,CURRENT,2631,0.94,DEV_LEGIT_0825,206477,0,Coimbatore,
L00975,CURRENT,1280,0.93,DEV_LEGIT_0824,199731,0,Bengaluru,
L00976,SAVINGS,1918,0.9,DEV_LEGIT_0517,211146,0,Nellore,
L00977,SAVINGS,1581,0.94,DEV_LEGIT_0019,186809,0,Noida,
L00978,SAVINGS,1541,0.92,DEV_LEGIT_0227,129435,0,Kolkata,
L00979,SAVINGS,2521,0.98,DEV_LEGIT_0055,122361,0,Nellore,
L00980,CURRENT,1759,0.89,DEV_LEGIT_0368,99230,0,Chennai,
L00981,SAVINGS,1710,0.99,DEV_LEGIT_0201,160745,0,Bengaluru,
L00982,SAVINGS,2454,0.99,DEV_LEGIT_0118,180817,0,Kolkata,
L00983,SAVINGS,939,0.95,DEV_LEGIT_0283,173509,0,Nellore,
L00984,CURRENT,1761,0.99,DEV_LEGIT_0837,78792,0,Coimbatore,
L00985,SAVINGS,793,0.86,DEV_LEGIT_0551,58906,0,Kochi,
L00986,SAVINGS,2697,0.88,DEV_LEGIT_0670,135600,0,Hyderabad,
L00987,SAVINGS,2326,1.0,DEV_LEGIT_0014,148098,0,Chennai,
L00988,CURRENT,1667,0.91,DEV_LEGIT_0529,99187,0,Gurugram,
L00989,SAVINGS,2312,0.92,DEV_LEGIT_0252,181892,0,Kolar,
L00990,CURRENT,1753,0.97,DEV_LEGIT_0726,79083,0,Noida,
L00991,CURRENT,1910,0.89,DEV_LEGIT_0433,36681,0,Mewat,
L00992,SAVINGS,1534,0.98,DEV_LEGIT_0103,49726,0,Nellore,
L00993,CURRENT,1043,0.98,DEV_LEGIT_0732,80167,0,Nellore,
L00994,SAVINGS,2154,0.95,DEV_LEGIT_0584,106922,0,Mumbai,
L00995,SAVINGS,2923,0.94,DEV_LEGIT_0508,167861,0,Mewat,
L00996,CURRENT,2959,0.93,DEV_LEGIT_0200,130081,0,Coimbatore,
L00997,CURRENT,1324,0.92,DEV_LEGIT_0158,94384,0,Noida,
L00998,SAVINGS,1180,0.96,DEV_LEGIT_0235,44556,0,Bengaluru,
L00999,CURRENT,2629,0.9,DEV_LEGIT_0068,93392,0,Noida,
L01000,CURRENT,2008,0.88,DEV_LEGIT_0140,92251,0,Kochi,
VACC_0001,SAVINGS,1272,0.94,DEV_VIC_0001,146904,0,Nellore,
VACC_0002,SAVINGS,1354,0.96,DEV_VIC_0002,147949,0,Coimbatore,
VACC_0003,SAVINGS,682,0.88,DEV_VIC_0003,157491,0,Noida,
VACC_0004,SAVINGS,2407,0.89,DEV_VIC_0004,131530,0,Hyderabad,
VACC_0005,SAVINGS,1074,0.94,DEV_VIC_0005,177973,0,Jamtara,
VACC_0006,SAVINGS,782,0.98,DEV_VIC_0006,34553,0,Coimbatore,
VACC_0007,SAVINGS,1804,0.91,DEV_VIC_0007,50066,0,Mumbai,
VACC_0008,SAVINGS,438,0.89,DEV_VIC_0008,40339,0,Gurugram,
VACC_0009,SAVINGS,1052,0.91,DEV_VIC_0009,68097,0,Gurugram,
VACC_0010,SAVINGS,1917,0.91,DEV_VIC_0010,144049,0,Kolkata,
VACC_0011,SAVINGS,1356,0.96,DEV_VIC_0011,62617,0,Kochi,
VACC_0012,SAVINGS,641,0.93,DEV_VIC_0012,176468,0,Gurugram,
VACC_0013,SAVINGS,1319,0.93,DEV_VIC_0013,96659,0,Mumbai,
VACC_0014,SAVINGS,1233,0.89,DEV_VIC_0014,77535,0,Kolkata,
VACC_0015,SAVINGS,1867,0.91,DEV_VIC_0015,94834,0,Kolkata,
VACC_0016,SAVINGS,1178,0.98,DEV_VIC_0016,83951,0,Bengaluru,
VACC_0017,SAVINGS,2173,0.9,DEV_VIC_0017,64860,0,Jamtara,
VACC_0018,SAVINGS,2237,0.96,DEV_VIC_0018,31474,0,Mewat,
VACC_0019,SAVINGS,544,0.91,DEV_VIC_0019,56403,0,Chennai,
VACC_0020,SAVINGS,1755,0.9,DEV_VIC_0020,159331,0,Bengaluru,
VACC_0021,SAVINGS,806,1.0,DEV_VIC_0021,166461,0,Kolar,
VACC_0022,SAVINGS,1401,0.91,DEV_VIC_0022,129347,0,Nellore,
VACC_0023,SAVINGS,1913,0.99,DEV_VIC_0023,53454,0,Kochi,
VACC_0024,SAVINGS,2452,0.93,DEV_VIC_0024,115394,0,Jamtara,
VACC_0025,SAVINGS,1935,0.94,DEV_VIC_0025,80066,0,Jamtara,
VACC_0026,SAVINGS,887,0.97,DEV_VIC_0026,56123,0,Jamtara,
VACC_0027,SAVINGS,2294,0.96,DEV_VIC_0027,107812,0,Noida,
VACC_0028,SAVINGS,1203,0.92,DEV_VIC_0028,169447,0,Kolar,
VACC_0029,SAVINGS,2334,0.93,DEV_VIC_0029,113096,0,Bengaluru,
VACC_0030,SAVINGS,1939,0.99,DEV_VIC_0030,160155,0,Kolar,
VACC_0031,SAVINGS,1479,0.95,DEV_VIC_0031,75270,0,Nellore,
VACC_0032,SAVINGS,2240,0.89,DEV_VIC_0032,126586,0,Mewat,
VACC_0033,SAVINGS,1972,0.95,DEV_VIC_0033,126961,0,Hyderabad,
VACC_0034,SAVINGS,2014,0.94,DEV_VIC_0034,35156,0,Kolar,
VACC_0035,SAVINGS,1554,0.89,DEV_VIC_0035,159927,0,Jamtara,
VACC_0036,SAVINGS,843,0.92,DEV_VIC_0036,69766,0,Mewat,
VACC_0037,SAVINGS,1688,0.98,DEV_VIC_0037,54503,0,Hyderabad,
VACC_0038,SAVINGS,1186,0.95,DEV_VIC_0038,103281,0,Nellore,
VACC_0039,SAVINGS,2297,0.94,DEV_VIC_0039,46006,0,Mumbai,
VACC_0040,SAVINGS,1480,0.98,DEV_VIC_0040,154227,0,Hyderabad,
VACC_0041,SAVINGS,2247,0.92,DEV_VIC_0041,123227,0,Mumbai,
VACC_0042,SAVINGS,1814,0.99,DEV_VIC_0042,50030,0,Nellore,
VACC_0043,SAVINGS,835,0.98,DEV_VIC_0043,175423,0,Gurugram,
VACC_0044,SAVINGS,588,0.97,DEV_VIC_0044,46875,0,Kochi,
VACC_0045,SAVINGS,2293,0.99,DEV_VIC_0045,158731,0,Hyderabad,
VACC_0046,SAVINGS,1382,0.92,DEV_VIC_0046,179650,0,Mumbai,
VACC_0047,SAVINGS,1380,0.91,DEV_VIC_0047,169600,0,Nellore,
VACC_0048,SAVINGS,2258,0.96,DEV_VIC_0048,138798,0,Chennai,
VACC_0049,SAVINGS,2433,0.93,DEV_VIC_0049,82167,0,Jamtara,
VACC_0050,SAVINGS,430,0.89,DEV_VIC_0050,153275,0,Noida,
VACC_0051,SAVINGS,702,0.99,DEV_VIC_0051,107134,0,Hyderabad,
VACC_0052,SAVINGS,645,0.97,DEV_VIC_0052,118254,0,Kolkata,
VACC_0053,SAVINGS,1439,0.89,DEV_VIC_0053,39635,0,Kolar,
VACC_0054,SAVINGS,1334,0.89,DEV_VIC_0054,94034,0,Mumbai,
VACC_0055,SAVINGS,1576,0.97,DEV_VIC_0055,172032,0,Nellore,
VACC_0056,SAVINGS,866,0.99,DEV_VIC_0056,80734,0,Bengaluru,
VACC_0057,SAVINGS,1053,1.0,DEV_VIC_0057,129271,0,Coimbatore,
VACC_0058,SAVINGS,2089,0.97,DEV_VIC_0058,134930,0,Mumbai,
VACC_0059,SAVINGS,1972,0.92,DEV_VIC_0059,130040,0,Hyderabad,
VACC_0060,SAVINGS,1645,0.88,DEV_VIC_0060,50953,0,Mumbai,
VACC_0061,SAVINGS,2459,0.99,DEV_VIC_0061,97355,0,Mewat,
VACC_0062,SAVINGS,513,0.98,DEV_VIC_0062,140523,0,Bengaluru,
VACC_0063,SAVINGS,2086,0.95,DEV_VIC_0063,50584,0,Hyderabad,
VACC_0064,SAVINGS,1605,0.99,DEV_VIC_0064,66476,0,Noida,
VACC_0065,SAVINGS,993,0.96,DEV_VIC_0065,80085,0,Mewat,
VACC_0066,SAVINGS,564,0.99,DEV_VIC_0066,153076,0,Bengaluru,
VACC_0067,SAVINGS,1836,0.97,DEV_VIC_0067,107103,0,Kolar,
VACC_0068,SAVINGS,2443,0.96,DEV_VIC_0068,109057,0,Kolkata,
VACC_0069,SAVINGS,2054,0.97,DEV_VIC_0069,139117,0,Kolar,
VACC_0070,SAVINGS,913,0.89,DEV_VIC_0070,118169,0,Mumbai,
VACC_0071,SAVINGS,1212,0.94,DEV_VIC_0071,46423,0,Coimbatore,
VACC_0072,SAVINGS,523,0.98,DEV_VIC_0072,79010,0,Mumbai,
VACC_0073,SAVINGS,1461,0.91,DEV_VIC_0073,179216,0,Gurugram,
VACC_0074,SAVINGS,2361,0.88,DEV_VIC_0074,140284,0,Nellore,
VACC_0075,SAVINGS,2327,0.98,DEV_VIC_0075,137343,0,Bengaluru,
VACC_0076,SAVINGS,1609,0.96,DEV_VIC_0076,60882,0,Mumbai,
VACC_0077,SAVINGS,1040,0.91,DEV_VIC_0077,134079,0,Gurugram,
VACC_0078,SAVINGS,2273,0.95,DEV_VIC_0078,41611,0,Kolar,
VACC_0079,SAVINGS,1312,0.92,DEV_VIC_0079,79285,0,Nellore,
VACC_0080,SAVINGS,2418,0.95,DEV_VIC_0080,122742,0,Kochi,
VACC_0081,SAVINGS,1966,0.89,DEV_VIC_0081,129058,0,Coimbatore,
VACC_0082,SAVINGS,1390,0.89,DEV_VIC_0082,142128,0,Gurugram,
VACC_0083,SAVINGS,900,0.91,DEV_VIC_0083,126067,0,Kolar,
VACC_0084,SAVINGS,2285,0.88,DEV_VIC_0084,173090,0,Coimbatore,
VACC_0085,SAVINGS,469,0.9,DEV_VIC_0085,136833,0,Hyderabad,
VACC_0086,SAVINGS,1719,0.91,DEV_VIC_0086,123183,0,Mumbai,
VACC_0087,SAVINGS,2201,0.99,DEV_VIC_0087,61757,0,Kochi,
VACC_0088,SAVINGS,1846,0.97,DEV_VIC_0088,105092,0,Kochi,
VACC_0089,SAVINGS,2428,0.97,DEV_VIC_0089,68006,0,Mewat,
VACC_0090,SAVINGS,1276,0.95,DEV_VIC_0090,82616,0,Kolar,
VACC_0091,SAVINGS,2118,0.92,DEV_VIC_0091,97195,0,Kochi,
VACC_0092,SAVINGS,1463,0.92,DEV_VIC_0092,74222,0,Kolkata,
VACC_0093,SAVINGS,1427,0.99,DEV_VIC_0093,69852,0,Mewat,
VACC_0094,SAVINGS,2257,0.99,DEV_VIC_0094,60843,0,Nellore,
VACC_0095,SAVINGS,2283,0.9,DEV_VIC_0095,175249,0,Mewat,
VACC_0096,SAVINGS,1040,0.9,DEV_VIC_0096,108132,0,Kolar,
VACC_0097,SAVINGS,2468,0.89,DEV_VIC_0097,152746,0,Mumbai,
VACC_0098,SAVINGS,2448,0.9,DEV_VIC_0098,45699,0,Nellore,
VACC_0099,SAVINGS,2214,0.94,DEV_VIC_0099,46083,0,Kochi,
VACC_0100,SAVINGS,671,0.9,DEV_VIC_0100,126514,0,Coimbatore,
VACC_0101,SAVINGS,1760,0.98,DEV_VIC_0101,111747,0,Kochi,
VACC_0102,SAVINGS,2480,0.99,DEV_VIC_0102,153220,0,Nellore,
VACC_0103,SAVINGS,1852,0.96,DEV_VIC_0103,110591,0,Nellore,
VACC_0104,SAVINGS,1409,0.91,DEV_VIC_0104,38203,0,Jamtara,
VACC_0105,SAVINGS,1947,0.91,DEV_VIC_0105,35850,0,Nellore,
VACC_0106,SAVINGS,1985,0.93,DEV_VIC_0106,106578,0,Noida,
VACC_0107,SAVINGS,1631,0.98,DEV_VIC_0107,178743,0,Nellore,
VACC_0108,SAVINGS,465,0.9,DEV_VIC_0108,31026,0,Nellore,
VACC_0109,SAVINGS,1487,0.91,DEV_VIC_0109,49771,0,Gurugram,
VACC_0110,SAVINGS,2368,0.91,DEV_VIC_0110,63541,0,Mumbai,
VACC_0111,SAVINGS,1511,0.99,DEV_VIC_0111,87425,0,Kochi,
VACC_0112,SAVINGS,504,0.94,DEV_VIC_0112,62662,0,Hyderabad,
VACC_0113,SAVINGS,1400,0.92,DEV_VIC_0113,144319,0,Gurugram,
VACC_0114,SAVINGS,1494,0.93,DEV_VIC_0114,171074,0,Kolar,
VACC_0115,SAVINGS,1457,0.98,DEV_VIC_0115,140614,0,Kolkata,
VACC_0116,SAVINGS,1293,0.94,DEV_VIC_0116,161352,0,Coimbatore,
VACC_0117,SAVINGS,1417,0.96,DEV_VIC_0117,138158,0,Jamtara,
VACC_0118,SAVINGS,996,0.97,DEV_VIC_0118,132084,0,Noida,
VACC_0119,SAVINGS,2494,0.93,DEV_VIC_0119,44333,0,Mumbai,
VACC_0120,SAVINGS,1084,0.99,DEV_VIC_0120,176970,0,Kolkata,
VACC_0121,SAVINGS,426,0.9,DEV_VIC_0121,36929,0,Coimbatore,
VACC_0122,SAVINGS,1238,0.99,DEV_VIC_0122,70444,0,Bengaluru,
VACC_0123,SAVINGS,476,1.0,DEV_VIC_0123,61714,0,Jamtara,
VACC_0124,SAVINGS,1251,0.96,DEV_VIC_0124,174817,0,Mewat,
VACC_0125,SAVINGS,884,0.94,DEV_VIC_0125,149266,0,Jamtara,
VACC_0126,SAVINGS,1969,1.0,DEV_VIC_0126,174652,0,Kochi,
VACC_0127,SAVINGS,1420,0.97,DEV_VIC_0127,108260,0,Chennai,
VACC_0128,SAVINGS,1417,0.98,DEV_VIC_0128,86747,0,Kolkata,
VACC_0129,SAVINGS,1269,0.92,DEV_VIC_0129,177207,0,Chennai,
VACC_0130,SAVINGS,794,0.94,DEV_VIC_0130,136344,0,Chennai,
VACC_0131,SAVINGS,1688,0.9,DEV_VIC_0131,38152,0,Mumbai,
VACC_0132,SAVINGS,2030,0.89,DEV_VIC_0132,38493,0,Jamtara,
VACC_0133,SAVINGS,395,0.95,DEV_VIC_0133,169314,0,Mumbai,
VACC_0134,SAVINGS,1342,0.92,DEV_VIC_0134,102470,0,Hyderabad,
VACC_0135,SAVINGS,1494,0.97,DEV_VIC_0135,139780,0,Kochi,
VACC_0136,SAVINGS,1047,0.92,DEV_VIC_0136,142927,0,Mumbai,
VACC_0137,SAVINGS,2155,0.92,DEV_VIC_0137,110219,0,Coimbatore,
VACC_0138,SAVINGS,761,0.88,DEV_VIC_0138,125239,0,Kolkata,
VACC_0139,SAVINGS,1953,0.92,DEV_VIC_0139,88544,0,Kochi,
VACC_0140,SAVINGS,2397,0.97,DEV_VIC_0140,67319,0,Noida,
VACC_0141,SAVINGS,1742,0.93,DEV_VIC_0141,51646,0,Hyderabad,
VACC_0142,SAVINGS,980,0.88,DEV_VIC_0142,126557,0,Noida,
VACC_0143,SAVINGS,2378,0.91,DEV_VIC_0143,140405,0,Jamtara,
VACC_0144,SAVINGS,1256,0.95,DEV_VIC_0144,162296,0,Kochi,
VACC_0145,SAVINGS,1717,0.9,DEV_VIC_0145,137605,0,Mewat,
VACC_0146,SAVINGS,1663,0.93,DEV_VIC_0146,144354,0,Nellore,
VACC_0147,SAVINGS,692,0.96,DEV_VIC_0147,171824,0,Coimbatore,
VACC_0148,SAVINGS,2438,0.93,DEV_VIC_0148,108773,0,Nellore,
VACC_0149,SAVINGS,531,0.97,DEV_VIC_0149,51827,0,Bengaluru,
VACC_0150,SAVINGS,593,0.97,DEV_VIC_0150,64952,0,Kochi,
VACC_0151,SAVINGS,1155,0.93,DEV_VIC_0151,56682,0,Chennai,
VACC_0152,SAVINGS,1460,0.91,DEV_VIC_0152,124204,0,Kolkata,
VACC_0153,SAVINGS,1670,0.95,DEV_VIC_0153,140839,0,Noida,
VACC_0154,SAVINGS,2007,0.93,DEV_VIC_0154,103185,0,Kochi,
VACC_0155,SAVINGS,2142,0.89,DEV_VIC_0155,166759,0,Bengaluru,
VACC_0156,SAVINGS,2076,0.94,DEV_VIC_0156,114877,0,Gurugram,
VACC_0157,SAVINGS,1757,0.98,DEV_VIC_0157,165667,0,Mumbai,
VACC_0158,SAVINGS,470,0.97,DEV_VIC_0158,117935,0,Chennai,
VACC_0159,SAVINGS,1460,0.95,DEV_VIC_0159,42251,0,Noida,
VACC_0160,SAVINGS,810,0.91,DEV_VIC_0160,167226,0,Hyderabad,
VACC_0161,SAVINGS,1138,0.94,DEV_VIC_0161,170233,0,Kolkata,
VACC_0162,SAVINGS,1666,0.99,DEV_VIC_0162,98476,0,Nellore,
VACC_0163,SAVINGS,1492,0.89,DEV_VIC_0163,123443,0,Coimbatore,
VACC_0164,SAVINGS,1782,0.97,DEV_VIC_0164,63070,0,Nellore,
VACC_0165,SAVINGS,443,0.94,DEV_VIC_0165,157969,0,Mumbai,
VACC_0166,SAVINGS,590,0.97,DEV_VIC_0166,92838,0,Kolar,
VACC_0167,SAVINGS,1106,0.93,DEV_VIC_0167,34234,0,Bengaluru,
VACC_0168,SAVINGS,1068,0.95,DEV_VIC_0168,46422,0,Nellore,
VACC_0169,SAVINGS,979,0.92,DEV_VIC_0169,174331,0,Kolkata,
VACC_0170,SAVINGS,1199,0.91,DEV_VIC_0170,137634,0,Noida,
VACC_0171,SAVINGS,1329,1.0,DEV_VIC_0171,30730,0,Nellore,
VACC_0172,SAVINGS,2441,0.99,DEV_VIC_0172,41794,0,Mewat,
VACC_0173,SAVINGS,1518,0.88,DEV_VIC_0173,91034,0,Hyderabad,
VACC_0174,SAVINGS,1794,0.97,DEV_VIC_0174,132708,0,Gurugram,
VACC_0175,SAVINGS,1562,0.98,DEV_VIC_0175,125289,0,Kolar,
VACC_0176,SAVINGS,1192,0.9,DEV_VIC_0176,168759,0,Chennai,
VACC_0177,SAVINGS,2108,0.99,DEV_VIC_0177,174841,0,Kolkata,
VACC_0178,SAVINGS,2476,0.92,DEV_VIC_0178,70328,0,Kolar,
VACC_0179,SAVINGS,1198,0.96,DEV_VIC_0179,153815,0,Mewat,
VACC_0180,SAVINGS,1929,0.9,DEV_VIC_0180,148512,0,Nellore,
VACC_0181,SAVINGS,1825,0.95,DEV_VIC_0181,76337,0,Noida,
VACC_0182,SAVINGS,1781,0.95,DEV_VIC_0182,50103,0,Nellore,
VACC_0183,SAVINGS,1197,0.93,DEV_VIC_0183,172072,0,Hyderabad,
VACC_0184,SAVINGS,562,0.94,DEV_VIC_0184,35566,0,Coimbatore,
VACC_0185,SAVINGS,1928,0.99,DEV_VIC_0185,166164,0,Mumbai,
VACC_0186,SAVINGS,1044,0.92,DEV_VIC_0186,62341,0,Nellore,
VACC_0187,SAVINGS,595,0.97,DEV_VIC_0187,60136,0,Bengaluru,
VACC_0188,SAVINGS,2481,0.91,DEV_VIC_0188,172839,0,Noida,
VACC_0189,SAVINGS,975,0.95,DEV_VIC_0189,86551,0,Jamtara,
VACC_0190,SAVINGS,1037,0.91,DEV_VIC_0190,89948,0,Gurugram,
VACC_0191,SAVINGS,395,0.94,DEV_VIC_0191,68666,0,Gurugram,
VACC_0192,SAVINGS,981,0.88,DEV_VIC_0192,37426,0,Mumbai,
VACC_0193,SAVINGS,465,0.98,DEV_VIC_0193,31992,0,Hyderabad,
VACC_0194,SAVINGS,1305,0.99,DEV_VIC_0194,137055,0,Noida,
VACC_0195,SAVINGS,402,0.96,DEV_VIC_0195,48837,0,Noida,
VACC_0196,SAVINGS,2021,0.97,DEV_VIC_0196,102793,0,Mewat,
VACC_0197,SAVINGS,1711,0.96,DEV_VIC_0197,55857,0,Chennai,
VACC_0198,SAVINGS,377,0.91,DEV_VIC_0198,121166,0,Jamtara,
VACC_0199,SAVINGS,1189,1.0,DEV_VIC_0199,107754,0,Bengaluru,
VACC_0200,SAVINGS,2382,0.96,DEV_VIC_0200,67979,0,Hyderabad,
VACC_0201,SAVINGS,1314,0.98,DEV_VIC_0201,176842,0,Kolkata,
VACC_0202,SAVINGS,1803,0.9,DEV_VIC_0202,140253,0,Nellore,
VACC_0203,SAVINGS,2334,0.96,DEV_VIC_0203,152252,0,Coimbatore,
VACC_0204,SAVINGS,696,0.92,DEV_VIC_0204,30094,0,Coimbatore,
VACC_0205,SAVINGS,1989,0.89,DEV_VIC_0205,43608,0,Chennai,
VACC_0206,SAVINGS,1092,0.89,DEV_VIC_0206,97125,0,Bengaluru,
VACC_0207,SAVINGS,1364,0.97,DEV_VIC_0207,45174,0,Kolar,
VACC_0208,SAVINGS,1977,1.0,DEV_VIC_0208,165430,0,Coimbatore,
VACC_0209,SAVINGS,1915,0.91,DEV_VIC_0209,125880,0,Coimbatore,
VACC_0210,SAVINGS,578,0.92,DEV_VIC_0210,144472,0,Jamtara,
VACC_0211,SAVINGS,1342,0.9,DEV_VIC_0211,159989,0,Bengaluru,
VACC_0212,SAVINGS,817,0.9,DEV_VIC_0212,94131,0,Nellore,
VACC_0213,SAVINGS,1388,0.89,DEV_VIC_0213,97990,0,Noida,
VACC_0214,SAVINGS,1467,0.94,DEV_VIC_0214,152193,0,Hyderabad,
VACC_0215,SAVINGS,765,0.94,DEV_VIC_0215,84223,0,Kolar,
VACC_0216,SAVINGS,969,0.93,DEV_VIC_0216,157230,0,Bengaluru,
VACC_0217,SAVINGS,1828,0.94,DEV_VIC_0217,103546,0,Mumbai,
VACC_0218,SAVINGS,2138,0.89,DEV_VIC_0218,113128,0,Gurugram,
VACC_0219,SAVINGS,1461,0.92,DEV_VIC_0219,103789,0,Coimbatore,
VACC_0220,SAVINGS,2429,0.99,DEV_VIC_0220,166252,0,Kolkata,
VACC_0221,SAVINGS,977,0.94,DEV_VIC_0221,113616,0,Mewat,
VACC_0222,SAVINGS,1206,0.91,DEV_VIC_0222,172392,0,Hyderabad,
VACC_0223,SAVINGS,1223,0.97,DEV_VIC_0223,55580,0,Hyderabad,
VACC_0224,SAVINGS,586,0.92,DEV_VIC_0224,35273,0,Mewat,
VACC_0225,SAVINGS,1660,0.99,DEV_VIC_0225,73554,0,Kolkata,
VACC_0226,SAVINGS,2410,0.92,DEV_VIC_0226,97095,0,Noida,
VACC_0227,SAVINGS,2173,0.9,DEV_VIC_0227,104627,0,Nellore,
VACC_0228,SAVINGS,1671,0.97,DEV_VIC_0228,60898,0,Kolkata,
VACC_0229,SAVINGS,801,0.88,DEV_VIC_0229,92839,0,Chennai,
VACC_0230,SAVINGS,2354,0.91,DEV_VIC_0230,138415,0,Nellore,
VACC_0231,SAVINGS,1489,0.9,DEV_VIC_0231,141299,0,Kolkata,
VACC_0232,SAVINGS,601,0.98,DEV_VIC_0232,59729,0,Gurugram,
VACC_0233,SAVINGS,1131,0.97,DEV_VIC_0233,77883,0,Bengaluru,
VACC_0234,SAVINGS,1355,0.91,DEV_VIC_0234,70129,0,Mumbai,
VACC_0235,SAVINGS,860,0.89,DEV_VIC_0235,117491,0,Mewat,
VACC_0236,SAVINGS,2437,0.92,DEV_VIC_0236,35197,0,Noida,
VACC_0237,SAVINGS,2302,0.99,DEV_VIC_0237,104031,0,Hyderabad,
VACC_0238,SAVINGS,684,0.88,DEV_VIC_0238,139295,0,Noida,
VACC_0239,SAVINGS,2498,0.89,DEV_VIC_0239,47046,0,Nellore,
VACC_0240,SAVINGS,1623,1.0,DEV_VIC_0240,150341,0,Mewat,
VACC_0241,SAVINGS,1363,0.94,DEV_VIC_0241,75010,0,Nellore,
VACC_0242,SAVINGS,760,0.95,DEV_VIC_0242,130044,0,Nellore,
VACC_0243,SAVINGS,905,0.94,DEV_VIC_0243,41622,0,Kolar,
VACC_0244,SAVINGS,448,0.89,DEV_VIC_0244,91574,0,Gurugram,
VACC_0245,SAVINGS,423,0.98,DEV_VIC_0245,99956,0,Gurugram,
VACC_0246,SAVINGS,1892,1.0,DEV_VIC_0246,141056,0,Kochi,
VACC_0247,SAVINGS,1527,0.97,DEV_VIC_0247,55217,0,Kolkata,
VACC_0248,SAVINGS,926,0.88,DEV_VIC_0248,90543,0,Mewat,
VACC_0249,SAVINGS,1269,0.99,DEV_VIC_0249,116965,0,Jamtara,
VACC_0250,SAVINGS,2081,0.97,DEV_VIC_0250,105803,0,Kochi,
VACC_0251,SAVINGS,439,0.88,DEV_VIC_0251,141502,0,Kolar,
VACC_0252,SAVINGS,1403,0.9,DEV_VIC_0252,155411,0,Mewat,
VACC_0253,SAVINGS,736,0.92,DEV_VIC_0253,67346,0,Noida,
VACC_0254,SAVINGS,1529,0.99,DEV_VIC_0254,39251,0,Kochi,
VACC_0255,SAVINGS,2356,0.93,DEV_VIC_0255,177985,0,Chennai,
VACC_0256,SAVINGS,465,0.96,DEV_VIC_0256,75393,0,Mewat,
VACC_0257,SAVINGS,607,0.91,DEV_VIC_0257,85408,0,Kolar,
VACC_0258,SAVINGS,1906,0.94,DEV_VIC_0258,114239,0,Mewat,
VACC_0259,SAVINGS,976,0.95,DEV_VIC_0259,79748,0,Mewat,
VACC_0260,SAVINGS,1787,0.95,DEV_VIC_0260,61517,0,Kolkata,
VACC_0261,SAVINGS,1544,0.93,DEV_VIC_0261,66159,0,Kochi,
VACC_0262,SAVINGS,1804,0.97,DEV_VIC_0262,74582,0,Jamtara,
VACC_0263,SAVINGS,593,0.89,DEV_VIC_0263,59851,0,Kochi,
VACC_0264,SAVINGS,1435,0.88,DEV_VIC_0264,125800,0,Kolar,
VACC_0265,SAVINGS,685,0.99,DEV_VIC_0265,44044,0,Gurugram,
VACC_0266,SAVINGS,1751,0.89,DEV_VIC_0266,135492,0,Mumbai,
VACC_0267,SAVINGS,2307,0.99,DEV_VIC_0267,108256,0,Jamtara,
VACC_0268,SAVINGS,1110,0.89,DEV_VIC_0268,172178,0,Jamtara,
VACC_0269,SAVINGS,982,0.99,DEV_VIC_0269,133877,0,Chennai,
VACC_0270,SAVINGS,1357,0.98,DEV_VIC_0270,53011,0,Mumbai,
VACC_0271,SAVINGS,2475,0.92,DEV_VIC_0271,52711,0,Kochi,
VACC_0272,SAVINGS,1102,0.92,DEV_VIC_0272,90962,0,Jamtara,
VACC_0273,SAVINGS,2323,0.92,DEV_VIC_0273,45870,0,Noida,
VACC_0274,SAVINGS,1850,0.9,DEV_VIC_0274,173385,0,Nellore,
VACC_0275,SAVINGS,1878,0.97,DEV_VIC_0275,88535,0,Gurugram,
VACC_0276,SAVINGS,1395,0.94,DEV_VIC_0276,30593,0,Jamtara,
VACC_0277,SAVINGS,1240,0.9,DEV_VIC_0277,86805,0,Gurugram,
VACC_0278,SAVINGS,2304,0.9,DEV_VIC_0278,83123,0,Kolkata,
VACC_0279,SAVINGS,1236,0.98,DEV_VIC_0279,164095,0,Kochi,
VACC_0280,SAVINGS,2089,0.91,DEV_VIC_0280,63160,0,Kochi,
VACC_0281,SAVINGS,767,0.97,DEV_VIC_0281,143539,0,Mewat,
VACC_0282,SAVINGS,574,0.9,DEV_VIC_0282,58129,0,Kolar,
VACC_0283,SAVINGS,1157,0.97,DEV_VIC_0283,42920,0,Kolkata,
VACC_0284,SAVINGS,699,0.92,DEV_VIC_0284,32712,0,Gurugram,
VACC_0285,SAVINGS,1579,0.93,DEV_VIC_0285,35583,0,Jamtara,
VACC_0286,SAVINGS,648,0.96,DEV_VIC_0286,155443,0,Mumbai,
VACC_0287,SAVINGS,1293,0.99,DEV_VIC_0287,100948,0,Gurugram,
VACC_0288,SAVINGS,1410,0.9,DEV_VIC_0288,176214,0,Jamtara,
VACC_0289,SAVINGS,1847,0.99,DEV_VIC_0289,37628,0,Coimbatore,
VACC_0290,SAVINGS,2324,0.99,DEV_VIC_0290,171131,0,Bengaluru,
VACC_0291,SAVINGS,1077,0.96,DEV_VIC_0291,97913,0,Chennai,
VACC_0292,SAVINGS,2102,0.95,DEV_VIC_0292,127909,0,Noida,
VACC_0293,SAVINGS,2257,0.95,DEV_VIC_0293,121018,0,Coimbatore,
VACC_0294,SAVINGS,1624,0.94,DEV_VIC_0294,150578,0,Noida,
VACC_0295,SAVINGS,874,0.95,DEV_VIC_0295,160158,0,Hyderabad,
VACC_0296,SAVINGS,501,0.9,DEV_VIC_0296,88415,0,Hyderabad,
VACC_0297,SAVINGS,1587,0.97,DEV_VIC_0297,178893,0,Kochi,
VACC_0298,SAVINGS,2142,0.99,DEV_VIC_0298,82527,0,Kolkata,
VACC_0299,SAVINGS,516,0.92,DEV_VIC_0299,32657,0,Chennai,
VACC_0300,SAVINGS,2076,0.93,DEV_VIC_0300,102790,0,Kolar,
VACC_0301,SAVINGS,925,0.9,DEV_VIC_0301,114840,0,Noida,
VACC_0302,SAVINGS,785,0.93,DEV_VIC_0302,85101,0,Hyderabad,
VACC_0303,SAVINGS,2283,0.92,DEV_VIC_0303,108638,0,Chennai,
VACC_0304,SAVINGS,1762,0.91,DEV_VIC_0304,71628,0,Mewat,
VACC_0305,SAVINGS,1593,0.95,DEV_VIC_0305,127158,0,Kolar,
VACC_0306,SAVINGS,479,0.94,DEV_VIC_0306,111862,0,Gurugram,
VACC_0307,SAVINGS,1189,0.93,DEV_VIC_0307,96350,0,Coimbatore,
VACC_0308,SAVINGS,1333,0.99,DEV_VIC_0308,91304,0,Kochi,
VACC_0309,SAVINGS,1285,0.91,DEV_VIC_0309,176837,0,Nellore,
VACC_0310,SAVINGS,1834,0.94,DEV_VIC_0310,106305,0,Chennai,
VACC_0311,SAVINGS,1188,0.9,DEV_VIC_0311,58490,0,Mumbai,
VACC_0312,SAVINGS,1162,0.96,DEV_VIC_0312,45782,0,Hyderabad,
VACC_0313,SAVINGS,1803,0.96,DEV_VIC_0313,150864,0,Nellore,
VACC_0314,SAVINGS,1468,0.98,DEV_VIC_0314,92119,0,Gurugram,
VACC_0315,SAVINGS,2125,0.91,DEV_VIC_0315,179900,0,Gurugram,
VACC_0316,SAVINGS,1491,0.94,DEV_VIC_0316,35629,0,Hyderabad,
VACC_0317,SAVINGS,931,0.97,DEV_VIC_0317,97017,0,Bengaluru,
VACC_0318,SAVINGS,454,0.94,DEV_VIC_0318,98730,0,Bengaluru,
VACC_0319,SAVINGS,1369,0.92,DEV_VIC_0319,61358,0,Nellore,
VACC_0320,SAVINGS,709,0.94,DEV_VIC_0320,66036,0,Noida,
VACC_0321,SAVINGS,1481,0.91,DEV_VIC_0321,150120,0,Hyderabad,
VACC_0322,SAVINGS,2043,0.9,DEV_VIC_0322,105557,0,Coimbatore,
VACC_0323,SAVINGS,2070,0.96,DEV_VIC_0323,80755,0,Hyderabad,
VACC_0324,SAVINGS,1029,0.88,DEV_VIC_0324,141196,0,Noida,
VACC_0325,SAVINGS,1419,0.99,DEV_VIC_0325,38054,0,Noida,
VACC_0326,SAVINGS,1777,0.9,DEV_VIC_0326,133525,0,Kolkata,
VACC_0327,SAVINGS,1759,0.91,DEV_VIC_0327,98942,0,Kolar,
VACC_0328,SAVINGS,786,0.94,DEV_VIC_0328,178774,0,Jamtara,
VACC_0329,SAVINGS,2067,0.91,DEV_VIC_0329,114742,0,Noida,
VACC_0330,SAVINGS,756,0.93,DEV_VIC_0330,142524,0,Jamtara,
VACC_0331,SAVINGS,2394,0.9,DEV_VIC_0331,96442,0,Mumbai,
VACC_0332,SAVINGS,1770,0.98,DEV_VIC_0332,96546,0,Kolar,
VACC_0333,SAVINGS,1896,0.98,DEV_VIC_0333,132631,0,Nellore,
VACC_0334,SAVINGS,618,0.9,DEV_VIC_0334,161004,0,Kolar,
VACC_0335,SAVINGS,1533,0.96,DEV_VIC_0335,108406,0,Chennai,
VACC_0336,SAVINGS,530,0.93,DEV_VIC_0336,74887,0,Coimbatore,
VACC_0337,SAVINGS,1990,0.9,DEV_VIC_0337,60783,0,Kolkata,
VACC_0338,SAVINGS,867,0.93,DEV_VIC_0338,59873,0,Bengaluru,
VACC_0339,SAVINGS,760,0.97,DEV_VIC_0339,140287,0,Kolar,
VACC_0340,SAVINGS,1339,0.94,DEV_VIC_0340,178255,0,Chennai,
VACC_0341,SAVINGS,480,0.89,DEV_VIC_0341,69341,0,Mumbai,
VACC_0342,SAVINGS,546,0.89,DEV_VIC_0342,139519,0,Hyderabad,
VACC_0343,SAVINGS,1780,0.97,DEV_VIC_0343,103934,0,Chennai,
VACC_0344,SAVINGS,1474,0.97,DEV_VIC_0344,67821,0,Kolar,
VACC_0345,SAVINGS,1208,0.89,DEV_VIC_0345,122679,0,Bengaluru,
VACC_0346,SAVINGS,2304,0.95,DEV_VIC_0346,47211,0,Noida,
VACC_0347,SAVINGS,1340,0.96,DEV_VIC_0347,137047,0,Kochi,
VACC_0348,SAVINGS,1908,0.97,DEV_VIC_0348,34872,0,Coimbatore,
VACC_0349,SAVINGS,403,0.9,DEV_VIC_0349,179920,0,Noida,
VACC_0350,SAVINGS,2274,0.94,DEV_VIC_0350,39540,0,Nellore,
VACC_0351,SAVINGS,2328,0.98,DEV_VIC_0351,179527,0,Nellore,
VACC_0352,SAVINGS,2435,0.99,DEV_VIC_0352,58686,0,Kochi,
VACC_0353,SAVINGS,2031,0.91,DEV_VIC_0353,132780,0,Chennai,
VACC_0354,SAVINGS,1432,0.96,DEV_VIC_0354,162478,0,Coimbatore,
VACC_0355,SAVINGS,1191,0.91,DEV_VIC_0355,151719,0,Mewat,
VACC_0356,SAVINGS,2457,0.94,DEV_VIC_0356,40582,0,Bengaluru,
VACC_0357,SAVINGS,2091,0.96,DEV_VIC_0357,153584,0,Hyderabad,
VACC_0358,SAVINGS,1202,1.0,DEV_VIC_0358,137093,0,Mewat,
VACC_0359,SAVINGS,1360,0.94,DEV_VIC_0359,47559,0,Bengaluru,
VACC_0360,SAVINGS,2338,0.97,DEV_VIC_0360,139134,0,Kolkata,
VACC_0361,SAVINGS,687,0.94,DEV_VIC_0361,123386,0,Hyderabad,
VACC_0362,SAVINGS,447,1.0,DEV_VIC_0362,46857,0,Bengaluru,
VACC_0363,SAVINGS,1278,0.94,DEV_VIC_0363,155509,0,Bengaluru,
VACC_0364,SAVINGS,1900,0.97,DEV_VIC_0364,120568,0,Coimbatore,
VACC_0365,SAVINGS,1203,0.93,DEV_VIC_0365,62654,0,Noida,
VACC_0366,SAVINGS,657,0.99,DEV_VIC_0366,91699,0,Kolkata,
VACC_0367,SAVINGS,2291,0.91,DEV_VIC_0367,147070,0,Bengaluru,
VACC_0368,SAVINGS,1331,0.94,DEV_VIC_0368,31495,0,Kolkata,
VACC_0369,SAVINGS,399,0.98,DEV_VIC_0369,145721,0,Nellore,
VACC_0370,SAVINGS,1923,0.92,DEV_VIC_0370,168475,0,Mumbai,
VACC_0371,SAVINGS,708,0.97,DEV_VIC_0371,156826,0,Kolkata,
VACC_0372,SAVINGS,1843,0.89,DEV_VIC_0372,158201,0,Jamtara,
VACC_0373,SAVINGS,2286,0.91,DEV_VIC_0373,110562,0,Nellore,
VACC_0374,SAVINGS,1934,0.91,DEV_VIC_0374,61769,0,Hyderabad,
VACC_0375,SAVINGS,1070,1.0,DEV_VIC_0375,131423,0,Noida,
VACC_0376,SAVINGS,2024,0.98,DEV_VIC_0376,84805,0,Noida,
VACC_0377,SAVINGS,937,0.91,DEV_VIC_0377,168793,0,Noida,
VACC_0378,SAVINGS,690,0.94,DEV_VIC_0378,39201,0,Noida,
VACC_0379,SAVINGS,2175,0.95,DEV_VIC_0379,175583,0,Bengaluru,
VACC_0380,SAVINGS,529,0.92,DEV_VIC_0380,107853,0,Noida,
VACC_0381,SAVINGS,1541,0.96,DEV_VIC_0381,130796,0,Coimbatore,
VACC_0382,SAVINGS,456,0.97,DEV_VIC_0382,77593,0,Coimbatore,
VACC_0383,SAVINGS,704,0.92,DEV_VIC_0383,68805,0,Kolkata,
VACC_0384,SAVINGS,1163,0.92,DEV_VIC_0384,37940,0,Kochi,
VACC_0385,SAVINGS,969,0.91,DEV_VIC_0385,162211,0,Jamtara,
VACC_0386,SAVINGS,962,0.95,DEV_VIC_0386,90504,0,Chennai,
VACC_0387,SAVINGS,2242,0.9,DEV_VIC_0387,83429,0,Gurugram,
VACC_0388,SAVINGS,864,0.89,DEV_VIC_0388,128400,0,Kolar,
VACC_0389,SAVINGS,1030,0.95,DEV_VIC_0389,30879,0,Chennai,
VACC_0390,SAVINGS,1444,0.99,DEV_VIC_0390,41681,0,Chennai,
VACC_0391,SAVINGS,1532,0.98,DEV_VIC_0391,39001,0,Kolkata,
VACC_0392,SAVINGS,777,0.92,DEV_VIC_0392,115338,0,Nellore,
VACC_0393,SAVINGS,1467,0.98,DEV_VIC_0393,105273,0,Noida,
VACC_0394,SAVINGS,2050,0.93,DEV_VIC_0394,100605,0,Bengaluru,
VACC_0395,SAVINGS,2289,0.9,DEV_VIC_0395,148577,0,Kolkata,
VACC_0396,SAVINGS,1772,0.9,DEV_VIC_0396,134267,0,Nellore,
VACC_0397,SAVINGS,991,0.98,DEV_VIC_0397,142349,0,Kochi,
VACC_0398,SAVINGS,1948,0.99,DEV_VIC_0398,34368,0,Bengaluru,
VACC_0399,SAVINGS,841,0.99,DEV_VIC_0399,96953,0,Coimbatore,
VACC_0400,SAVINGS,421,0.99,DEV_VIC_0400,61841,0,Gurugram,
VACC_0401,SAVINGS,2021,0.94,DEV_VIC_0401,68758,0,Mumbai,
VACC_0402,SAVINGS,1256,0.94,DEV_VIC_0402,170485,0,Kolar,
VACC_0403,SAVINGS,387,0.89,DEV_VIC_0403,120816,0,Mumbai,
VACC_0404,SAVINGS,1169,0.88,DEV_VIC_0404,45277,0,Kolkata,
VACC_0405,SAVINGS,1410,0.96,DEV_VIC_0405,118525,0,Noida,
VACC_0406,SAVINGS,2463,0.92,DEV_VIC_0406,108675,0,Kolar,
VACC_0407,SAVINGS,1330,0.94,DEV_VIC_0407,111124,0,Chennai,
VACC_0408,SAVINGS,1704,1.0,DEV_VIC_0408,72876,0,Mewat,
VACC_0409,SAVINGS,915,0.93,DEV_VIC_0409,152668,0,Jamtara,
VACC_0410,SAVINGS,2187,0.96,DEV_VIC_0410,108700,0,Nellore,
VACC_0411,SAVINGS,678,0.89,DEV_VIC_0411,98462,0,Hyderabad,
VACC_0412,SAVINGS,1675,0.95,DEV_VIC_0412,42810,0,Mewat,
VACC_0413,SAVINGS,635,0.98,DEV_VIC_0413,104189,0,Noida,
VACC_0414,SAVINGS,1444,0.91,DEV_VIC_0414,91589,0,Kolkata,
VACC_0415,SAVINGS,992,0.97,DEV_VIC_0415,58433,0,Chennai,
VACC_0416,SAVINGS,1445,0.98,DEV_VIC_0416,43315,0,Kolkata,
VACC_0417,SAVINGS,958,0.92,DEV_VIC_0417,56749,0,Noida,
VACC_0418,SAVINGS,2260,0.95,DEV_VIC_0418,108176,0,Kochi,
VACC_0419,SAVINGS,2322,0.89,DEV_VIC_0419,139412,0,Mumbai,
VACC_0420,SAVINGS,1453,0.95,DEV_VIC_0420,96278,0,Kolar,
VACC_0421,SAVINGS,835,0.92,DEV_VIC_0421,40926,0,Mewat,
VACC_0422,SAVINGS,1154,0.93,DEV_VIC_0422,148903,0,Kochi,
VACC_0423,SAVINGS,1229,0.96,DEV_VIC_0423,160996,0,Bengaluru,
VACC_0424,SAVINGS,388,0.98,DEV_VIC_0424,115699,0,Chennai,
VACC_0425,SAVINGS,1596,0.96,DEV_VIC_0425,67980,0,Kochi,
VACC_0426,SAVINGS,1070,0.94,DEV_VIC_0426,128315,0,Kolar,
VACC_0427,SAVINGS,1311,0.88,DEV_VIC_0427,107550,0,Kolar,
VACC_0428,SAVINGS,1213,0.88,DEV_VIC_0428,85898,0,Nellore,
VACC_0429,SAVINGS,2312,0.96,DEV_VIC_0429,61168,0,Nellore,
VACC_0430,SAVINGS,1526,0.97,DEV_VIC_0430,62667,0,Chennai,
VACC_0431,SAVINGS,790,0.97,DEV_VIC_0431,129279,0,Gurugram,
VACC_0432,SAVINGS,420,0.95,DEV_VIC_0432,87372,0,Kolar,
VACC_0433,SAVINGS,1034,0.88,DEV_VIC_0433,30587,0,Nellore,
VACC_0434,SAVINGS,1166,0.98,DEV_VIC_0434,149772,0,Coimbatore,
VACC_0435,SAVINGS,704,0.95,DEV_VIC_0435,129219,0,Mumbai,
VACC_0436,SAVINGS,532,0.92,DEV_VIC_0436,104729,0,Gurugram,
VACC_0437,SAVINGS,2412,0.97,DEV_VIC_0437,153561,0,Jamtara,
VACC_0438,SAVINGS,663,0.88,DEV_VIC_0438,53094,0,Mumbai,
VACC_0439,SAVINGS,1002,0.91,DEV_VIC_0439,100290,0,Coimbatore,
VACC_0440,SAVINGS,1148,0.97,DEV_VIC_0440,41329,0,Kochi,
VACC_0441,SAVINGS,2402,0.93,DEV_VIC_0441,119409,0,Mumbai,
VACC_0442,SAVINGS,1094,0.97,DEV_VIC_0442,32593,0,Kolkata,
VACC_0443,SAVINGS,745,1.0,DEV_VIC_0443,151089,0,Kolkata,
VACC_0444,SAVINGS,1470,0.88,DEV_VIC_0444,92495,0,Gurugram,
VACC_0445,SAVINGS,1892,0.9,DEV_VIC_0445,114474,0,Jamtara,
VACC_0446,SAVINGS,2361,0.88,DEV_VIC_0446,65718,0,Jamtara,
VACC_0447,SAVINGS,1855,0.97,DEV_VIC_0447,125894,0,Kolar,
VACC_0448,SAVINGS,2387,0.94,DEV_VIC_0448,179184,0,Nellore,
VACC_0449,SAVINGS,961,0.93,DEV_VIC_0449,142139,0,Bengaluru,
VACC_0450,SAVINGS,2383,0.93,DEV_VIC_0450,73110,0,Noida,
VACC_0451,SAVINGS,1459,0.9,DEV_VIC_0451,174433,0,Jamtara,
VACC_0452,SAVINGS,1550,1.0,DEV_VIC_0452,73026,0,Coimbatore,
VACC_0453,SAVINGS,2205,0.95,DEV_VIC_0453,120273,0,Nellore,
VACC_0454,SAVINGS,533,0.95,DEV_VIC_0454,113969,0,Gurugram,
VACC_0455,SAVINGS,1808,0.95,DEV_VIC_0455,69644,0,Noida,
VACC_0456,SAVINGS,1936,0.89,DEV_VIC_0456,160503,0,Coimbatore,
VACC_0457,SAVINGS,810,0.89,DEV_VIC_0457,120510,0,Chennai,
VACC_0458,SAVINGS,1183,0.91,DEV_VIC_0458,140519,0,Mewat,
VACC_0459,SAVINGS,1929,0.92,DEV_VIC_0459,118221,0,Bengaluru,
VACC_0460,SAVINGS,2067,0.92,DEV_VIC_0460,102285,0,Bengaluru,
VACC_0461,SAVINGS,2171,0.92,DEV_VIC_0461,139386,0,Hyderabad,
VACC_0462,SAVINGS,910,0.98,DEV_VIC_0462,157587,0,Kolkata,
VACC_0463,SAVINGS,1107,0.98,DEV_VIC_0463,75525,0,Jamtara,
VACC_0464,SAVINGS,1453,0.89,DEV_VIC_0464,133253,0,Kolkata,
VACC_0465,SAVINGS,1147,0.91,DEV_VIC_0465,174241,0,Mumbai,
VACC_0466,SAVINGS,1884,0.9,DEV_VIC_0466,52208,0,Coimbatore,
VACC_0467,SAVINGS,2198,0.92,DEV_VIC_0467,110312,0,Kolkata,
VACC_0468,SAVINGS,1981,0.97,DEV_VIC_0468,93947,0,Kochi,
VACC_0469,SAVINGS,1281,0.95,DEV_VIC_0469,56948,0,Kolar,
VACC_0470,SAVINGS,2301,0.96,DEV_VIC_0470,151130,0,Kolar,
VACC_0471,SAVINGS,1442,0.99,DEV_VIC_0471,119641,0,Noida,
VACC_0472,SAVINGS,1346,0.94,DEV_VIC_0472,108048,0,Gurugram,
VACC_0473,SAVINGS,407,0.97,DEV_VIC_0473,142155,0,Jamtara,
VACC_0474,SAVINGS,2142,0.98,DEV_VIC_0474,59586,0,Jamtara,
VACC_0475,SAVINGS,1494,0.89,DEV_VIC_0475,174329,0,Kochi,
VACC_0476,SAVINGS,948,0.99,DEV_VIC_0476,43351,0,Kolar,
VACC_0477,SAVINGS,2465,0.92,DEV_VIC_0477,170273,0,Gurugram,
VACC_0478,SAVINGS,1713,0.9,DEV_VIC_0478,84995,0,Nellore,
VACC_0479,SAVINGS,1527,0.9,DEV_VIC_0479,175203,0,Noida,
VACC_0480,SAVINGS,1153,0.95,DEV_VIC_0480,137879,0,Mumbai,
VACC_0481,SAVINGS,1742,0.89,DEV_VIC_0481,166416,0,Hyderabad,
VACC_0482,SAVINGS,1503,0.98,DEV_VIC_0482,76479,0,Nellore,
VACC_0483,SAVINGS,2011,0.99,DEV_VIC_0483,166261,0,Bengaluru,
VACC_0484,SAVINGS,1567,0.88,DEV_VIC_0484,79051,0,Hyderabad,
VACC_0485,SAVINGS,2231,0.97,DEV_VIC_0485,178811,0,Kolar,
VACC_0486,SAVINGS,1463,0.96,DEV_VIC_0486,40786,0,Hyderabad,
VACC_0487,SAVINGS,2178,0.98,DEV_VIC_0487,152184,0,Bengaluru,
VACC_0488,SAVINGS,1045,0.9,DEV_VIC_0488,137270,0,Mumbai,
VACC_0489,SAVINGS,1093,0.9,DEV_VIC_0489,116710,0,Mewat,
VACC_0490,SAVINGS,1032,0.91,DEV_VIC_0490,94126,0,Kochi,
VACC_0491,SAVINGS,2497,0.92,DEV_VIC_0491,79290,0,Chennai,
VACC_0492,SAVINGS,1191,0.93,DEV_VIC_0492,58925,0,Noida,
VACC_0493,SAVINGS,2093,0.9,DEV_VIC_0493,78252,0,Kolkata,
VACC_0494,SAVINGS,2255,0.98,DEV_VIC_0494,30732,0,Bengaluru,
VACC_0495,SAVINGS,760,0.92,DEV_VIC_0495,52409,0,Noida,
VACC_0496,SAVINGS,814,0.96,DEV_VIC_0496,106602,0,Mumbai,
VACC_0497,SAVINGS,1673,0.99,DEV_VIC_0497,87535,0,Nellore,
VACC_0498,SAVINGS,2214,0.89,DEV_VIC_0498,150230,0,Nellore,
VACC_0499,SAVINGS,1598,0.93,DEV_VIC_0499,64457,0,Kolar,
VACC_0500,SAVINGS,383,0.98,DEV_VIC_0500,124330,0,Hyderabad,
