victim_id,victim_account_id,name,city,lat,long,fraud_type,amount_lost,complaint_timestamp
VIC_0001,VACC_0001,Aryan Maharaj,Kolar,13.120219,78.122206,Investment / Crypto Token Scam,690998,2026-06-24 05:13:00
VIC_0002,VACC_0002,Udant Dewan,Kochi,9.965741,76.266131,Electricity Bill Threat Scam,95999,2026-06-19 06:19:00
VIC_0003,VACC_0003,Gagan Sami,Nellore,14.456373,79.964576,Customer Care Search Hijack,349000,2026-07-10 05:25:00
VIC_0004,VACC_0004,Ayushman Chander,Noida,28.561689,77.376918,Customer Care Search Hijack,150000,2026-06-28 13:21:00
VIC_0005,VACC_0005,Viraj Tiwari,Mumbai,19.029781,72.913875,UPI Impersonation Fraud,100000,2026-06-09 06:24:00
VIC_0006,VACC_0006,Rushil Saini,Noida,28.516764,77.379063,KYC / SIM Block Extortion,40000,2026-06-28 19:22:00
VIC_0007,VACC_0007,Saumya Mall,Gurugram,28.437343,77.040103,UPI Impersonation Fraud,511996,2026-06-11 00:23:00
VIC_0008,VACC_0008,Nathaniel Sami,Kochi,9.896879,76.255953,Digital Arrest / CBI Impersonation,75999,2026-07-17 18:31:00
VIC_0009,VACC_0009,Arunima Dugal,Hyderabad,17.401978,78.484294,Part-time Telegram Job Scam,182000,2026-06-30 09:30:00
VIC_0010,VACC_0010,Gayathri Chaudry,Gurugram,28.469392,77.007902,Digital Arrest / CBI Impersonation,168497,2026-06-18 11:07:00
VIC_0011,VACC_0011,Lajita Chatterjee,Mumbai,19.069308,72.928298,Investment / Crypto Token Scam,298998,2026-07-17 10:45:00
VIC_0012,VACC_0012,Hemangini Lalla,Kolkata,22.564896,88.369542,Electricity Bill Threat Scam,202000,2026-07-20 05:54:00
VIC_0013,VACC_0013,Tripti Yadav,Noida,28.541528,77.417746,Part-time Telegram Job Scam,151999,2026-07-14 08:15:00
VIC_0014,VACC_0014,Kritika Brar,Jamtara,23.935122,86.816929,Electricity Bill Threat Scam,15999,2026-06-13 00:24:00
VIC_0015,VACC_0015,Janaki Handa,Bengaluru,12.974198,77.530534,Fake Loan App Fraud,212999,2026-06-06 02:29:00
VIC_0016,VACC_0016,Chakradev Kari,Kolkata,22.586858,88.352458,UPI Impersonation Fraud,172999,2026-06-14 18:10:00
VIC_0017,VACC_0017,Fariq Kaul,Mumbai,19.024547,72.842383,Electricity Bill Threat Scam,112999,2026-06-13 09:31:00
VIC_0018,VACC_0018,Lajita Mall,Chennai,13.093633,80.247257,UPI Impersonation Fraud,446499,2026-07-24 03:19:00
VIC_0019,VACC_0019,Janya Gaba,Nellore,14.463674,79.995374,Digital Arrest / CBI Impersonation,75999,2026-06-06 17:04:00
VIC_0020,VACC_0020,Isha Kadakia,Coimbatore,10.993917,76.935855,Customer Care Search Hijack,36999,2026-06-08 08:45:00
VIC_0021,VACC_0021,Ekbal Garg,Kochi,9.910019,76.282295,Customer Care Search Hijack,162500,2026-06-22 03:09:00
VIC_0022,VACC_0022,Nihal Shere,Kochi,9.890902,76.276198,KYC / SIM Block Extortion,428499,2026-06-18 09:10:00
VIC_0023,VACC_0023,Anamika Kanda,Noida,28.552514,77.394844,Electricity Bill Threat Scam,342999,2026-06-18 10:25:00
VIC_0024,VACC_0024,Daksh Karnik,Mewat,28.125353,77.003413,Customer Care Search Hijack,125999,2026-07-23 02:35:00
VIC_0025,VACC_0025,Diya Rattan,Bengaluru,12.973417,77.611719,Fake Loan App Fraud,356500,2026-07-11 20:07:00
VIC_0026,VACC_0026,Dominic Kakar,Kolkata,22.566294,88.339434,Part-time Telegram Job Scam,176499,2026-06-13 05:42:00
VIC_0027,VACC_0027,Simon Tata,Hyderabad,17.351376,78.507314,UPI Impersonation Fraud,521999,2026-07-18 22:05:00
VIC_0028,VACC_0028,Tara Dhar,Bengaluru,13.014446,77.657336,Customer Care Search Hijack,787998,2026-07-05 08:08:00
VIC_0029,VACC_0029,Liam Koshy,Kolkata,22.535866,88.401857,KYC / SIM Block Extortion,257500,2026-06-27 21:19:00
VIC_0030,VACC_0030,Priya Rastogi,Kochi,9.92543,76.264466,Fake Loan App Fraud,16000,2026-06-26 19:41:00
VIC_0031,VACC_0031,Theodore Devi,Kolkata,22.593083,88.375132,Fake Loan App Fraud,95000,2026-07-02 15:57:00
VIC_0032,VACC_0032,Gavin Batta,Kochi,9.917515,76.262254,Customer Care Search Hijack,102998,2026-07-18 08:17:00
VIC_0033,VACC_0033,Michael Dutta,Mumbai,19.069493,72.825233,Digital Arrest / CBI Impersonation,236999,2026-07-08 15:17:00
VIC_0034,VACC_0034,Devansh Rajan,Mumbai,19.084454,72.979021,Investment / Crypto Token Scam,227999,2026-06-14 10:50:00
VIC_0035,VACC_0035,Upadhriti Wadhwa,Nellore,14.453875,80.026224,Fake Loan App Fraud,405498,2026-07-19 07:06:00
VIC_0036,VACC_0036,Advay Contractor,Kolkata,22.569884,88.377524,KYC / SIM Block Extortion,203499,2026-07-10 13:52:00
VIC_0037,VACC_0037,Harini Choudhury,Mumbai,19.114523,72.882615,Fake Loan App Fraud,233499,2026-07-09 21:39:00
VIC_0038,VACC_0038,Radhika Dugar,Hyderabad,17.393689,78.486057,Fake Loan App Fraud,101499,2026-07-02 00:31:00
VIC_0039,VACC_0039,Aarush Lall,Kolkata,22.584514,88.38004,Investment / Crypto Token Scam,402999,2026-07-01 06:38:00
VIC_0040,VACC_0040,Yashica Cherian,Coimbatore,11.007657,76.955861,Part-time Telegram Job Scam,132999,2026-06-04 16:22:00
VIC_0041,VACC_0041,Yashica Issac,Mewat,28.118744,76.996013,Fake Loan App Fraud,568496,2026-06-08 23:04:00
VIC_0042,VACC_0042,Kashvi Edwin,Coimbatore,11.055326,76.95014,Part-time Telegram Job Scam,609497,2026-06-15 22:59:00
VIC_0043,VACC_0043,Ekiya Suresh,Noida,28.556555,77.396645,Customer Care Search Hijack,220500,2026-06-23 22:44:00
VIC_0044,VACC_0044,Isaac Patil,Kolkata,22.537725,88.401901,Fake Loan App Fraud,142498,2026-07-10 08:07:00
VIC_0045,VACC_0045,Wriddhish Bhardwaj,Coimbatore,11.020497,76.938462,Part-time Telegram Job Scam,121000,2026-06-19 12:55:00
VIC_0046,VACC_0046,Farhan Chada,Kochi,9.930606,76.281957,Part-time Telegram Job Scam,203500,2026-06-14 08:00:00
VIC_0047,VACC_0047,Ekapad Walia,Bengaluru,12.957911,77.576368,Customer Care Search Hijack,522496,2026-06-22 05:55:00
VIC_0048,VACC_0048,Kabir Soman,Kochi,9.922002,76.264207,Part-time Telegram Job Scam,61499,2026-07-13 15:15:00
VIC_0049,VACC_0049,Alka Wable,Gurugram,28.458297,77.00415,Electricity Bill Threat Scam,91999,2026-06-25 15:33:00
VIC_0050,VACC_0050,Siddharth Zacharia,Jamtara,23.975469,86.796537,Fake Loan App Fraud,288000,2026-06-29 15:48:00
VIC_0051,VACC_0051,Devika Rastogi,Nellore,14.456127,79.957424,KYC / SIM Block Extortion,389499,2026-07-06 18:05:00
VIC_0052,VACC_0052,Raksha Varughese,Kolar,13.126496,78.120058,Fake Loan App Fraud,186000,2026-07-19 23:36:00
VIC_0053,VACC_0053,Jai Kota,Nellore,14.440726,80.001326,Digital Arrest / CBI Impersonation,87998,2026-07-19 12:51:00
VIC_0054,VACC_0054,Devansh Nigam,Mumbai,19.117134,72.81353,KYC / SIM Block Extortion,151999,2026-06-18 12:55:00
VIC_0055,VACC_0055,Victor Kannan,Mumbai,19.070105,72.834163,Customer Care Search Hijack,507496,2026-07-20 18:03:00
VIC_0056,VACC_0056,Ekavir Bhargava,Jamtara,23.950176,86.806331,Fake Loan App Fraud,514497,2026-06-11 21:06:00
VIC_0057,VACC_0057,Ekansh Balay,Kolar,13.138648,78.139678,Investment / Crypto Token Scam,207998,2026-07-03 17:40:00
VIC_0058,VACC_0058,Ekavir Varkey,Mewat,28.123183,76.974016,Part-time Telegram Job Scam,312499,2026-06-05 03:37:00
VIC_0059,VACC_0059,Arya Sunder,Mewat,28.092245,76.978701,Fake Loan App Fraud,281000,2026-06-22 07:09:00
VIC_0060,VACC_0060,Kevin Solanki,Noida,28.523252,77.389623,Investment / Crypto Token Scam,197499,2026-06-16 18:16:00
VIC_0061,VACC_0061,Urvashi Ray,Gurugram,28.456506,77.012519,Investment / Crypto Token Scam,151999,2026-06-16 09:42:00
VIC_0062,VACC_0062,Girindra Chatterjee,Mumbai,19.134221,72.848959,Electricity Bill Threat Scam,536497,2026-06-09 12:24:00
VIC_0063,VACC_0063,Irya Sampath,Bengaluru,12.996078,77.538685,UPI Impersonation Fraud,101000,2026-07-22 23:49:00
VIC_0064,VACC_0064,Unni Bhagat,Jamtara,23.960035,86.80664,Fake Loan App Fraud,754498,2026-07-15 04:10:00
VIC_0065,VACC_0065,Darsh Rau,Kolkata,22.557372,88.357638,Electricity Bill Threat Scam,224999,2026-06-13 16:34:00
VIC_0066,VACC_0066,Ikbal Kothari,Nellore,14.448544,79.978495,Digital Arrest / CBI Impersonation,51500,2026-06-22 11:41:00
VIC_0067,VACC_0067,Ranveer Yadav,Jamtara,23.979392,86.809977,Investment / Crypto Token Scam,156500,2026-06-19 12:25:00
VIC_0068,VACC_0068,Logan Sami,Hyderabad,17.356382,78.516253,Fake Loan App Fraud,66000,2026-06-13 06:53:00
VIC_0069,VACC_0069,Arya Shere,Mewat,28.139692,76.997734,Investment / Crypto Token Scam,167999,2026-06-05 02:04:00
VIC_0070,VACC_0070,Faqid Savant,Chennai,13.088891,80.309922,Digital Arrest / CBI Impersonation,460995,2026-07-10 14:48:00
VIC_0071,VACC_0071,Chandresh Zachariah,Nellore,14.450782,79.972695,KYC / SIM Block Extortion,121499,2026-06-07 07:25:00
VIC_0072,VACC_0072,Girik Khalsa,Mumbai,19.079606,72.86941,KYC / SIM Block Extortion,197499,2026-06-13 18:36:00
VIC_0073,VACC_0073,Niharika Sunder,Kolkata,22.582721,88.375314,Customer Care Search Hijack,196500,2026-06-06 23:18:00
VIC_0074,VACC_0074,Tanay Rattan,Bengaluru,12.957031,77.600426,Fake Loan App Fraud,66000,2026-06-04 12:05:00
VIC_0075,VACC_0075,Nitesh Raghavan,Coimbatore,11.046047,76.942577,Electricity Bill Threat Scam,132499,2026-07-15 10:12:00
VIC_0076,VACC_0076,Madhavi Lanka,Hyderabad,17.379651,78.490125,Digital Arrest / CBI Impersonation,100500,2026-06-29 21:40:00
VIC_0077,VACC_0077,Bhavika Sampath,Chennai,13.086816,80.226055,KYC / SIM Block Extortion,330999,2026-06-22 10:22:00
VIC_0078,VACC_0078,Mohammed Gupta,Nellore,14.426516,79.9909,Digital Arrest / CBI Impersonation,339000,2026-06-05 01:27:00
VIC_0079,VACC_0079,Teerth Bhardwaj,Nellore,14.421202,80.001146,Customer Care Search Hijack,50500,2026-06-19 08:26:00
VIC_0080,VACC_0080,Dipta Bhandari,Mewat,28.099808,76.984145,KYC / SIM Block Extortion,211999,2026-06-16 02:50:00
VIC_0081,VACC_0081,Vansha Thakkar,Chennai,13.06011,80.252634,UPI Impersonation Fraud,177499,2026-06-16 19:36:00
VIC_0082,VACC_0082,Dakshesh Trivedi,Coimbatore,11.012327,76.955859,KYC / SIM Block Extortion,152999,2026-06-07 18:28:00
VIC_0083,VACC_0083,Quincy Biswas,Chennai,13.086851,80.282057,Customer Care Search Hijack,234499,2026-07-24 15:47:00
VIC_0084,VACC_0084,Wahab Raval,Mumbai,19.081919,72.910232,Part-time Telegram Job Scam,349498,2026-07-15 03:17:00
VIC_0085,VACC_0085,Yatin Baral,Bengaluru,12.96129,77.625933,Fake Loan App Fraud,476497,2026-07-11 02:38:00
VIC_0086,VACC_0086,Oni Virk,Nellore,14.441294,79.988592,Fake Loan App Fraud,499996,2026-07-18 02:21:00
VIC_0087,VACC_0087,Advika Jayaraman,Hyderabad,17.380158,78.422897,Digital Arrest / CBI Impersonation,437998,2026-06-07 17:56:00
VIC_0088,VACC_0088,William Lanka,Gurugram,28.456581,76.973611,Digital Arrest / CBI Impersonation,141000,2026-07-12 15:22:00
VIC_0089,VACC_0089,Karan Mital,Kolkata,22.580515,88.347789,Customer Care Search Hijack,213499,2026-07-06 17:19:00
VIC_0090,VACC_0090,Diya Bora,Jamtara,23.954546,86.793873,Investment / Crypto Token Scam,270498,2026-06-13 20:33:00
VIC_0091,VACC_0091,Tara Chaudhry,Gurugram,28.452012,76.998509,Investment / Crypto Token Scam,465496,2026-06-20 03:55:00
VIC_0092,VACC_0092,Tanay Toor,Nellore,14.42936,79.962563,Investment / Crypto Token Scam,46499,2026-06-10 05:21:00
VIC_0093,VACC_0093,Kevin Palla,Noida,28.540795,77.388295,Part-time Telegram Job Scam,1055997,2026-06-30 16:31:00
VIC_0094,VACC_0094,Yash Pingle,Coimbatore,10.991916,76.942034,Electricity Bill Threat Scam,20000,2026-07-25 10:52:00
VIC_0095,VACC_0095,Nakul Sarma,Nellore,14.421739,80.01966,Investment / Crypto Token Scam,410498,2026-06-12 19:33:00
VIC_0096,VACC_0096,Abhiram Mistry,Gurugram,28.479653,77.040765,Digital Arrest / CBI Impersonation,201000,2026-06-14 14:02:00
VIC_0097,VACC_0097,Krish Lalla,Mewat,28.121928,77.015328,UPI Impersonation Fraud,75500,2026-06-05 21:12:00
VIC_0098,VACC_0098,Hredhaan Dugal,Mumbai,19.100811,72.925898,Digital Arrest / CBI Impersonation,512496,2026-07-09 04:51:00
VIC_0099,VACC_0099,Baghyawati Kade,Coimbatore,11.029472,76.959348,Part-time Telegram Job Scam,223999,2026-06-27 03:42:00
VIC_0100,VACC_0100,Samar Lalla,Chennai,13.102444,80.264431,Fake Loan App Fraud,283498,2026-06-16 12:53:00
VIC_0101,VACC_0101,Zayan Behl,Mewat,28.114795,76.998776,KYC / SIM Block Extortion,130999,2026-07-10 06:52:00
VIC_0102,VACC_0102,Pallavi Malhotra,Bengaluru,13.006211,77.616386,Investment / Crypto Token Scam,707495,2026-06-27 09:27:00
VIC_0103,VACC_0103,Aarush Nath,Nellore,14.473123,79.989926,Digital Arrest / CBI Impersonation,258498,2026-06-13 22:58:00
VIC_0104,VACC_0104,Adweta Edwin,Hyderabad,17.344501,78.498361,Digital Arrest / CBI Impersonation,622499,2026-07-22 11:44:00
VIC_0105,VACC_0105,Prisha Andra,Kolkata,22.583071,88.377411,Customer Care Search Hijack,142999,2026-06-25 02:27:00
VIC_0106,VACC_0106,Faqid Dixit,Mewat,28.116785,77.008645,Fake Loan App Fraud,267998,2026-06-27 15:10:00
VIC_0107,VACC_0107,Kala Divan,Kolar,13.147889,78.107005,Investment / Crypto Token Scam,474998,2026-07-15 22:37:00
VIC_0108,VACC_0108,Joshua Barman,Jamtara,23.968393,86.791901,Customer Care Search Hijack,230000,2026-07-06 01:14:00
VIC_0109,VACC_0109,Janya Baral,Noida,28.511484,77.394736,UPI Impersonation Fraud,173000,2026-06-17 16:21:00
VIC_0110,VACC_0110,Shivansh Krish,Hyderabad,17.350424,78.521516,Fake Loan App Fraud,237998,2026-06-30 01:44:00
VIC_0111,VACC_0111,Irya Ray,Gurugram,28.445234,77.012626,Investment / Crypto Token Scam,217499,2026-06-22 16:10:00
VIC_0112,VACC_0112,Warjas Gaba,Mumbai,19.075439,72.874281,UPI Impersonation Fraud,546992,2026-07-17 05:07:00
VIC_0113,VACC_0113,Nitara Bakshi,Nellore,14.442413,79.988491,UPI Impersonation Fraud,62000,2026-07-08 03:05:00
VIC_0114,VACC_0114,Gaurangi Sabharwal,Chennai,13.110448,80.273529,Customer Care Search Hijack,327999,2026-06-05 17:50:00
VIC_0115,VACC_0115,Amara Dutta,Noida,28.540746,77.397845,UPI Impersonation Fraud,15500,2026-07-13 05:21:00
VIC_0116,VACC_0116,Lavanya Barad,Coimbatore,10.998597,76.977664,Customer Care Search Hijack,106499,2026-07-02 12:12:00
VIC_0117,VACC_0117,Tristan Iyengar,Jamtara,23.929235,86.787386,Fake Loan App Fraud,117000,2026-06-19 17:10:00
VIC_0118,VACC_0118,Inaya Mody,Kochi,9.932314,76.27806,Investment / Crypto Token Scam,190500,2026-06-16 14:27:00
VIC_0119,VACC_0119,Udant Bajwa,Mewat,28.093119,76.983464,Investment / Crypto Token Scam,20000,2026-07-06 12:47:00
VIC_0120,VACC_0120,Mohini Narasimhan,Chennai,13.112804,80.240844,Fake Loan App Fraud,442499,2026-06-11 18:28:00
VIC_0121,VACC_0121,Ekaraj Mallick,Bengaluru,12.930407,77.614789,Digital Arrest / CBI Impersonation,350498,2026-06-21 05:49:00
VIC_0122,VACC_0122,Yashodhara Ratta,Bengaluru,12.925629,77.589704,Part-time Telegram Job Scam,187000,2026-07-06 18:45:00
VIC_0123,VACC_0123,Ayaan D’Alia,Mumbai,19.146188,72.867679,Part-time Telegram Job Scam,384999,2026-07-06 01:37:00
VIC_0124,VACC_0124,Pranav Lanka,Jamtara,23.952151,86.812482,Investment / Crypto Token Scam,510496,2026-07-16 06:03:00
VIC_0125,VACC_0125,Ikbal Saraf,Coimbatore,11.011125,76.937173,Digital Arrest / CBI Impersonation,367999,2026-06-30 07:23:00
VIC_0126,VACC_0126,Dipta Sarin,Noida,28.525973,77.365806,Part-time Telegram Job Scam,370499,2026-06-25 07:48:00
VIC_0127,VACC_0127,Lekha Gupta,Kolar,13.139621,78.136254,Digital Arrest / CBI Impersonation,514496,2026-07-15 03:03:00
VIC_0128,VACC_0128,Chaitanya Sarin,Jamtara,23.960075,86.804323,Investment / Crypto Token Scam,176498,2026-07-11 15:52:00
VIC_0129,VACC_0129,Zinal Yohannan,Noida,28.488706,77.35878,Digital Arrest / CBI Impersonation,967497,2026-06-23 08:57:00
VIC_0130,VACC_0130,Januja Sankar,Hyderabad,17.360469,78.496781,Investment / Crypto Token Scam,434495,2026-06-09 20:32:00
VIC_0131,VACC_0131,Ganga Murthy,Kolkata,22.563798,88.344553,Investment / Crypto Token Scam,153497,2026-06-11 05:30:00
VIC_0132,VACC_0132,Charita Tripathi,Coimbatore,11.017233,76.967105,Digital Arrest / CBI Impersonation,15999,2026-06-05 14:08:00
VIC_0133,VACC_0133,Nilima Narain,Bengaluru,13.01198,77.608721,Customer Care Search Hijack,10999,2026-07-16 02:28:00
VIC_0134,VACC_0134,Chakrika Datta,Kolkata,22.592579,88.350825,UPI Impersonation Fraud,218499,2026-06-25 03:38:00
VIC_0135,VACC_0135,Osha Raghavan,Kolkata,22.568508,88.372554,KYC / SIM Block Extortion,16000,2026-06-16 01:43:00
VIC_0136,VACC_0136,Charvi Ravi,Kochi,9.944253,76.274427,Digital Arrest / CBI Impersonation,46999,2026-06-25 03:33:00
VIC_0137,VACC_0137,Daksha Mangat,Noida,28.574359,77.389968,Customer Care Search Hijack,348000,2026-07-24 00:26:00
VIC_0138,VACC_0138,Qushi Nagy,Coimbatore,11.001362,76.925971,Electricity Bill Threat Scam,484499,2026-06-08 10:37:00
VIC_0139,VACC_0139,Riya Sathe,Jamtara,23.964117,86.816229,Investment / Crypto Token Scam,10000,2026-06-17 06:07:00
VIC_0140,VACC_0140,Yasti Solanki,Coimbatore,11.024603,76.938374,Digital Arrest / CBI Impersonation,222499,2026-07-19 09:08:00
VIC_0141,VACC_0141,Frado Mander,Mumbai,19.118072,72.849996,Electricity Bill Threat Scam,56500,2026-07-03 09:09:00
VIC_0142,VACC_0142,Girik Keer,Mewat,28.110265,76.997783,Customer Care Search Hijack,182000,2026-06-15 23:05:00
VIC_0143,VACC_0143,Umang Issac,Kolar,13.145478,78.139526,Investment / Crypto Token Scam,616500,2026-07-14 11:08:00
VIC_0144,VACC_0144,Aryan Batra,Mewat,28.128303,76.975388,KYC / SIM Block Extortion,529497,2026-06-29 00:54:00
VIC_0145,VACC_0145,Vaishnavi Bora,Hyderabad,17.401776,78.488335,UPI Impersonation Fraud,131999,2026-07-16 07:29:00
VIC_0146,VACC_0146,Oeshi Hayer,Bengaluru,13.025217,77.646439,Customer Care Search Hijack,261499,2026-06-22 18:07:00
VIC_0147,VACC_0147,Warda Ratta,Gurugram,28.4581,77.042989,KYC / SIM Block Extortion,517997,2026-07-06 13:37:00
VIC_0148,VACC_0148,Manbir Ahluwalia,Kochi,9.913635,76.277266,UPI Impersonation Fraud,95000,2026-07-10 04:09:00
VIC_0149,VACC_0149,Pavani Kanda,Chennai,13.098982,80.302122,Digital Arrest / CBI Impersonation,590497,2026-06-09 01:20:00
VIC_0150,VACC_0150,Zarna Shetty,Nellore,14.447747,79.995561,Investment / Crypto Token Scam,593995,2026-06-13 17:41:00
VIC_0151,VACC_0151,Zaid Dara,Kochi,9.963238,76.300216,Investment / Crypto Token Scam,95000,2026-06-25 20:54:00
VIC_0152,VACC_0152,Kiaan Shetty,Nellore,14.415389,79.988959,Part-time Telegram Job Scam,509499,2026-07-05 19:12:00
VIC_0153,VACC_0153,Saanvi Thaman,Nellore,14.456536,79.939581,Investment / Crypto Token Scam,272500,2026-07-22 11:00:00
VIC_0154,VACC_0154,Sanaya Dutt,Hyderabad,17.379588,78.469219,Customer Care Search Hijack,10000,2026-07-10 15:34:00
VIC_0155,VACC_0155,Shivani Lad,Gurugram,28.469482,77.067498,Electricity Bill Threat Scam,306999,2026-07-18 01:33:00
VIC_0156,VACC_0156,Aradhana Verma,Mewat,28.100242,76.967465,Investment / Crypto Token Scam,50000,2026-06-30 17:41:00
VIC_0157,VACC_0157,William Maharaj,Mumbai,19.053121,72.879886,Fake Loan App Fraud,15999,2026-07-07 04:36:00
VIC_0158,VACC_0158,Faras Mangal,Chennai,13.066309,80.256661,Part-time Telegram Job Scam,126499,2026-06-19 10:55:00
VIC_0159,VACC_0159,Anita Nayak,Nellore,14.44375,80.003854,UPI Impersonation Fraud,31000,2026-07-09 16:42:00
VIC_0160,VACC_0160,Faris Devi,Hyderabad,17.368457,78.472296,UPI Impersonation Fraud,594496,2026-06-13 17:51:00
VIC_0161,VACC_0161,Vihaan Rajagopal,Nellore,14.46051,79.995648,Fake Loan App Fraud,20999,2026-07-20 17:10:00
VIC_0162,VACC_0162,Tanish Bhatt,Kolkata,22.549262,88.358943,Part-time Telegram Job Scam,167500,2026-06-24 23:40:00
VIC_0163,VACC_0163,Nikita Narayanan,Kochi,9.936209,76.269809,Digital Arrest / CBI Impersonation,445000,2026-06-08 08:29:00
VIC_0164,VACC_0164,Ojasvi Bhatia,Kolkata,22.539138,88.328194,Electricity Bill Threat Scam,126998,2026-06-16 21:53:00
VIC_0165,VACC_0165,Osha Ramachandran,Noida,28.510417,77.381863,Electricity Bill Threat Scam,314497,2026-07-04 07:24:00
VIC_0166,VACC_0166,Lajita Sood,Kolar,13.140906,78.157863,UPI Impersonation Fraud,664494,2026-07-02 18:55:00
VIC_0167,VACC_0167,Indira Misra,Coimbatore,11.005372,76.990817,KYC / SIM Block Extortion,189496,2026-06-21 00:23:00
VIC_0168,VACC_0168,Oni Yohannan,Mumbai,19.038985,72.880656,UPI Impersonation Fraud,312997,2026-06-25 21:22:00
VIC_0169,VACC_0169,Vinaya Kanda,Noida,28.531491,77.376056,UPI Impersonation Fraud,728495,2026-07-13 05:23:00
VIC_0170,VACC_0170,Rajata Sunder,Coimbatore,10.999873,76.958916,Investment / Crypto Token Scam,466996,2026-07-09 12:06:00
VIC_0171,VACC_0171,Lopa Nayar,Nellore,14.430918,79.996626,Electricity Bill Threat Scam,261999,2026-06-20 09:59:00
VIC_0172,VACC_0172,Noah Sibal,Hyderabad,17.371984,78.487469,UPI Impersonation Fraud,419000,2026-07-19 05:23:00
VIC_0173,VACC_0173,Avi Ramesh,Jamtara,23.958434,86.840214,Customer Care Search Hijack,257999,2026-07-10 12:13:00
VIC_0174,VACC_0174,Fiyaz Sangha,Noida,28.535487,77.359471,UPI Impersonation Fraud,244497,2026-06-14 05:25:00
VIC_0175,VACC_0175,Triya Gopal,Noida,28.503445,77.371304,Customer Care Search Hijack,611996,2026-07-12 16:44:00
VIC_0176,VACC_0176,Abha Raghavan,Kochi,9.943878,76.269044,Investment / Crypto Token Scam,370498,2026-07-02 17:27:00
VIC_0177,VACC_0177,Siddharth Sha,Chennai,13.076825,80.274186,UPI Impersonation Fraud,465497,2026-06-07 17:40:00
VIC_0178,VACC_0178,Geetika Raghavan,Kochi,9.918906,76.255978,KYC / SIM Block Extortion,177499,2026-07-06 23:26:00
VIC_0179,VACC_0179,Oviya Krishnan,Hyderabad,17.393141,78.456332,Digital Arrest / CBI Impersonation,187998,2026-06-16 13:01:00
VIC_0180,VACC_0180,Upma Bahl,Nellore,14.431702,80.006226,UPI Impersonation Fraud,112500,2026-07-06 08:38:00
VIC_0181,VACC_0181,Inaya Kapur,Mumbai,19.072704,72.85756,Electricity Bill Threat Scam,606998,2026-07-13 08:08:00
VIC_0182,VACC_0182,Banjeet Balasubramanian,Coimbatore,11.013433,76.950957,Electricity Bill Threat Scam,531997,2026-07-03 20:38:00
VIC_0183,VACC_0183,Ryan Bahri,Coimbatore,11.034381,76.975216,Fake Loan App Fraud,193499,2026-07-05 00:15:00
VIC_0184,VACC_0184,William Date,Jamtara,23.95567,86.798526,Customer Care Search Hijack,228498,2026-07-04 13:00:00
VIC_0185,VACC_0185,Ishwar Kamdar,Mumbai,19.079314,72.898431,Electricity Bill Threat Scam,75500,2026-06-12 13:19:00
VIC_0186,VACC_0186,Aahana Pillay,Kochi,9.929691,76.301001,KYC / SIM Block Extortion,248499,2026-06-27 23:52:00
VIC_0187,VACC_0187,Ishwar Gade,Kolkata,22.525468,88.38366,Investment / Crypto Token Scam,204500,2026-06-03 14:04:00
VIC_0188,VACC_0188,Hritik Bal,Coimbatore,11.006479,76.987292,Digital Arrest / CBI Impersonation,340997,2026-07-17 14:36:00
VIC_0189,VACC_0189,Keya Ranganathan,Nellore,14.422685,79.948415,Electricity Bill Threat Scam,212500,2026-07-04 13:52:00
VIC_0190,VACC_0190,Faqid Kibe,Nellore,14.415195,80.003617,Customer Care Search Hijack,395496,2026-06-30 11:33:00
VIC_0191,VACC_0191,Charvi Dara,Hyderabad,17.3849,78.491539,UPI Impersonation Fraud,254497,2026-07-10 06:12:00
VIC_0192,VACC_0192,Idika Walia,Kolar,13.112073,78.133045,Digital Arrest / CBI Impersonation,143999,2026-07-09 10:50:00
VIC_0193,VACC_0193,Kamala Biswas,Jamtara,23.985164,86.800537,Investment / Crypto Token Scam,51500,2026-06-21 16:21:00
VIC_0194,VACC_0194,Advik Salvi,Nellore,14.444734,79.965128,UPI Impersonation Fraud,65000,2026-07-21 23:59:00
VIC_0195,VACC_0195,Hitesh Sant,Hyderabad,17.353274,78.475694,Customer Care Search Hijack,278497,2026-06-23 01:10:00
VIC_0196,VACC_0196,Tripti Dua,Gurugram,28.425046,77.010843,KYC / SIM Block Extortion,367498,2026-07-04 23:23:00
VIC_0197,VACC_0197,Patrick Vig,Chennai,13.02875,80.268195,UPI Impersonation Fraud,146999,2026-07-09 08:36:00
VIC_0198,VACC_0198,Veda Shroff,Mewat,28.134856,77.005672,Fake Loan App Fraud,137499,2026-07-05 17:57:00
VIC_0199,VACC_0199,Amrita Naidu,Coimbatore,11.002383,76.978741,Fake Loan App Fraud,303998,2026-06-09 19:47:00
VIC_0200,VACC_0200,Gabriel Mallick,Mewat,28.12035,77.026558,Digital Arrest / CBI Impersonation,428997,2026-06-21 19:54:00
VIC_0201,VACC_0201,Yagnesh Shetty,Coimbatore,11.044178,76.930271,Part-time Telegram Job Scam,191999,2026-06-24 17:49:00
VIC_0202,VACC_0202,Gayathri Balakrishnan,Kolar,13.133941,78.143189,Part-time Telegram Job Scam,15500,2026-06-06 01:50:00
VIC_0203,VACC_0203,Ekta Gopal,Kolkata,22.58762,88.358833,Electricity Bill Threat Scam,56000,2026-06-26 13:29:00
VIC_0204,VACC_0204,Simon Pant,Kolkata,22.585181,88.332951,KYC / SIM Block Extortion,182500,2026-06-14 02:25:00
VIC_0205,VACC_0205,Harini Mammen,Nellore,14.449776,79.984711,Fake Loan App Fraud,834997,2026-06-18 13:40:00
VIC_0206,VACC_0206,Advaith Varughese,Noida,28.541819,77.394625,Customer Care Search Hijack,485499,2026-07-24 00:44:00
VIC_0207,VACC_0207,Frederick Khurana,Gurugram,28.437446,77.040168,KYC / SIM Block Extortion,780994,2026-07-02 21:07:00
VIC_0208,VACC_0208,Vrinda Khosla,Kochi,9.929569,76.272573,Digital Arrest / CBI Impersonation,65500,2026-06-25 23:23:00
VIC_0209,VACC_0209,Vritti Sem,Mumbai,19.091612,72.878319,UPI Impersonation Fraud,51000,2026-06-06 23:12:00
VIC_0210,VACC_0210,Girik Menon,Kolkata,22.5757,88.362911,Part-time Telegram Job Scam,50000,2026-07-12 17:44:00
VIC_0211,VACC_0211,Nidhi Kohli,Coimbatore,11.014281,76.952221,Electricity Bill Threat Scam,121998,2026-06-08 08:34:00
VIC_0212,VACC_0212,Jyoti Solanki,Kolar,13.137596,78.137071,Customer Care Search Hijack,234000,2026-06-07 19:34:00
VIC_0213,VACC_0213,Pavani Narayanan,Mewat,28.066543,77.016763,Investment / Crypto Token Scam,116500,2026-07-13 18:12:00
VIC_0214,VACC_0214,Sudiksha Madan,Coimbatore,11.03698,76.92535,KYC / SIM Block Extortion,485998,2026-07-07 11:24:00
VIC_0215,VACC_0215,Zayan Kashyap,Noida,28.54427,77.391084,KYC / SIM Block Extortion,220497,2026-07-01 15:23:00
VIC_0216,VACC_0216,Reyansh Mutti,Hyderabad,17.303138,78.492685,Electricity Bill Threat Scam,137999,2026-06-22 12:08:00
VIC_0217,VACC_0217,Qasim Handa,Noida,28.522374,77.390226,Investment / Crypto Token Scam,588999,2026-07-14 04:48:00
VIC_0218,VACC_0218,Veda Malhotra,Nellore,14.483591,79.993371,Fake Loan App Fraud,112997,2026-06-10 19:29:00
VIC_0219,VACC_0219,Harish Hari,Chennai,13.068324,80.258486,Investment / Crypto Token Scam,197997,2026-06-21 21:28:00
VIC_0220,VACC_0220,Utkarsh Patel,Coimbatore,11.042663,76.994461,UPI Impersonation Fraud,194000,2026-06-13 14:10:00
VIC_0221,VACC_0221,Chasmum Atwal,Kochi,9.91471,76.267342,Digital Arrest / CBI Impersonation,598495,2026-06-28 06:04:00
VIC_0222,VACC_0222,Anusha Bath,Gurugram,28.455206,77.050999,Investment / Crypto Token Scam,15000,2026-06-16 19:09:00
VIC_0223,VACC_0223,Brinda Date,Jamtara,23.972105,86.800643,Part-time Telegram Job Scam,91999,2026-06-17 19:32:00
VIC_0224,VACC_0224,Harshil Arora,Noida,28.543297,77.366026,Electricity Bill Threat Scam,75999,2026-06-05 04:51:00
VIC_0225,VACC_0225,Upasna Srinivas,Chennai,13.104095,80.237409,Fake Loan App Fraud,172498,2026-07-03 15:40:00
VIC_0226,VACC_0226,Harini Gour,Gurugram,28.449882,77.069146,Part-time Telegram Job Scam,20999,2026-06-18 17:59:00
VIC_0227,VACC_0227,Zayyan Sridhar,Jamtara,23.937894,86.798256,Investment / Crypto Token Scam,295999,2026-06-04 23:41:00
VIC_0228,VACC_0228,Dhruv Rattan,Mumbai,19.081771,72.901624,Customer Care Search Hijack,258498,2026-06-28 09:25:00
VIC_0229,VACC_0229,Ethan Bera,Kolkata,22.53311,88.381954,KYC / SIM Block Extortion,387999,2026-06-18 12:23:00
VIC_0230,VACC_0230,Manthan Modi,Gurugram,28.432735,77.051271,Part-time Telegram Job Scam,113000,2026-06-29 14:59:00
VIC_0231,VACC_0231,Yuvraj Dani,Jamtara,23.966304,86.806519,Digital Arrest / CBI Impersonation,813496,2026-06-18 07:57:00
VIC_0232,VACC_0232,Upkaar Virk,Hyderabad,17.357693,78.497843,Fake Loan App Fraud,293498,2026-07-17 05:07:00
VIC_0233,VACC_0233,Shravya Savant,Bengaluru,12.948672,77.547101,UPI Impersonation Fraud,142998,2026-07-21 11:25:00
VIC_0234,VACC_0234,Pushti Mody,Chennai,13.091634,80.254501,UPI Impersonation Fraud,694497,2026-07-23 16:29:00
VIC_0235,VACC_0235,Hardik Johal,Nellore,14.425826,79.983417,Investment / Crypto Token Scam,136000,2026-07-13 23:21:00
VIC_0236,VACC_0236,Aishani Bumb,Nellore,14.4105,79.994878,Fake Loan App Fraud,50500,2026-07-15 14:52:00
VIC_0237,VACC_0237,Wriddhish Ghose,Kolar,13.135846,78.107353,KYC / SIM Block Extortion,321000,2026-06-05 14:12:00
VIC_0238,VACC_0238,Naksh Agate,Nellore,14.473624,79.997753,KYC / SIM Block Extortion,58497,2026-07-17 01:37:00
VIC_0239,VACC_0239,Shravya Singhal,Kolkata,22.503159,88.385821,Part-time Telegram Job Scam,480994,2026-07-15 01:36:00
VIC_0240,VACC_0240,Bachittar Kata,Nellore,14.414627,79.991141,Part-time Telegram Job Scam,211496,2026-06-17 03:22:00
VIC_0241,VACC_0241,Barkha Setty,Noida,28.579725,77.415917,Digital Arrest / CBI Impersonation,216500,2026-07-06 18:37:00
VIC_0242,VACC_0242,Vivaan Lalla,Mumbai,19.060311,72.843133,KYC / SIM Block Extortion,111998,2026-07-23 09:12:00
VIC_0243,VACC_0243,Pavani Contractor,Nellore,14.441065,79.987097,Electricity Bill Threat Scam,91000,2026-06-22 20:01:00
VIC_0244,VACC_0244,Manthan Lata,Nellore,14.464733,79.98449,Investment / Crypto Token Scam,468495,2026-07-12 01:21:00
VIC_0245,VACC_0245,Ekbal Bhasin,Jamtara,23.966223,86.814416,Fake Loan App Fraud,40999,2026-07-15 04:32:00
VIC_0246,VACC_0246,Damyanti Mani,Gurugram,28.437389,77.030836,Customer Care Search Hijack,334998,2026-06-24 19:57:00
VIC_0247,VACC_0247,Jeet Sidhu,Gurugram,28.460179,77.028787,UPI Impersonation Fraud,56000,2026-06-13 21:05:00
VIC_0248,VACC_0248,Neha Magar,Gurugram,28.450316,77.024932,Fake Loan App Fraud,167999,2026-07-03 07:53:00
VIC_0249,VACC_0249,Raksha Buch,Jamtara,23.951804,86.811133,Electricity Bill Threat Scam,136500,2026-06-04 22:24:00
VIC_0250,VACC_0250,Rachana Naidu,Mumbai,19.111288,72.870803,Customer Care Search Hijack,244497,2026-06-26 09:12:00
VIC_0251,VACC_0251,Atharv Chand,Hyderabad,17.341474,78.46387,Fake Loan App Fraud,196999,2026-06-29 13:52:00
VIC_0252,VACC_0252,Ansh Luthra,Mewat,28.110501,76.980794,Digital Arrest / CBI Impersonation,106500,2026-06-27 18:56:00
VIC_0253,VACC_0253,Parth Singhal,Gurugram,28.456552,77.011439,Part-time Telegram Job Scam,415996,2026-07-12 17:51:00
VIC_0254,VACC_0254,Arunima Golla,Noida,28.530037,77.406887,UPI Impersonation Fraud,272500,2026-07-05 14:47:00
VIC_0255,VACC_0255,Vyanjana Chand,Noida,28.500714,77.402805,KYC / SIM Block Extortion,370498,2026-07-21 14:46:00
VIC_0256,VACC_0256,Ijaya Rege,Mumbai,19.120241,72.889901,Part-time Telegram Job Scam,423998,2026-07-07 09:50:00
VIC_0257,VACC_0257,Ekani Cheema,Mewat,28.12003,77.001785,KYC / SIM Block Extortion,96000,2026-06-16 16:13:00
VIC_0258,VACC_0258,Forum Sabharwal,Kolkata,22.601128,88.390832,Investment / Crypto Token Scam,441496,2026-07-18 11:21:00
VIC_0259,VACC_0259,Bhavya Rattan,Kolar,13.134057,78.13224,Customer Care Search Hijack,156499,2026-06-17 13:46:00
VIC_0260,VACC_0260,Suhani Chakrabarti,Mewat,28.076842,76.995403,Customer Care Search Hijack,200999,2026-06-19 10:02:00
VIC_0261,VACC_0261,Zayyan Naik,Noida,28.542711,77.415069,Part-time Telegram Job Scam,35999,2026-06-17 07:03:00
VIC_0262,VACC_0262,Netra Varkey,Kochi,9.941883,76.254224,Fake Loan App Fraud,495497,2026-06-17 15:56:00
VIC_0263,VACC_0263,Turvi Sachdev,Kolkata,22.607201,88.391707,Part-time Telegram Job Scam,10999,2026-06-19 00:20:00
VIC_0264,VACC_0264,Raghav Vasa,Bengaluru,12.990424,77.606681,Customer Care Search Hijack,410499,2026-06-19 00:31:00
VIC_0265,VACC_0265,Wishi Sathe,Bengaluru,12.965217,77.601094,Customer Care Search Hijack,201000,2026-07-04 08:29:00
VIC_0266,VACC_0266,Samar Loke,Gurugram,28.487433,77.081354,Part-time Telegram Job Scam,291497,2026-06-18 17:56:00
VIC_0267,VACC_0267,Bhavna Sarma,Coimbatore,11.007741,76.986872,Digital Arrest / CBI Impersonation,188498,2026-07-08 01:52:00
VIC_0268,VACC_0268,Jairaj Balakrishnan,Bengaluru,12.98187,77.583367,Digital Arrest / CBI Impersonation,571997,2026-06-29 15:47:00
VIC_0269,VACC_0269,Nathan Mukhopadhyay,Mewat,28.120239,76.98403,Fake Loan App Fraud,372495,2026-06-07 21:57:00
VIC_0270,VACC_0270,Nikita Chander,Coimbatore,11.033086,76.957317,UPI Impersonation Fraud,471497,2026-07-16 02:45:00
VIC_0271,VACC_0271,Ishaan Shenoy,Kolkata,22.552932,88.344528,Fake Loan App Fraud,219498,2026-06-23 12:45:00
VIC_0272,VACC_0272,Mitesh Tara,Coimbatore,11.03274,76.961112,Customer Care Search Hijack,559998,2026-07-02 17:52:00
VIC_0273,VACC_0273,Yashodhara Mahajan,Coimbatore,10.998999,76.954995,Investment / Crypto Token Scam,339997,2026-07-23 01:33:00
VIC_0274,VACC_0274,Vasudha Sodhi,Coimbatore,11.013457,76.960385,Fake Loan App Fraud,339997,2026-07-25 04:00:00
VIC_0275,VACC_0275,Tanmayi Dhillon,Hyderabad,17.379171,78.468038,Part-time Telegram Job Scam,160997,2026-06-15 12:36:00
VIC_0276,VACC_0276,Rayaan Trivedi,Jamtara,23.959084,86.798567,Part-time Telegram Job Scam,331500,2026-06-23 12:30:00
VIC_0277,VACC_0277,Ekaraj Majumdar,Coimbatore,11.040704,76.960532,Digital Arrest / CBI Impersonation,399498,2026-07-23 16:14:00
VIC_0278,VACC_0278,Harini Tripathi,Coimbatore,11.029694,76.936734,KYC / SIM Block Extortion,444497,2026-06-26 05:54:00
VIC_0279,VACC_0279,Aarnav Mandal,Hyderabad,17.376411,78.428636,Investment / Crypto Token Scam,254499,2026-07-06 23:00:00
VIC_0280,VACC_0280,Vrishti Dixit,Gurugram,28.472181,77.042184,Digital Arrest / CBI Impersonation,695996,2026-06-22 07:34:00
VIC_0281,VACC_0281,Veda Pai,Chennai,13.064357,80.30067,Digital Arrest / CBI Impersonation,96000,2026-07-19 07:54:00
VIC_0282,VACC_0282,Krishna Shah,Chennai,13.084926,80.278557,Investment / Crypto Token Scam,91000,2026-06-09 19:29:00
VIC_0283,VACC_0283,Ranbir Khare,Coimbatore,11.009714,76.973358,UPI Impersonation Fraud,399498,2026-06-20 21:48:00
VIC_0284,VACC_0284,Vivaan Roy,Kochi,9.906556,76.312421,Customer Care Search Hijack,492498,2026-07-06 01:56:00
VIC_0285,VACC_0285,Eesha Solanki,Noida,28.539795,77.403881,Part-time Telegram Job Scam,96000,2026-07-13 10:47:00
VIC_0286,VACC_0286,Libni Doshi,Chennai,13.062752,80.280735,Electricity Bill Threat Scam,86999,2026-06-05 16:12:00
VIC_0287,VACC_0287,Balhaar Date,Jamtara,23.953784,86.807112,Part-time Telegram Job Scam,100000,2026-06-27 12:10:00
VIC_0288,VACC_0288,Harish Sarraf,Mumbai,19.064085,72.873941,UPI Impersonation Fraud,435499,2026-07-11 20:01:00
VIC_0289,VACC_0289,Tanmayi Aurora,Kolar,13.149885,78.136747,Fake Loan App Fraud,621999,2026-07-08 07:40:00
VIC_0290,VACC_0290,Nimrat Dubey,Kolkata,22.547016,88.380825,KYC / SIM Block Extortion,228998,2026-06-07 09:22:00
VIC_0291,VACC_0291,Upasna Lanka,Mewat,28.101143,76.99033,Digital Arrest / CBI Impersonation,333498,2026-06-05 01:38:00
VIC_0292,VACC_0292,Mitali Buch,Gurugram,28.470716,77.004686,Fake Loan App Fraud,141500,2026-06-28 20:33:00
VIC_0293,VACC_0293,Lajita Nadig,Mumbai,19.099204,72.893428,Digital Arrest / CBI Impersonation,106999,2026-07-10 10:45:00
VIC_0294,VACC_0294,Balendra Biswas,Jamtara,23.982342,86.782082,UPI Impersonation Fraud,26000,2026-07-12 19:30:00
VIC_0295,VACC_0295,Bhavna Karan,Mewat,28.104313,76.980918,Digital Arrest / CBI Impersonation,313498,2026-07-14 09:21:00
VIC_0296,VACC_0296,Radha Chaudhari,Nellore,14.454451,80.006548,Part-time Telegram Job Scam,62000,2026-07-01 21:36:00
VIC_0297,VACC_0297,Sachi Ganesan,Gurugram,28.477772,77.044026,Electricity Bill Threat Scam,121000,2026-06-14 20:51:00
VIC_0298,VACC_0298,Ayush Batra,Mumbai,19.100243,72.889622,Electricity Bill Threat Scam,675997,2026-07-19 10:14:00
VIC_0299,VACC_0299,Daksh Memon,Chennai,13.096243,80.325727,Electricity Bill Threat Scam,121500,2026-06-05 09:40:00
VIC_0300,VACC_0300,Kavya Sankar,Noida,28.535324,77.396623,KYC / SIM Block Extortion,76000,2026-06-27 10:37:00
VIC_0301,VACC_0301,Yash Wali,Bengaluru,12.945211,77.546041,UPI Impersonation Fraud,75999,2026-07-17 23:46:00
VIC_0302,VACC_0302,Pranit Garde,Chennai,13.077892,80.266607,Digital Arrest / CBI Impersonation,684995,2026-06-16 08:53:00
VIC_0303,VACC_0303,Farhan Raja,Jamtara,23.956922,86.789242,Part-time Telegram Job Scam,10999,2026-07-09 08:40:00
VIC_0304,VACC_0304,Widisha Dhar,Mumbai,19.090068,72.887276,Digital Arrest / CBI Impersonation,237999,2026-07-05 07:17:00
VIC_0305,VACC_0305,Triya Kumar,Mumbai,19.052891,72.850366,Electricity Bill Threat Scam,47499,2026-06-16 16:00:00
VIC_0306,VACC_0306,Aadhya Andra,Kolkata,22.581026,88.31619,Fake Loan App Fraud,153498,2026-07-13 10:27:00
VIC_0307,VACC_0307,Bhavna Dugar,Mewat,28.123039,76.971802,Fake Loan App Fraud,111500,2026-06-12 12:42:00
VIC_0308,VACC_0308,Riya Pai,Nellore,14.434635,80.009836,KYC / SIM Block Extortion,773496,2026-07-17 02:18:00
VIC_0309,VACC_0309,Panini Krishna,Jamtara,23.958535,86.823123,Digital Arrest / CBI Impersonation,244498,2026-06-08 11:54:00
VIC_0310,VACC_0310,Chasmum Issac,Kochi,9.944358,76.290443,Digital Arrest / CBI Impersonation,248499,2026-06-29 17:52:00
VIC_0311,VACC_0311,Vasudha Chhabra,Mumbai,19.095326,72.913204,Part-time Telegram Job Scam,161499,2026-06-18 14:43:00
VIC_0312,VACC_0312,Lakshmi Parmer,Chennai,13.101697,80.286544,UPI Impersonation Fraud,198497,2026-07-05 21:57:00
VIC_0313,VACC_0313,Chakrika Bains,Hyderabad,17.339707,78.481,Part-time Telegram Job Scam,145500,2026-07-12 22:45:00
VIC_0314,VACC_0314,Anvi Anand,Coimbatore,11.031666,76.946883,Customer Care Search Hijack,111500,2026-06-29 20:22:00
VIC_0315,VACC_0315,Watika Mangat,Hyderabad,17.3739,78.505149,Digital Arrest / CBI Impersonation,86998,2026-06-05 09:22:00
VIC_0316,VACC_0316,Indira Kanda,Mewat,28.100878,77.027553,Fake Loan App Fraud,408995,2026-07-15 08:16:00
VIC_0317,VACC_0317,Zashil Devan,Noida,28.556358,77.376965,KYC / SIM Block Extortion,304998,2026-06-14 02:23:00
VIC_0318,VACC_0318,Balveer More,Jamtara,23.95819,86.801312,Customer Care Search Hijack,415998,2026-06-05 19:27:00
VIC_0319,VACC_0319,Bahadurjit Patla,Mewat,28.072155,76.985656,Investment / Crypto Token Scam,651996,2026-06-21 09:03:00
VIC_0320,VACC_0320,Gautam Merchant,Gurugram,28.48502,76.996373,Part-time Telegram Job Scam,386996,2026-06-15 02:21:00
VIC_0321,VACC_0321,Ojasvi Gill,Mewat,28.098446,76.990665,Investment / Crypto Token Scam,151998,2026-07-14 09:52:00
VIC_0322,VACC_0322,Kevin Zacharia,Kochi,9.916927,76.283142,Part-time Telegram Job Scam,253499,2026-07-20 12:13:00
VIC_0323,VACC_0323,Yachana Mahajan,Kolar,13.149065,78.117895,Electricity Bill Threat Scam,46000,2026-07-06 01:59:00
VIC_0324,VACC_0324,Aarini Subramaniam,Noida,28.564317,77.402215,UPI Impersonation Fraud,122499,2026-06-19 06:23:00
VIC_0325,VACC_0325,Hamsini Contractor,Noida,28.516162,77.42288,Part-time Telegram Job Scam,181500,2026-06-21 00:33:00
VIC_0326,VACC_0326,Faqid Dhaliwal,Hyderabad,17.387464,78.496103,Part-time Telegram Job Scam,951996,2026-06-17 14:21:00
VIC_0327,VACC_0327,Mekhala Pau,Mumbai,19.086091,72.893971,Digital Arrest / CBI Impersonation,177999,2026-06-07 00:54:00
VIC_0328,VACC_0328,Megha Atwal,Kolkata,22.580095,88.362942,Electricity Bill Threat Scam,516496,2026-06-08 05:23:00
VIC_0329,VACC_0329,Jatin Sha,Chennai,13.132342,80.271167,Customer Care Search Hijack,127998,2026-06-04 17:37:00
VIC_0330,VACC_0330,Adweta Raj,Mumbai,19.07514,72.86883,Fake Loan App Fraud,253997,2026-06-21 02:12:00
VIC_0331,VACC_0331,Hritik Kaur,Mewat,28.115393,77.007664,Investment / Crypto Token Scam,286499,2026-07-13 06:30:00
VIC_0332,VACC_0332,Aryan Narang,Gurugram,28.454782,77.007633,Electricity Bill Threat Scam,631498,2026-07-02 04:49:00
VIC_0333,VACC_0333,Dev Shetty,Hyderabad,17.432369,78.504774,Customer Care Search Hijack,202999,2026-06-13 10:54:00
VIC_0334,VACC_0334,Nilima Dada,Kochi,9.9365,76.285996,Digital Arrest / CBI Impersonation,15999,2026-07-23 06:37:00
VIC_0335,VACC_0335,Chakradev Barad,Nellore,14.469919,79.971025,UPI Impersonation Fraud,520999,2026-07-02 06:48:00
VIC_0336,VACC_0336,Waida D’Alia,Kolar,13.129969,78.132793,Fake Loan App Fraud,26000,2026-07-12 20:35:00
VIC_0337,VACC_0337,Wahab Yogi,Mewat,28.111613,77.017551,Digital Arrest / CBI Impersonation,397997,2026-06-28 15:13:00
VIC_0338,VACC_0338,Lipika Setty,Kolar,13.115719,78.141073,Customer Care Search Hijack,75000,2026-07-20 01:01:00
VIC_0339,VACC_0339,Oni Dubey,Kolkata,22.575903,88.367543,Customer Care Search Hijack,142000,2026-06-14 00:25:00
VIC_0340,VACC_0340,Hardik Suri,Mumbai,19.076472,72.899268,Electricity Bill Threat Scam,146998,2026-07-03 00:30:00
VIC_0341,VACC_0341,Ati Bali,Kolkata,22.617209,88.38427,Investment / Crypto Token Scam,353998,2026-07-21 19:38:00
VIC_0342,VACC_0342,Teerth Sawhney,Kolkata,22.562376,88.397353,Digital Arrest / CBI Impersonation,742995,2026-07-07 23:40:00
VIC_0343,VACC_0343,Warinder Patil,Hyderabad,17.381804,78.498635,Fake Loan App Fraud,135500,2026-06-10 02:14:00
VIC_0344,VACC_0344,Jhalak Parmer,Mumbai,19.042862,72.902342,Customer Care Search Hijack,66000,2026-06-20 19:25:00
VIC_0345,VACC_0345,Mitali Majumdar,Bengaluru,12.934663,77.596754,Digital Arrest / CBI Impersonation,335999,2026-06-27 18:17:00
VIC_0346,VACC_0346,Jason Sha,Gurugram,28.469108,77.012082,UPI Impersonation Fraud,141000,2026-07-20 04:09:00
VIC_0347,VACC_0347,Simon Bail,Kolkata,22.601977,88.343384,Fake Loan App Fraud,100999,2026-07-01 15:59:00
VIC_0348,VACC_0348,Gauri Kohli,Mumbai,19.051324,72.97119,Part-time Telegram Job Scam,284499,2026-06-24 17:35:00
VIC_0349,VACC_0349,Samesh Biswas,Bengaluru,12.986399,77.557454,Fake Loan App Fraud,20000,2026-07-16 09:57:00
VIC_0350,VACC_0350,Tarak Kaul,Bengaluru,12.954488,77.632548,KYC / SIM Block Extortion,15500,2026-06-24 22:55:00
VIC_0351,VACC_0351,Manbir Agate,Kolar,13.130242,78.138841,Part-time Telegram Job Scam,77498,2026-06-13 12:06:00
VIC_0352,VACC_0352,Maanav De,Bengaluru,12.98418,77.642426,Investment / Crypto Token Scam,26500,2026-07-04 18:08:00
VIC_0353,VACC_0353,Owen Choudhary,Kochi,9.926374,76.275399,UPI Impersonation Fraud,257499,2026-07-02 09:03:00
VIC_0354,VACC_0354,Karan Aurora,Hyderabad,17.407734,78.522237,KYC / SIM Block Extortion,420998,2026-07-19 04:19:00
VIC_0355,VACC_0355,Wazir Naik,Chennai,13.097311,80.279054,KYC / SIM Block Extortion,208000,2026-06-11 09:03:00
VIC_0356,VACC_0356,Owen Lanka,Kochi,9.926885,76.257368,KYC / SIM Block Extortion,156500,2026-06-21 03:10:00
VIC_0357,VACC_0357,Jonathan Sama,Noida,28.54374,77.424025,Investment / Crypto Token Scam,105000,2026-06-17 01:35:00
VIC_0358,VACC_0358,Devansh Soni,Jamtara,24.00301,86.791195,Part-time Telegram Job Scam,558996,2026-07-16 16:52:00
VIC_0359,VACC_0359,Janaki Varghese,Hyderabad,17.380983,78.544725,Investment / Crypto Token Scam,25000,2026-06-24 15:33:00
VIC_0360,VACC_0360,Siya Thakur,Gurugram,28.419939,77.036533,Part-time Telegram Job Scam,491497,2026-07-08 10:02:00
VIC_0361,VACC_0361,Caleb Verma,Mumbai,19.088523,72.884729,Part-time Telegram Job Scam,541999,2026-06-16 10:56:00
VIC_0362,VACC_0362,Tara Balasubramanian,Kolkata,22.578377,88.381651,Fake Loan App Fraud,383998,2026-07-10 04:34:00
VIC_0363,VACC_0363,Varenya Ratti,Coimbatore,11.017168,76.937395,Investment / Crypto Token Scam,471997,2026-06-20 02:41:00
VIC_0364,VACC_0364,Hritik Swaminathan,Coimbatore,10.97744,76.970487,Customer Care Search Hijack,247499,2026-06-05 23:09:00
VIC_0365,VACC_0365,Ethan Buch,Gurugram,28.46906,77.014663,Fake Loan App Fraud,178999,2026-06-20 12:58:00
VIC_0366,VACC_0366,Manbir Bhatti,Coimbatore,10.982605,76.962741,Investment / Crypto Token Scam,363999,2026-06-15 20:49:00
VIC_0367,VACC_0367,Anvi Nair,Mumbai,19.060043,72.879835,Investment / Crypto Token Scam,121500,2026-06-17 18:17:00
VIC_0368,VACC_0368,Chaitaly Setty,Noida,28.557675,77.397966,Customer Care Search Hijack,105500,2026-07-14 20:05:00
VIC_0369,VACC_0369,Hardik Contractor,Kolar,13.133508,78.117384,Customer Care Search Hijack,258496,2026-07-20 06:35:00
VIC_0370,VACC_0370,Qushi Seth,Mewat,28.091731,76.972901,Fake Loan App Fraud,630999,2026-06-19 08:50:00
VIC_0371,VACC_0371,Odika Nori,Gurugram,28.481377,77.036417,Electricity Bill Threat Scam,963497,2026-07-13 19:10:00
VIC_0372,VACC_0372,Mohini Sagar,Mewat,28.106897,76.987388,Investment / Crypto Token Scam,125500,2026-07-15 00:54:00
VIC_0373,VACC_0373,Dhriti Sane,Mumbai,19.069985,72.841397,Electricity Bill Threat Scam,243499,2026-06-25 20:55:00
VIC_0374,VACC_0374,Aadhya Prasad,Kolar,13.142628,78.124503,Part-time Telegram Job Scam,90500,2026-07-13 14:05:00
VIC_0375,VACC_0375,Urvi Bhavsar,Hyderabad,17.392928,78.516903,Electricity Bill Threat Scam,152498,2026-06-19 16:35:00
VIC_0376,VACC_0376,Frederick Chander,Noida,28.535115,77.412242,Part-time Telegram Job Scam,258998,2026-06-07 09:28:00
VIC_0377,VACC_0377,Gopal Pradhan,Coimbatore,11.037365,76.912007,Investment / Crypto Token Scam,912998,2026-07-08 11:47:00
VIC_0378,VACC_0378,Darpan Narayan,Mumbai,19.099519,72.857899,Fake Loan App Fraud,242000,2026-06-10 06:00:00
VIC_0379,VACC_0379,Nirja Pandya,Kolkata,22.571746,88.357894,Digital Arrest / CBI Impersonation,223499,2026-07-04 06:49:00
VIC_0380,VACC_0380,Charan Mani,Kolar,13.159818,78.121577,KYC / SIM Block Extortion,213000,2026-06-24 01:26:00
VIC_0381,VACC_0381,Indira Chawla,Nellore,14.462165,79.982557,Electricity Bill Threat Scam,314498,2026-07-16 12:55:00
VIC_0382,VACC_0382,Mohammed Subramaniam,Nellore,14.475115,79.960708,Investment / Crypto Token Scam,445496,2026-06-06 04:11:00
VIC_0383,VACC_0383,Hritik Palla,Hyderabad,17.399143,78.498161,UPI Impersonation Fraud,407498,2026-06-20 00:35:00
VIC_0384,VACC_0384,Ishwar Mallick,Noida,28.57271,77.385511,Electricity Bill Threat Scam,279497,2026-07-19 03:53:00
VIC_0385,VACC_0385,Pushti Bal,Coimbatore,10.984781,76.944239,Investment / Crypto Token Scam,234499,2026-06-13 10:51:00
VIC_0386,VACC_0386,Ayush Gole,Kolkata,22.586421,88.358263,Part-time Telegram Job Scam,278498,2026-07-08 10:37:00
VIC_0387,VACC_0387,Dayamai Nori,Nellore,14.433301,79.991859,Investment / Crypto Token Scam,152499,2026-07-18 11:00:00
VIC_0388,VACC_0388,Abeer Golla,Bengaluru,13.007162,77.608159,KYC / SIM Block Extortion,141999,2026-07-06 02:20:00
VIC_0389,VACC_0389,Nandini Boase,Gurugram,28.394959,77.025087,KYC / SIM Block Extortion,197998,2026-07-06 04:38:00
VIC_0390,VACC_0390,Azaan Chand,Mewat,28.108829,77.004881,Fake Loan App Fraud,433995,2026-06-07 02:48:00
VIC_0391,VACC_0391,Krisha Saini,Kolar,13.142588,78.128096,Digital Arrest / CBI Impersonation,50000,2026-07-07 09:41:00
VIC_0392,VACC_0392,Harita Dugar,Kochi,9.922526,76.25742,KYC / SIM Block Extortion,548500,2026-06-26 21:40:00
VIC_0393,VACC_0393,Devika Nair,Noida,28.51745,77.402399,KYC / SIM Block Extortion,180500,2026-06-23 21:28:00
VIC_0394,VACC_0394,Charles Dugal,Gurugram,28.486796,76.992863,Fake Loan App Fraud,36000,2026-06-10 14:21:00
VIC_0395,VACC_0395,Chandran Bumb,Kochi,9.908592,76.259089,Digital Arrest / CBI Impersonation,507997,2026-06-26 16:48:00
VIC_0396,VACC_0396,Saanvi Samra,Chennai,13.0798,80.267131,Electricity Bill Threat Scam,133998,2026-06-09 17:05:00
VIC_0397,VACC_0397,Riya Sachdeva,Kolar,13.124688,78.134678,UPI Impersonation Fraud,75500,2026-06-20 14:21:00
VIC_0398,VACC_0398,Tanveer Vala,Mumbai,19.093304,72.88178,Electricity Bill Threat Scam,268499,2026-06-11 09:29:00
VIC_0399,VACC_0399,Hemani Sani,Chennai,13.108982,80.26165,Digital Arrest / CBI Impersonation,97999,2026-07-02 05:59:00
VIC_0400,VACC_0400,Bhanumati Sur,Noida,28.53454,77.424789,Investment / Crypto Token Scam,488498,2026-06-08 15:41:00
VIC_0401,VACC_0401,Chakradev Kannan,Mewat,28.087604,76.998882,Digital Arrest / CBI Impersonation,274498,2026-06-25 23:10:00
VIC_0402,VACC_0402,Christopher Amble,Gurugram,28.451518,77.001894,Fake Loan App Fraud,137498,2026-06-25 14:32:00
VIC_0403,VACC_0403,Charvi Kakar,Chennai,13.084201,80.239438,Digital Arrest / CBI Impersonation,578995,2026-07-25 06:13:00
VIC_0404,VACC_0404,Aadhya Mann,Coimbatore,10.996311,76.954255,KYC / SIM Block Extortion,703496,2026-07-17 19:40:00
VIC_0405,VACC_0405,Jagdish Amble,Chennai,13.073215,80.283212,UPI Impersonation Fraud,216999,2026-07-20 09:36:00
VIC_0406,VACC_0406,Qushi Gill,Bengaluru,12.985324,77.550825,Part-time Telegram Job Scam,110999,2026-07-17 18:15:00
VIC_0407,VACC_0407,Lajita Walia,Nellore,14.436968,79.98503,KYC / SIM Block Extortion,214498,2026-06-30 00:09:00
VIC_0408,VACC_0408,Xiti Pandya,Jamtara,23.951768,86.796892,Fake Loan App Fraud,280999,2026-06-13 16:24:00
VIC_0409,VACC_0409,Mekhala Basak,Kolar,13.128202,78.150532,Fake Loan App Fraud,356496,2026-07-17 03:35:00
VIC_0410,VACC_0410,Anirudh Sharaf,Kolar,13.141223,78.12506,Part-time Telegram Job Scam,40500,2026-06-11 15:24:00
VIC_0411,VACC_0411,Dhriti Sanghvi,Chennai,13.088125,80.292842,Electricity Bill Threat Scam,111000,2026-07-07 13:25:00
VIC_0412,VACC_0412,Omisha Mann,Kolkata,22.54803,88.386346,Investment / Crypto Token Scam,25999,2026-07-06 13:58:00
VIC_0413,VACC_0413,Nidhi Bail,Hyderabad,17.362829,78.532453,KYC / SIM Block Extortion,76999,2026-06-20 16:29:00
VIC_0414,VACC_0414,Onveer Sharma,Gurugram,28.428138,77.054128,KYC / SIM Block Extortion,464997,2026-06-10 08:02:00
VIC_0415,VACC_0415,Gaurang Sarkar,Kolar,13.128016,78.157451,Customer Care Search Hijack,75000,2026-07-25 07:14:00
VIC_0416,VACC_0416,Yagnesh Sarin,Bengaluru,12.934005,77.634875,Customer Care Search Hijack,187999,2026-06-28 14:49:00
VIC_0417,VACC_0417,Farhan Randhawa,Coimbatore,11.052973,76.93092,Digital Arrest / CBI Impersonation,370496,2026-06-30 11:03:00
VIC_0418,VACC_0418,Harinakshi Kant,Coimbatore,10.997998,76.970072,Investment / Crypto Token Scam,500994,2026-06-04 10:14:00
VIC_0419,VACC_0419,Om Bose,Coimbatore,10.999561,77.003742,UPI Impersonation Fraud,530493,2026-06-16 03:20:00
VIC_0420,VACC_0420,Yashvi Hari,Jamtara,23.97978,86.800148,Part-time Telegram Job Scam,432496,2026-06-05 23:10:00
VIC_0421,VACC_0421,Indali Divan,Noida,28.521393,77.431926,Customer Care Search Hijack,332999,2026-06-26 07:24:00
VIC_0422,VACC_0422,Harshil Dhingra,Jamtara,23.955751,86.828632,Investment / Crypto Token Scam,191000,2026-07-22 02:28:00
VIC_0423,VACC_0423,Rudra Ghose,Kolkata,22.517963,88.374752,Part-time Telegram Job Scam,187499,2026-07-16 16:30:00
VIC_0424,VACC_0424,Faqid Goel,Coimbatore,11.024118,76.924532,Customer Care Search Hijack,126999,2026-06-21 02:48:00
VIC_0425,VACC_0425,Ucchal Sen,Gurugram,28.437745,77.028092,KYC / SIM Block Extortion,199000,2026-06-19 01:52:00
VIC_0426,VACC_0426,Diya Dora,Nellore,14.443101,79.964347,Customer Care Search Hijack,41000,2026-06-07 03:34:00
VIC_0427,VACC_0427,Ekansh Singh,Hyderabad,17.360793,78.528602,Electricity Bill Threat Scam,101999,2026-07-05 02:47:00
VIC_0428,VACC_0428,Chavvi Maharaj,Kolar,13.135833,78.131945,Digital Arrest / CBI Impersonation,431997,2026-06-09 22:04:00
VIC_0429,VACC_0429,Indira Tripathi,Nellore,14.432382,79.989596,KYC / SIM Block Extortion,308000,2026-06-29 04:06:00
VIC_0430,VACC_0430,Dayita Shenoy,Gurugram,28.44501,77.051447,Electricity Bill Threat Scam,50999,2026-07-14 03:47:00
VIC_0431,VACC_0431,Baljiwan Bhandari,Kolkata,22.560685,88.334983,Investment / Crypto Token Scam,186996,2026-06-17 11:05:00
VIC_0432,VACC_0432,Bhavini Bose,Mewat,28.117703,77.01176,Digital Arrest / CBI Impersonation,483999,2026-06-09 02:20:00
VIC_0433,VACC_0433,Yashica Rajagopalan,Jamtara,23.969611,86.804381,Customer Care Search Hijack,50999,2026-06-19 15:41:00
VIC_0434,VACC_0434,Benjamin Sengupta,Nellore,14.473939,79.980092,Customer Care Search Hijack,401496,2026-07-17 03:33:00
VIC_0435,VACC_0435,Ekanta Soni,Coimbatore,11.031761,76.935998,KYC / SIM Block Extortion,138000,2026-06-23 22:01:00
VIC_0436,VACC_0436,David Seshadri,Kolkata,22.559472,88.383423,UPI Impersonation Fraud,477000,2026-07-13 08:03:00
VIC_0437,VACC_0437,Hemal Chad,Jamtara,23.962526,86.776055,Customer Care Search Hijack,221998,2026-06-14 05:27:00
VIC_0438,VACC_0438,Balveer Kota,Hyderabad,17.346572,78.506497,Investment / Crypto Token Scam,602496,2026-06-06 12:03:00
VIC_0439,VACC_0439,Reva Viswanathan,Chennai,13.130423,80.292392,Part-time Telegram Job Scam,310997,2026-06-21 05:38:00
VIC_0440,VACC_0440,Januja Pradhan,Hyderabad,17.410005,78.445605,KYC / SIM Block Extortion,607497,2026-07-25 23:36:00
VIC_0441,VACC_0441,Lila Rege,Hyderabad,17.387461,78.47118,KYC / SIM Block Extortion,162499,2026-06-08 19:00:00
VIC_0442,VACC_0442,Charles Natt,Bengaluru,12.95743,77.625413,Electricity Bill Threat Scam,470997,2026-07-15 13:29:00
VIC_0443,VACC_0443,Forum Chandra,Kochi,9.904347,76.288977,Customer Care Search Hijack,222498,2026-06-26 05:51:00
VIC_0444,VACC_0444,Bhanumati Krishnan,Chennai,13.042872,80.301656,Electricity Bill Threat Scam,510996,2026-07-14 15:47:00
VIC_0445,VACC_0445,Gauri Bumb,Kolar,13.144327,78.120197,Fake Loan App Fraud,178499,2026-06-29 15:36:00
VIC_0446,VACC_0446,Inaya Mukherjee,Bengaluru,12.973425,77.639388,Part-time Telegram Job Scam,51000,2026-06-12 13:03:00
VIC_0447,VACC_0447,Kai Chad,Kolar,13.141762,78.133782,Customer Care Search Hijack,389999,2026-06-19 04:28:00
VIC_0448,VACC_0448,Krisha Narasimhan,Hyderabad,17.413429,78.495391,KYC / SIM Block Extortion,30999,2026-06-21 03:33:00
VIC_0449,VACC_0449,Girik Sampath,Jamtara,23.973643,86.794203,KYC / SIM Block Extortion,636998,2026-07-03 14:37:00
VIC_0450,VACC_0450,Andrew Patil,Coimbatore,11.004752,76.955768,Electricity Bill Threat Scam,163498,2026-06-30 06:56:00
VIC_0451,VACC_0451,Pranit Kala,Kolar,13.120946,78.144914,Digital Arrest / CBI Impersonation,143000,2026-07-03 22:07:00
VIC_0452,VACC_0452,Vedika Handa,Kochi,9.93291,76.280993,Fake Loan App Fraud,328498,2026-06-02 17:31:00
VIC_0453,VACC_0453,Laksh Dubey,Kolkata,22.564086,88.361282,Electricity Bill Threat Scam,414499,2026-07-14 01:16:00
VIC_0454,VACC_0454,Chakrika Chaudhuri,Nellore,14.433155,79.988263,UPI Impersonation Fraud,117000,2026-06-07 17:00:00
VIC_0455,VACC_0455,Gayathri Deep,Kochi,9.953099,76.298816,UPI Impersonation Fraud,400996,2026-06-06 09:00:00
VIC_0456,VACC_0456,Mitesh Gaba,Bengaluru,12.935891,77.569924,Fake Loan App Fraud,120999,2026-07-06 17:51:00
VIC_0457,VACC_0457,Noah Sarma,Jamtara,23.995219,86.797018,KYC / SIM Block Extortion,379998,2026-06-06 23:45:00
VIC_0458,VACC_0458,Nirja Patla,Coimbatore,11.031973,76.912008,Investment / Crypto Token Scam,86998,2026-06-17 16:54:00
VIC_0459,VACC_0459,Sachi Mane,Jamtara,23.963563,86.803825,Customer Care Search Hijack,190999,2026-06-17 15:32:00
VIC_0460,VACC_0460,Vivaan Walla,Bengaluru,13.016536,77.59511,Part-time Telegram Job Scam,75999,2026-06-14 14:18:00
VIC_0461,VACC_0461,Dayamai Singh,Jamtara,23.966539,86.80312,UPI Impersonation Fraud,267998,2026-06-21 07:12:00
VIC_0462,VACC_0462,Jhalak Sastry,Bengaluru,13.012883,77.61043,Part-time Telegram Job Scam,859497,2026-07-12 00:12:00
VIC_0463,VACC_0463,Baghyawati Raja,Kolkata,22.609663,88.346489,UPI Impersonation Fraud,82000,2026-07-17 08:56:00
VIC_0464,VACC_0464,Neel Iyengar,Kolar,13.142887,78.117438,Customer Care Search Hijack,289497,2026-06-29 11:37:00
VIC_0465,VACC_0465,Zashil Ben,Kolar,13.134061,78.152763,Electricity Bill Threat Scam,406497,2026-06-29 23:03:00
VIC_0466,VACC_0466,Kamya Chauhan,Kochi,9.93473,76.265046,UPI Impersonation Fraud,26999,2026-06-26 10:48:00
VIC_0467,VACC_0467,Bhavani Chacko,Hyderabad,17.362817,78.508221,Fake Loan App Fraud,240499,2026-06-29 02:38:00
VIC_0468,VACC_0468,Anjali Sengupta,Gurugram,28.482176,77.027796,Customer Care Search Hijack,363500,2026-06-15 19:06:00
VIC_0469,VACC_0469,Rajeshri Chand,Noida,28.528488,77.36754,Part-time Telegram Job Scam,10999,2026-07-15 14:46:00
VIC_0470,VACC_0470,Shravya Palla,Kochi,9.925318,76.246388,KYC / SIM Block Extortion,400497,2026-07-16 11:50:00
VIC_0471,VACC_0471,Oeshi Bera,Kochi,9.946823,76.266559,Part-time Telegram Job Scam,121999,2026-06-06 16:09:00
VIC_0472,VACC_0472,Yadavi Prakash,Hyderabad,17.385611,78.481132,Part-time Telegram Job Scam,786996,2026-06-21 06:29:00
VIC_0473,VACC_0473,Libni Bumb,Kochi,9.908515,76.255456,Electricity Bill Threat Scam,273999,2026-06-18 01:36:00
VIC_0474,VACC_0474,Udarsh Bala,Bengaluru,12.994283,77.60878,Investment / Crypto Token Scam,247498,2026-06-07 22:32:00
VIC_0475,VACC_0475,Hardik Nayak,Gurugram,28.428291,77.030272,Electricity Bill Threat Scam,130500,2026-07-12 05:59:00
VIC_0476,VACC_0476,Laksh Barad,Nellore,14.409403,79.9648,KYC / SIM Block Extortion,548999,2026-06-10 02:54:00
VIC_0477,VACC_0477,Urmi Dewan,Kolkata,22.598264,88.381713,Part-time Telegram Job Scam,95500,2026-07-01 11:33:00
VIC_0478,VACC_0478,Saumya Ahluwalia,Gurugram,28.437908,77.011642,UPI Impersonation Fraud,664996,2026-06-18 09:00:00
VIC_0479,VACC_0479,Anirudh Kunda,Kochi,9.912218,76.208214,Part-time Telegram Job Scam,358999,2026-07-06 08:40:00
VIC_0480,VACC_0480,Mason Wable,Nellore,14.398238,79.997928,Fake Loan App Fraud,720997,2026-07-11 21:06:00
VIC_0481,VACC_0481,Indrajit Mani,Gurugram,28.502508,77.028686,Electricity Bill Threat Scam,91999,2026-06-09 20:16:00
VIC_0482,VACC_0482,Charvi Dara,Kochi,9.921983,76.300827,Customer Care Search Hijack,95500,2026-06-24 00:23:00
VIC_0483,VACC_0483,William Saini,Jamtara,23.958347,86.802461,UPI Impersonation Fraud,10999,2026-07-03 03:54:00
VIC_0484,VACC_0484,Dev Choudhry,Bengaluru,12.969989,77.576774,KYC / SIM Block Extortion,100500,2026-06-23 10:16:00
VIC_0485,VACC_0485,Amol Varma,Bengaluru,12.95881,77.575883,UPI Impersonation Fraud,96000,2026-06-15 23:08:00
VIC_0486,VACC_0486,Maanas Manne,Bengaluru,12.988523,77.591124,Electricity Bill Threat Scam,100500,2026-06-08 10:13:00
VIC_0487,VACC_0487,Aarav Pandit,Gurugram,28.473731,77.003198,Investment / Crypto Token Scam,217498,2026-06-23 20:42:00
VIC_0488,VACC_0488,Omaja Grover,Nellore,14.454364,80.005798,KYC / SIM Block Extortion,351500,2026-07-17 13:06:00
VIC_0489,VACC_0489,Jalsa Bir,Hyderabad,17.400317,78.494629,KYC / SIM Block Extortion,486996,2026-07-19 15:36:00
VIC_0490,VACC_0490,Madhavi Singhal,Coimbatore,10.983605,76.949377,Fake Loan App Fraud,333498,2026-07-07 23:58:00
VIC_0491,VACC_0491,Lila Prakash,Hyderabad,17.389826,78.51569,Investment / Crypto Token Scam,534995,2026-06-16 06:36:00
VIC_0492,VACC_0492,Amol Parikh,Mewat,28.118648,77.03293,Electricity Bill Threat Scam,400499,2026-06-09 11:50:00
VIC_0493,VACC_0493,Hemani Khosla,Gurugram,28.465004,77.026666,Part-time Telegram Job Scam,161999,2026-06-14 00:40:00
VIC_0494,VACC_0494,Gaurangi Deol,Kolar,13.143548,78.135348,Part-time Telegram Job Scam,316000,2026-06-22 21:33:00
VIC_0495,VACC_0495,Indira Nigam,Noida,28.532587,77.42327,Digital Arrest / CBI Impersonation,535998,2026-06-27 15:35:00
VIC_0496,VACC_0496,Ucchal Srinivas,Noida,28.546511,77.424482,Electricity Bill Threat Scam,209996,2026-07-11 08:13:00
VIC_0497,VACC_0497,Krishna Bhatnagar,Kochi,9.94342,76.27449,Investment / Crypto Token Scam,302995,2026-06-10 10:24:00
VIC_0498,VACC_0498,Balhaar Memon,Mumbai,19.063632,72.899214,Customer Care Search Hijack,201998,2026-06-27 14:52:00
VIC_0499,VACC_0499,Caleb Iyengar,Kolar,13.165496,78.115763,Part-time Telegram Job Scam,76000,2026-07-02 05:50:00
VIC_0500,VACC_0500,Diya Mukherjee,Kolar,13.159804,78.125767,Electricity Bill Threat Scam,40000,2026-07-07 14:35:00
