algorithm,community_id,size,mule_count,mule_purity,is_likely_syndicate,sample_members
Louvain,Louvain_001,10,6,0.6,False,M00107;M00177;VACC_0002;M00142;VACC_0491
Louvain,Louvain_002,18,6,0.3333,False,VACC_0127;VACC_0130;VACC_0129;M00153;VACC_0128
Louvain,Louvain_003,52,6,0.1154,False,VACC_0158;VACC_0150;VACC_0145;VACC_0153;M00016
Louvain,Louvain_004,40,6,0.15,False,VACC_0252;M00161;M00091;VACC_0244;VACC_0240
Louvain,Louvain_005,11,6,0.5455,False,VACC_0472;VACC_0294;M00025;VACC_0295;VACC_0293
Louvain,Louvain_006,33,5,0.1515,False,M00167;VACC_0336;VACC_0316;VACC_0322;VACC_0318
Louvain,Louvain_007,8,5,0.625,True,M00066;VACC_0352;M00031;VACC_0354;M00136
Louvain,Louvain_008,25,5,0.2,False,VACC_0360;VACC_0364;VACC_0357;M00172;M00032
Louvain,Louvain_009,10,6,0.6,False,VACC_0479;M00003;M00073;M00038;M00108
Louvain,Louvain_010,25,6,0.24,False,VACC_0009;VACC_0483;VACC_0013;M00145;VACC_0019
Louvain,Louvain_011,40,6,0.15,False,VACC_0076;VACC_0073;VACC_0062;VACC_0078;VACC_0057
Louvain,Louvain_012,8,6,0.75,True,M00079;M00149;VACC_0471;M00114;M00009
Louvain,Louvain_013,29,6,0.2069,False,VACC_0219;VACC_0212;M00123;VACC_0202;VACC_0208
Louvain,Louvain_014,9,6,0.6667,True,M00176;VACC_0467;M00036;M00106;M00071
Louvain,Louvain_015,47,5,0.1064,False,VACC_0437;VACC_0416;VACC_0419;VACC_0415;VACC_0428
Louvain,Louvain_016,13,6,0.4615,False,VACC_0044;M00042;VACC_0046;M00077;M00007
Louvain,Louvain_017,18,6,0.3333,False,VACC_0286;M00024;VACC_0495;VACC_0285;VACC_0283
Louvain,Louvain_018,8,5,0.625,True,M00100;M00170;M00030;VACC_0351;VACC_0494
Louvain,Louvain_019,34,5,0.1471,False,VACC_0384;VACC_0398;VACC_0400;VACC_0393;M00034
Louvain,Louvain_020,24,6,0.25,False,VACC_0034;VACC_0029;VACC_0026;VACC_0030;VACC_0027
Louvain,Louvain_021,10,6,0.6,False,VACC_0008;VACC_0457;M00179;VACC_0007;M00039
Louvain,Louvain_022,17,6,0.3529,False,VACC_0140;VACC_0142;M00049;VACC_0141;M00154
Louvain,Louvain_023,20,6,0.3,False,M00157;VACC_0191;VACC_0190;M00052;VACC_0194
Louvain,Louvain_024,11,6,0.5455,False,M00055;VACC_0460;VACC_0239;M00195;VACC_0238
Louvain,Louvain_025,1,0,0.0,False,L00020
Louvain,Louvain_026,1,0,0.0,False,L00032
Louvain,Louvain_027,1,0,0.0,False,L00034
Louvain,Louvain_028,1,0,0.0,False,L00051
Louvain,Louvain_029,1,0,0.0,False,L00052
Louvain,Louvain_030,1,0,0.0,False,L00057
Louvain,Louvain_031,209,0,0.0,False,L00647;L00191;L00050;L00893;L00733
Louvain,Louvain_032,1,0,0.0,False,L00089
Louvain,Louvain_033,1,0,0.0,False,L00091
Louvain,Louvain_034,1,0,0.0,False,L00117
Louvain,Louvain_035,1,0,0.0,False,L00139
Louvain,Louvain_036,100,0,0.0,False,L00023;L00760;L00824;L00033;L00210
Louvain,Louvain_037,1,0,0.0,False,L00214
Louvain,Louvain_038,1,0,0.0,False,L00220
Louvain,Louvain_039,1,0,0.0,False,L00227
Louvain,Louvain_040,1,0,0.0,False,L00248
Louvain,Louvain_041,1,0,0.0,False,L00260
Louvain,Louvain_042,195,0,0.0,False,L00424;L00652;L00986;L00407;L00736
Louvain,Louvain_043,1,0,0.0,False,L00265
Louvain,Louvain_044,2,0,0.0,False,L00270;L00885
Louvain,Louvain_045,1,0,0.0,False,L00300
Louvain,Louvain_046,1,0,0.0,False,L00329
Louvain,Louvain_047,1,0,0.0,False,L00397
Louvain,Louvain_048,1,0,0.0,False,L00423
Louvain,Louvain_049,1,0,0.0,False,L00431
Louvain,Louvain_050,1,0,0.0,False,L00441
Louvain,Louvain_051,1,0,0.0,False,L00454
Louvain,Louvain_052,1,0,0.0,False,L00459
Louvain,Louvain_053,1,0,0.0,False,L00464
Louvain,Louvain_054,1,0,0.0,False,L00509
Louvain,Louvain_055,1,0,0.0,False,L00559
Louvain,Louvain_056,1,0,0.0,False,L00561
Louvain,Louvain_057,1,0,0.0,False,L00571
Louvain,Louvain_058,1,0,0.0,False,L00575
Louvain,Louvain_059,1,0,0.0,False,L00579
Louvain,Louvain_060,1,0,0.0,False,L00585
Louvain,Louvain_061,1,0,0.0,False,L00629
Louvain,Louvain_062,1,0,0.0,False,L00646
Louvain,Louvain_063,233,0,0.0,False,L00550;L00631;L00649;L00283;L00732
Louvain,Louvain_064,1,0,0.0,False,L00663
Louvain,Louvain_065,1,0,0.0,False,L00719
Louvain,Louvain_066,1,0,0.0,False,L00728
Louvain,Louvain_067,1,0,0.0,False,L00750
Louvain,Louvain_068,1,0,0.0,False,L00775
Louvain,Louvain_069,1,0,0.0,False,L00777
Louvain,Louvain_070,1,0,0.0,False,L00792
Louvain,Louvain_071,1,0,0.0,False,L00794
Louvain,Louvain_072,105,0,0.0,False,L00515;L00917;L00796;L00271;L00140
Louvain,Louvain_073,1,0,0.0,False,L00823
Louvain,Louvain_074,1,0,0.0,False,L00854
Louvain,Louvain_075,1,0,0.0,False,L00865
Louvain,Louvain_076,103,0,0.0,False,L00674;L00353;L00772;L00471;L00045
Louvain,Louvain_077,1,0,0.0,False,L00882
Louvain,Louvain_078,1,0,0.0,False,L00916
Louvain,Louvain_079,1,0,0.0,False,L00928
Louvain,Louvain_080,1,0,0.0,False,L00930
Louvain,Louvain_081,1,0,0.0,False,L00937
Louvain,Louvain_082,1,0,0.0,False,L00938
Louvain,Louvain_083,1,0,0.0,False,L00984
Louvain,Louvain_084,1,0,0.0,False,L00985
Louvain,Louvain_085,27,6,0.2222,False,VACC_0091;VACC_0088;M00045;VACC_0090;VACC_0096
Louvain,Louvain_086,13,6,0.4615,False,VACC_0105;VACC_0102;VACC_0493;VACC_0106;M00151
Louvain,Louvain_087,21,6,0.2857,False,VACC_0118;VACC_0111;VACC_0110;VACC_0119;VACC_0113
Louvain,Louvain_088,9,6,0.6667,True,M00190;VACC_0474;VACC_0455;M00050;M00120
Louvain,Louvain_089,20,6,0.3,False,M00054;M00124;VACC_0229;VACC_0227;VACC_0488
Louvain,Louvain_090,10,6,0.6,False,VACC_0273;M00092;M00162;M00197;M00057
Louvain,Louvain_091,14,6,0.4286,False,VACC_0276;VACC_0279;M00128;M00093;VACC_0277
Louvain,Louvain_092,26,5,0.1923,False,VACC_0490;VACC_0299;M00131;VACC_0312;VACC_0306
Louvain,Louvain_093,15,5,0.3333,False,VACC_0485;M00028;VACC_0344;M00063;M00098
Louvain,Louvain_094,10,5,0.5,False,VACC_0346;M00134;M00029;M00099;VACC_0347
Louvain,Louvain_095,15,5,0.3333,False,M00068;M00033;VACC_0374;VACC_0376;M00103
Label_Propagation,Label_Propagation_001,9,6,0.6667,True,M00176;VACC_0467;M00036;M00106;M00071
Label_Propagation,Label_Propagation_002,10,6,0.6,False,M00107;M00177;VACC_0002;M00142;VACC_0491
Label_Propagation,Label_Propagation_003,10,6,0.6,False,VACC_0479;M00003;M00073;M00038;M00108
Label_Propagation,Label_Propagation_004,10,6,0.6,False,VACC_0008;M00074;VACC_0457;M00179;VACC_0007
Label_Propagation,Label_Propagation_005,25,6,0.24,False,VACC_0483;VACC_0021;M00040;VACC_0017;VACC_0018
Label_Propagation,Label_Propagation_006,24,6,0.25,False,VACC_0026;VACC_0027;M00041;VACC_0038;VACC_0041
Label_Propagation,Label_Propagation_007,13,6,0.4615,False,VACC_0044;M00042;VACC_0046;M00077;M00007
Label_Propagation,Label_Propagation_008,40,6,0.15,False,VACC_0076;VACC_0073;VACC_0057;VACC_0062;VACC_0063
Label_Propagation,Label_Propagation_009,8,6,0.75,True,M00079;M00149;VACC_0471;M00114;M00009
Label_Propagation,Label_Propagation_010,27,6,0.2222,False,VACC_0088;M00045;VACC_0090;VACC_0096;VACC_0095
Label_Propagation,Label_Propagation_011,13,6,0.4615,False,VACC_0105;VACC_0102;VACC_0493;VACC_0106;M00151
Label_Propagation,Label_Propagation_012,21,6,0.2857,False,VACC_0118;VACC_0119;VACC_0113;VACC_0112;VACC_0108
Label_Propagation,Label_Propagation_013,18,6,0.3333,False,M00188;VACC_0122;VACC_0127;M00083;VACC_0130
Label_Propagation,Label_Propagation_014,17,6,0.3529,False,VACC_0140;VACC_0142;M00049;M00154;M00189
Label_Propagation,Label_Propagation_015,9,6,0.6667,True,M00190;VACC_0474;VACC_0455;M00050;M00120
Label_Propagation,Label_Propagation_016,52,6,0.1154,False,VACC_0158;VACC_0145;VACC_0150;M00156;M00016
Label_Propagation,Label_Propagation_017,20,6,0.3,False,VACC_0190;M00052;VACC_0196;VACC_0189;M00192
Label_Propagation,Label_Propagation_018,29,6,0.2069,False,M00123;VACC_0212;VACC_0202;VACC_0218;VACC_0217
Label_Propagation,Label_Propagation_019,20,6,0.3,False,M00054;M00124;VACC_0229;VACC_0227;VACC_0488
Label_Propagation,Label_Propagation_020,11,6,0.5455,False,M00055;VACC_0460;VACC_0239;M00195;VACC_0238
Label_Propagation,Label_Propagation_021,40,6,0.15,False,VACC_0252;M00091;M00161;VACC_0240;VACC_0244
Label_Propagation,Label_Propagation_022,10,6,0.6,False,VACC_0273;M00092;M00162;M00197;M00057
Label_Propagation,Label_Propagation_023,14,6,0.4286,False,VACC_0276;VACC_0279;M00128;M00093;M00023
Label_Propagation,Label_Propagation_024,18,6,0.3333,False,VACC_0286;VACC_0288;M00024;VACC_0292;VACC_0285
Label_Propagation,Label_Propagation_025,11,6,0.5455,False,VACC_0293;VACC_0294;M00025;VACC_0295;VACC_0472
Label_Propagation,Label_Propagation_026,26,5,0.1923,False,VACC_0490;M00131;VACC_0299;VACC_0312;VACC_0306
Label_Propagation,Label_Propagation_027,33,5,0.1515,False,M00167;VACC_0336;VACC_0316;VACC_0322;VACC_0318
Label_Propagation,Label_Propagation_028,15,5,0.3333,False,M00028;VACC_0344;M00063;M00098;VACC_0341
Label_Propagation,Label_Propagation_029,10,5,0.5,False,VACC_0346;M00134;M00029;M00099;M00169
Label_Propagation,Label_Propagation_030,8,5,0.625,True,M00100;M00170;M00030;VACC_0351;VACC_0494
Label_Propagation,Label_Propagation_031,8,5,0.625,True,VACC_0353;M00066;VACC_0352;VACC_0354;M00136
Label_Propagation,Label_Propagation_032,25,5,0.2,False,VACC_0364;M00032;M00067;VACC_0372;VACC_0366
Label_Propagation,Label_Propagation_033,15,5,0.3333,False,M00068;M00033;VACC_0381;VACC_0376;M00103
Label_Propagation,Label_Propagation_034,34,5,0.1471,False,VACC_0384;VACC_0398;VACC_0400;VACC_0393;M00034
Label_Propagation,Label_Propagation_035,47,5,0.1064,False,VACC_0437;VACC_0416;VACC_0419;VACC_0415;VACC_0428
Label_Propagation,Label_Propagation_036,5,0,0.0,False,L00844;L00136;L00001;L00255;L00943
Label_Propagation,Label_Propagation_037,16,0,0.0,False,L00954;L00800;L00962;L00534;L00643
Label_Propagation,Label_Propagation_038,7,0,0.0,False,L00883;L00955;L00749;L00186;L00513
Label_Propagation,Label_Propagation_039,6,0,0.0,False,L00867;L00487;L00038;L00960;L00193
Label_Propagation,Label_Propagation_040,8,0,0.0,False,L00050;L00106;L00919;L00086;L00778
Label_Propagation,Label_Propagation_041,4,0,0.0,False,L00006;L00368;L00078;L00359
Label_Propagation,Label_Propagation_042,4,0,0.0,False,L00365;L00998;L00007;L00380
Label_Propagation,Label_Propagation_043,11,0,0.0,False,L00632;L00979;L00022;L00327;L00130
Label_Propagation,Label_Propagation_044,2,0,0.0,False,L00009;L00756
Label_Propagation,Label_Propagation_045,14,0,0.0,False,L00230;L00221;L00901;L00364;L00262
Label_Propagation,Label_Propagation_046,14,0,0.0,False,L00011;L00288;L00836;L00235;L00468
Label_Propagation,Label_Propagation_047,3,0,0.0,False,L00012;L00782;L00123
Label_Propagation,Label_Propagation_048,3,0,0.0,False,L00013;L00362;L00672
Label_Propagation,Label_Propagation_049,17,0,0.0,False,L00516;L00700;L00787;L00124;L00357
Label_Propagation,Label_Propagation_050,6,0,0.0,False,L00236;L00015;L00842;L00416;L00346
Label_Propagation,Label_Propagation_051,5,0,0.0,False,L00316;L00716;L00403;L00412;L00016
Label_Propagation,Label_Propagation_052,6,0,0.0,False,L00526;L00447;L00017;L00514;L00467
Label_Propagation,Label_Propagation_053,5,0,0.0,False,L00018;L00026;L00184;L00330;L00878
Label_Propagation,Label_Propagation_054,14,0,0.0,False,L00019;L00191;L00466;L00279;L00031
Label_Propagation,Label_Propagation_055,1,0,0.0,False,L00020
Label_Propagation,Label_Propagation_056,5,0,0.0,False,L00448;L00877;L00718;L00021;L00590
Label_Propagation,Label_Propagation_057,2,0,0.0,False,L00023;L00164
Label_Propagation,Label_Propagation_058,5,0,0.0,False,L00318;L00602;L00337;L00024;L00167
Label_Propagation,Label_Propagation_059,5,0,0.0,False,L00027;L00389;L00217;L00859;L00175
Label_Propagation,Label_Propagation_060,7,0,0.0,False,L00215;L00727;L00838;L00028;L00543
Label_Propagation,Label_Propagation_061,2,0,0.0,False,L00715;L00029
Label_Propagation,Label_Propagation_062,2,0,0.0,False,L00165;L00030
Label_Propagation,Label_Propagation_063,1,0,0.0,False,L00032
Label_Propagation,Label_Propagation_064,9,0,0.0,False,L00535;L00140;L00033;L00492;L00945
Label_Propagation,Label_Propagation_065,1,0,0.0,False,L00034
Label_Propagation,Label_Propagation_066,3,0,0.0,False,L00035;L00370;L00122
Label_Propagation,Label_Propagation_067,11,0,0.0,False,L00563;L00490;L00036;L00588;L01000
Label_Propagation,Label_Propagation_068,5,0,0.0,False,L00347;L00037;L00958;L00161;L00114
Label_Propagation,Label_Propagation_069,3,0,0.0,False,L00658;L00804;L00039
Label_Propagation,Label_Propagation_070,9,0,0.0,False,L00536;L00944;L00040;L00056;L00929
Label_Propagation,Label_Propagation_071,4,0,0.0,False,L00779;L00126;L00444;L00041
Label_Propagation,Label_Propagation_072,2,0,0.0,False,L00292;L00042
Label_Propagation,Label_Propagation_073,2,0,0.0,False,L00043;L00477
Label_Propagation,Label_Propagation_074,5,0,0.0,False,L00542;L00934;L00624;L00044;L00358
Label_Propagation,Label_Propagation_075,7,0,0.0,False,L00918;L00045;L00999;L00421;L00158
Label_Propagation,Label_Propagation_076,6,0,0.0,False,L00353;L00058;L00519;L00046;L00817
Label_Propagation,Label_Propagation_077,3,0,0.0,False,L00895;L00047;L00132
Label_Propagation,Label_Propagation_078,6,0,0.0,False,L00662;L00295;L00290;L00049;L00714
Label_Propagation,Label_Propagation_079,1,0,0.0,False,L00051
Label_Propagation,Label_Propagation_080,1,0,0.0,False,L00052
Label_Propagation,Label_Propagation_081,10,0,0.0,False,L00674;L00243;L00743;L00054;L00968
Label_Propagation,Label_Propagation_082,3,0,0.0,False,L00055;L00254;L00941
Label_Propagation,Label_Propagation_083,1,0,0.0,False,L00057
Label_Propagation,Label_Propagation_084,2,0,0.0,False,L00059;L00641
Label_Propagation,Label_Propagation_085,2,0,0.0,False,L00060;L00667
Label_Propagation,Label_Propagation_086,5,0,0.0,False,L00231;L00413;L00061;L00830;L00871
Label_Propagation,Label_Propagation_087,2,0,0.0,False,L00605;L00064
Label_Propagation,Label_Propagation_088,8,0,0.0,False,L00873;L00068;L00065;L00472;L00226
Label_Propagation,Label_Propagation_089,3,0,0.0,False,L00845;L00351;L00066
Label_Propagation,Label_Propagation_090,2,0,0.0,False,L00067;L00630
Label_Propagation,Label_Propagation_091,3,0,0.0,False,L00070;L00608;L00494
Label_Propagation,Label_Propagation_092,5,0,0.0,False,L00805;L00081;L00582;L00880;L00071
Label_Propagation,Label_Propagation_093,2,0,0.0,False,L00793;L00072
Label_Propagation,Label_Propagation_094,3,0,0.0,False,L00314;L00073;L00603
Label_Propagation,Label_Propagation_095,5,0,0.0,False,L00275;L00074;L00147;L00891;L00092
Label_Propagation,Label_Propagation_096,3,0,0.0,False,L00075;L00229;L00655
Label_Propagation,Label_Propagation_097,3,0,0.0,False,L00367;L00773;L00076
Label_Propagation,Label_Propagation_098,2,0,0.0,False,L00376;L00077
Label_Propagation,Label_Propagation_099,5,0,0.0,False,L00079;L00774;L00992;L00366;L00808
Label_Propagation,Label_Propagation_100,2,0,0.0,False,L00080;L00688
Label_Propagation,Label_Propagation_101,4,0,0.0,False,L00753;L00625;L00082;L00493
Label_Propagation,Label_Propagation_102,2,0,0.0,False,L00083;L00531
Label_Propagation,Label_Propagation_103,9,0,0.0,False,L00900;L00360;L00195;L00814;L00549
Label_Propagation,Label_Propagation_104,6,0,0.0,False,L00152;L00268;L00085;L00266;L00924
Label_Propagation,Label_Propagation_105,2,0,0.0,False,L00942;L00087
Label_Propagation,Label_Propagation_106,18,0,0.0,False,L00907;L00208;L00103;L00121;L00791
Label_Propagation,Label_Propagation_107,1,0,0.0,False,L00089
Label_Propagation,Label_Propagation_108,2,0,0.0,False,L00971;L00090
Label_Propagation,Label_Propagation_109,1,0,0.0,False,L00091
Label_Propagation,Label_Propagation_110,2,0,0.0,False,L00093;L00866
Label_Propagation,Label_Propagation_111,3,0,0.0,False,L00755;L00205;L00094
Label_Propagation,Label_Propagation_112,5,0,0.0,False,L00806;L00660;L00851;L00095;L00560
Label_Propagation,Label_Propagation_113,4,0,0.0,False,L00435;L00972;L00491;L00096
Label_Propagation,Label_Propagation_114,2,0,0.0,False,L00097;L00764
Label_Propagation,Label_Propagation_115,14,0,0.0,False,L00597;L00983;L00098;L00523;L00409
Label_Propagation,Label_Propagation_116,4,0,0.0,False,L00135;L00697;L00686;L00100
Label_Propagation,Label_Propagation_117,5,0,0.0,False,L00129;L00102;L00910;L00415;L00948
Label_Propagation,Label_Propagation_118,2,0,0.0,False,L00980;L00105
Label_Propagation,Label_Propagation_119,4,0,0.0,False,L00692;L00961;L00338;L00107
Label_Propagation,Label_Propagation_120,5,0,0.0,False,L00927;L00355;L00199;L00802;L00108
Label_Propagation,Label_Propagation_121,2,0,0.0,False,L00909;L00109
Label_Propagation,Label_Propagation_122,2,0,0.0,False,L00110;L00405
Label_Propagation,Label_Propagation_123,2,0,0.0,False,L00812;L00111
Label_Propagation,Label_Propagation_124,2,0,0.0,False,L00112;L00890
Label_Propagation,Label_Propagation_125,2,0,0.0,False,L00115;L00312
Label_Propagation,Label_Propagation_126,1,0,0.0,False,L00117
Label_Propagation,Label_Propagation_127,3,0,0.0,False,L00118;L00786;L00187
Label_Propagation,Label_Propagation_128,6,0,0.0,False,L00936;L00790;L00120;L00374;L00696
Label_Propagation,Label_Propagation_129,9,0,0.0,False,L00463;L00678;L00278;L00378;L00974
Label_Propagation,Label_Propagation_130,4,0,0.0,False,L00395;L00128;L00284;L00949
Label_Propagation,Label_Propagation_131,3,0,0.0,False,L00131;L00198;L00732
Label_Propagation,Label_Propagation_132,4,0,0.0,False,L00991;L00180;L00133;L00651
Label_Propagation,Label_Propagation_133,8,0,0.0,False,L00897;L00946;L00947;L00134;L00746
Label_Propagation,Label_Propagation_134,2,0,0.0,False,L00721;L00138
Label_Propagation,Label_Propagation_135,1,0,0.0,False,L00139
Label_Propagation,Label_Propagation_136,9,0,0.0,False,L00881;L00194;L00142;L00350;L00932
Label_Propagation,Label_Propagation_137,2,0,0.0,False,L00592;L00143
Label_Propagation,Label_Propagation_138,2,0,0.0,False,L00591;L00144
Label_Propagation,Label_Propagation_139,2,0,0.0,False,L00650;L00145
Label_Propagation,Label_Propagation_140,10,0,0.0,False,L00503;L00807;L00539;L00146;L00614
Label_Propagation,Label_Propagation_141,6,0,0.0,False,L00281;L00783;L00609;L00148;L00982
Label_Propagation,Label_Propagation_142,9,0,0.0,False,L00795;L00385;L00892;L00211;L00150
Label_Propagation,Label_Propagation_143,2,0,0.0,False,L00151;L00616
Label_Propagation,Label_Propagation_144,7,0,0.0,False,L00550;L00153;L00383;L00730;L00200
Label_Propagation,Label_Propagation_145,3,0,0.0,False,L00846;L00154;L00915
Label_Propagation,Label_Propagation_146,3,0,0.0,False,L00155;L00648;L00620
Label_Propagation,Label_Propagation_147,2,0,0.0,False,L00160;L00788
Label_Propagation,Label_Propagation_148,2,0,0.0,False,L00619;L00163
Label_Propagation,Label_Propagation_149,5,0,0.0,False,L00166;L00862;L00840;L00679;L00554
Label_Propagation,Label_Propagation_150,5,0,0.0,False,L00303;L00169;L00739;L00547;L00456
Label_Propagation,Label_Propagation_151,3,0,0.0,False,L00695;L00170;L00850
Label_Propagation,Label_Propagation_152,4,0,0.0,False,L00172;L00681;L00940;L00521
Label_Propagation,Label_Propagation_153,2,0,0.0,False,L00173;L00988
Label_Propagation,Label_Propagation_154,4,0,0.0,False,L00499;L00174;L00203;L00504
Label_Propagation,Label_Propagation_155,2,0,0.0,False,L00176;L00258
Label_Propagation,Label_Propagation_156,4,0,0.0,False,L00238;L00177;L00978;L00457
Label_Propagation,Label_Propagation_157,4,0,0.0,False,L00489;L00607;L00178;L00759
Label_Propagation,Label_Propagation_158,7,0,0.0,False,L00993;L00737;L00228;L00758;L00237
Label_Propagation,Label_Propagation_159,3,0,0.0,False,L00664;L00425;L00185
Label_Propagation,Label_Propagation_160,4,0,0.0,False,L00188;L00578;L00382;L00829
Label_Propagation,Label_Propagation_161,4,0,0.0,False,L00736;L00410;L00903;L00189
Label_Propagation,Label_Propagation_162,5,0,0.0,False,L00551;L00471;L00190;L00644;L00708
Label_Propagation,Label_Propagation_163,2,0,0.0,False,L00192;L00524
Label_Propagation,Label_Propagation_164,9,0,0.0,False,L00770;L00196;L00398;L00615;L00723
Label_Propagation,Label_Propagation_165,13,0,0.0,False,L00484;L00894;L00301;L00197;L00335
Label_Propagation,Label_Propagation_166,6,0,0.0,False,L00440;L00204;L00789;L00402;L00307
Label_Propagation,Label_Propagation_167,2,0,0.0,False,L00206;L00656
Label_Propagation,Label_Propagation_168,3,0,0.0,False,L00209;L00596;L00411
Label_Propagation,Label_Propagation_169,2,0,0.0,False,L00210;L00242
Label_Propagation,Label_Propagation_170,3,0,0.0,False,L00837;L00669;L00212
Label_Propagation,Label_Propagation_171,3,0,0.0,False,L00872;L00772;L00213
Label_Propagation,Label_Propagation_172,1,0,0.0,False,L00214
Label_Propagation,Label_Propagation_173,2,0,0.0,False,L00959;L00216
Label_Propagation,Label_Propagation_174,4,0,0.0,False,L00473;L00834;L00470;L00218
Label_Propagation,Label_Propagation_175,2,0,0.0,False,L00219;L00245
Label_Propagation,Label_Propagation_176,1,0,0.0,False,L00220
Label_Propagation,Label_Propagation_177,4,0,0.0,False,L00377;L00225;L00824;L00767
Label_Propagation,Label_Propagation_178,1,0,0.0,False,L00227
Label_Propagation,Label_Propagation_179,5,0,0.0,False,L00232;L00818;L00294;L00363;L00482
Label_Propagation,Label_Propagation_180,2,0,0.0,False,L00234;L00233
Label_Propagation,Label_Propagation_181,2,0,0.0,False,L00240;L00529
Label_Propagation,Label_Propagation_182,2,0,0.0,False,L00241;L00406
Label_Propagation,Label_Propagation_183,2,0,0.0,False,L00381;L00244
Label_Propagation,Label_Propagation_184,2,0,0.0,False,L00379;L00246
Label_Propagation,Label_Propagation_185,2,0,0.0,False,L00247;L00407
Label_Propagation,Label_Propagation_186,1,0,0.0,False,L00248
Label_Propagation,Label_Propagation_187,2,0,0.0,False,L00249;L00731
Label_Propagation,Label_Propagation_188,2,0,0.0,False,L00635;L00250
Label_Propagation,Label_Propagation_189,5,0,0.0,False,L00628;L00251;L00757;L00913;L00899
Label_Propagation,Label_Propagation_190,2,0,0.0,False,L00252;L00568
Label_Propagation,Label_Propagation_191,3,0,0.0,False,L00256;L00505;L00952
Label_Propagation,Label_Propagation_192,3,0,0.0,False,L00257;L00673;L00860
Label_Propagation,Label_Propagation_193,1,0,0.0,False,L00260
Label_Propagation,Label_Propagation_194,9,0,0.0,False,L00576;L00331;L00621;L00558;L00552
Label_Propagation,Label_Propagation_195,1,0,0.0,False,L00265
Label_Propagation,Label_Propagation_196,3,0,0.0,False,L00267;L00391;L00781
Label_Propagation,Label_Propagation_197,2,0,0.0,False,L00864;L00269
Label_Propagation,Label_Propagation_198,2,0,0.0,False,L00270;L00885
Label_Propagation,Label_Propagation_199,2,0,0.0,False,L00740;L00271
Label_Propagation,Label_Propagation_200,2,0,0.0,False,L00956;L00272
Label_Propagation,Label_Propagation_201,3,0,0.0,False,L00754;L00556;L00274
Label_Propagation,Label_Propagation_202,5,0,0.0,False,L00832;L00373;L00649;L00803;L00276
Label_Propagation,Label_Propagation_203,7,0,0.0,False,L00320;L00282;L00392;L00599;L00280
Label_Propagation,Label_Propagation_204,2,0,0.0,False,L00666;L00283
Label_Propagation,Label_Propagation_205,2,0,0.0,False,L00950;L00285
Label_Propagation,Label_Propagation_206,3,0,0.0,False,L00841;L00683;L00286
Label_Propagation,Label_Propagation_207,2,0,0.0,False,L00293;L00311
Label_Propagation,Label_Propagation_208,2,0,0.0,False,L00833;L00296
Label_Propagation,Label_Propagation_209,2,0,0.0,False,L00298;L00451
Label_Propagation,Label_Propagation_210,2,0,0.0,False,L00299;L00722
Label_Propagation,Label_Propagation_211,1,0,0.0,False,L00300
Label_Propagation,Label_Propagation_212,12,0,0.0,False,L00328;L00861;L00332;L00434;L00809
Label_Propagation,Label_Propagation_213,3,0,0.0,False,L00304;L00858;L00726
Label_Propagation,Label_Propagation_214,2,0,0.0,False,L00401;L00305
Label_Propagation,Label_Propagation_215,2,0,0.0,False,L00308;L00610
Label_Propagation,Label_Propagation_216,2,0,0.0,False,L00309;L00853
Label_Propagation,Label_Propagation_217,6,0,0.0,False,L00315;L00340;L00923;L00443;L00710
Label_Propagation,Label_Propagation_218,2,0,0.0,False,L00820;L00322
Label_Propagation,Label_Propagation_219,2,0,0.0,False,L00323;L00352
Label_Propagation,Label_Propagation_220,2,0,0.0,False,L00324;L00670
Label_Propagation,Label_Propagation_221,2,0,0.0,False,L00325;L00510
Label_Propagation,Label_Propagation_222,1,0,0.0,False,L00329
Label_Propagation,Label_Propagation_223,2,0,0.0,False,L00334;L00420
Label_Propagation,Label_Propagation_224,2,0,0.0,False,L00709;L00341
Label_Propagation,Label_Propagation_225,2,0,0.0,False,L00343;L00544
Label_Propagation,Label_Propagation_226,2,0,0.0,False,L00631;L00344
Label_Propagation,Label_Propagation_227,2,0,0.0,False,L00345;L00437
Label_Propagation,Label_Propagation_228,2,0,0.0,False,L00868;L00348
Label_Propagation,Label_Propagation_229,2,0,0.0,False,L00826;L00354
Label_Propagation,Label_Propagation_230,3,0,0.0,False,L00356;L00917;L00665
Label_Propagation,Label_Propagation_231,2,0,0.0,False,L00369;L00784
Label_Propagation,Label_Propagation_232,3,0,0.0,False,L00647;L00371;L00849
Label_Propagation,Label_Propagation_233,2,0,0.0,False,L00375;L00460
Label_Propagation,Label_Propagation_234,2,0,0.0,False,L00388;L00626
Label_Propagation,Label_Propagation_235,3,0,0.0,False,L00418;L00390;L00977
Label_Propagation,Label_Propagation_236,2,0,0.0,False,L00925;L00393
Label_Propagation,Label_Propagation_237,6,0,0.0,False,L00394;L00701;L00541;L00690;L00502
Label_Propagation,Label_Propagation_238,4,0,0.0,False,L00720;L00396;L00548;L00760
Label_Propagation,Label_Propagation_239,1,0,0.0,False,L00397
Label_Propagation,Label_Propagation_240,2,0,0.0,False,L00707;L00400
Label_Propagation,Label_Propagation_241,2,0,0.0,False,L00570;L00404
Label_Propagation,Label_Propagation_242,4,0,0.0,False,L00926;L00887;L00825;L00408
Label_Propagation,Label_Propagation_243,5,0,0.0,False,L00455;L00532;L00414;L00969;L00476
Label_Propagation,Label_Propagation_244,2,0,0.0,False,L00419;L00893
Label_Propagation,Label_Propagation_245,3,0,0.0,False,L00506;L00752;L00422
Label_Propagation,Label_Propagation_246,1,0,0.0,False,L00423
Label_Propagation,Label_Propagation_247,2,0,0.0,False,L00424;L00677
Label_Propagation,Label_Propagation_248,3,0,0.0,False,L00427;L00738;L00538
Label_Propagation,Label_Propagation_249,1,0,0.0,False,L00431
Label_Propagation,Label_Propagation_250,2,0,0.0,False,L00762;L00432
Label_Propagation,Label_Propagation_251,2,0,0.0,False,L00433;L00518
Label_Propagation,Label_Propagation_252,3,0,0.0,False,L00436;L00911;L00693
Label_Propagation,Label_Propagation_253,1,0,0.0,False,L00441
Label_Propagation,Label_Propagation_254,2,0,0.0,False,L00766;L00445
Label_Propagation,Label_Propagation_255,5,0,0.0,False,L00495;L00843;L00733;L00481;L00446
Label_Propagation,Label_Propagation_256,2,0,0.0,False,L00973;L00449
Label_Propagation,Label_Propagation_257,2,0,0.0,False,L00461;L00450
Label_Propagation,Label_Propagation_258,3,0,0.0,False,L00483;L00452;L00642
Label_Propagation,Label_Propagation_259,1,0,0.0,False,L00454
Label_Propagation,Label_Propagation_260,2,0,0.0,False,L00458;L00569
Label_Propagation,Label_Propagation_261,1,0,0.0,False,L00459
Label_Propagation,Label_Propagation_262,2,0,0.0,False,L00462;L00581
Label_Propagation,Label_Propagation_263,1,0,0.0,False,L00464
Label_Propagation,Label_Propagation_264,2,0,0.0,False,L00530;L00465
Label_Propagation,Label_Propagation_265,3,0,0.0,False,L00469;L00724;L00869
Label_Propagation,Label_Propagation_266,3,0,0.0,False,L00819;L00478;L00639
Label_Propagation,Label_Propagation_267,2,0,0.0,False,L00896;L00479
Label_Propagation,Label_Propagation_268,4,0,0.0,False,L00748;L00515;L00744;L00480
Label_Propagation,Label_Propagation_269,2,0,0.0,False,L00485;L00498
Label_Propagation,Label_Propagation_270,2,0,0.0,False,L00661;L00496
Label_Propagation,Label_Propagation_271,2,0,0.0,False,L00689;L00497
Label_Propagation,Label_Propagation_272,2,0,0.0,False,L00508;L00564
Label_Propagation,Label_Propagation_273,1,0,0.0,False,L00509
Label_Propagation,Label_Propagation_274,4,0,0.0,False,L00798;L00604;L00839;L00520
Label_Propagation,Label_Propagation_275,2,0,0.0,False,L00522;L00653
Label_Propagation,Label_Propagation_276,4,0,0.0,False,L00525;L00637;L00986;L00780
Label_Propagation,Label_Propagation_277,2,0,0.0,False,L00921;L00527
Label_Propagation,Label_Propagation_278,2,0,0.0,False,L00528;L00659
Label_Propagation,Label_Propagation_279,3,0,0.0,False,L00742;L00964;L00540
Label_Propagation,Label_Propagation_280,3,0,0.0,False,L00816;L00555;L00957
Label_Propagation,Label_Propagation_281,1,0,0.0,False,L00559
Label_Propagation,Label_Propagation_282,1,0,0.0,False,L00561
Label_Propagation,Label_Propagation_283,2,0,0.0,False,L00745;L00567
Label_Propagation,Label_Propagation_284,1,0,0.0,False,L00571
Label_Propagation,Label_Propagation_285,2,0,0.0,False,L00874;L00572
Label_Propagation,Label_Propagation_286,2,0,0.0,False,L00856;L00573
Label_Propagation,Label_Propagation_287,1,0,0.0,False,L00575
Label_Propagation,Label_Propagation_288,1,0,0.0,False,L00579
Label_Propagation,Label_Propagation_289,2,0,0.0,False,L00987;L00580
Label_Propagation,Label_Propagation_290,1,0,0.0,False,L00585
Label_Propagation,Label_Propagation_291,2,0,0.0,False,L00796;L00587
Label_Propagation,Label_Propagation_292,2,0,0.0,False,L00593;L00975
Label_Propagation,Label_Propagation_293,4,0,0.0,False,L00680;L00598;L00810;L00951
Label_Propagation,Label_Propagation_294,5,0,0.0,False,L00828;L00769;L00735;L00645;L00606
Label_Propagation,Label_Propagation_295,2,0,0.0,False,L00705;L00611
Label_Propagation,Label_Propagation_296,2,0,0.0,False,L00761;L00617
Label_Propagation,Label_Propagation_297,2,0,0.0,False,L00920;L00627
Label_Propagation,Label_Propagation_298,1,0,0.0,False,L00629
Label_Propagation,Label_Propagation_299,2,0,0.0,False,L00633;L00922
Label_Propagation,Label_Propagation_300,2,0,0.0,False,L00634;L00703
Label_Propagation,Label_Propagation_301,1,0,0.0,False,L00646
Label_Propagation,Label_Propagation_302,2,0,0.0,False,L00652;L00813
Label_Propagation,Label_Propagation_303,2,0,0.0,False,L00685;L00657
Label_Propagation,Label_Propagation_304,1,0,0.0,False,L00663
Label_Propagation,Label_Propagation_305,2,0,0.0,False,L00835;L00676
Label_Propagation,Label_Propagation_306,3,0,0.0,False,L00704;L00684;L00713
Label_Propagation,Label_Propagation_307,2,0,0.0,False,L00953;L00691
Label_Propagation,Label_Propagation_308,2,0,0.0,False,L00702;L00694
Label_Propagation,Label_Propagation_309,3,0,0.0,False,L00698;L00967;L00822
Label_Propagation,Label_Propagation_310,2,0,0.0,False,L00912;L00699
Label_Propagation,Label_Propagation_311,2,0,0.0,False,L00997;L00711
Label_Propagation,Label_Propagation_312,1,0,0.0,False,L00719
Label_Propagation,Label_Propagation_313,1,0,0.0,False,L00728
Label_Propagation,Label_Propagation_314,2,0,0.0,False,L00734;L00848
Label_Propagation,Label_Propagation_315,2,0,0.0,False,L00768;L00741
Label_Propagation,Label_Propagation_316,1,0,0.0,False,L00750
Label_Propagation,Label_Propagation_317,1,0,0.0,False,L00775
Label_Propagation,Label_Propagation_318,1,0,0.0,False,L00777
Label_Propagation,Label_Propagation_319,1,0,0.0,False,L00792
Label_Propagation,Label_Propagation_320,1,0,0.0,False,L00794
Label_Propagation,Label_Propagation_321,2,0,0.0,False,L00889;L00797
Label_Propagation,Label_Propagation_322,2,0,0.0,False,L00801;L00884
Label_Propagation,Label_Propagation_323,3,0,0.0,False,L00870;L00821;L00888
Label_Propagation,Label_Propagation_324,1,0,0.0,False,L00823
Label_Propagation,Label_Propagation_325,1,0,0.0,False,L00854
Label_Propagation,Label_Propagation_326,1,0,0.0,False,L00865
Label_Propagation,Label_Propagation_327,1,0,0.0,False,L00882
Label_Propagation,Label_Propagation_328,1,0,0.0,False,L00916
Label_Propagation,Label_Propagation_329,1,0,0.0,False,L00928
Label_Propagation,Label_Propagation_330,1,0,0.0,False,L00930
Label_Propagation,Label_Propagation_331,1,0,0.0,False,L00937
Label_Propagation,Label_Propagation_332,1,0,0.0,False,L00938
Label_Propagation,Label_Propagation_333,1,0,0.0,False,L00984
Label_Propagation,Label_Propagation_334,1,0,0.0,False,L00985
Girvan_Newman,Girvan_Newman_001,9,6,0.6667,True,M00176;VACC_0467;M00036;M00106;M00071
Girvan_Newman,Girvan_Newman_002,10,6,0.6,False,M00107;M00177;VACC_0002;M00142;VACC_0491
Girvan_Newman,Girvan_Newman_003,10,6,0.6,False,VACC_0479;M00003;M00073;M00038;M00108
Girvan_Newman,Girvan_Newman_004,10,6,0.6,False,VACC_0008;M00074;VACC_0457;M00179;VACC_0007
Girvan_Newman,Girvan_Newman_005,25,6,0.24,False,VACC_0483;VACC_0021;M00040;VACC_0017;VACC_0018
Girvan_Newman,Girvan_Newman_006,24,6,0.25,False,VACC_0026;VACC_0027;M00041;VACC_0038;VACC_0041
Girvan_Newman,Girvan_Newman_007,13,6,0.4615,False,VACC_0044;VACC_0046;M00042;M00077;M00007
Girvan_Newman,Girvan_Newman_008,40,6,0.15,False,VACC_0076;VACC_0073;VACC_0078;VACC_0063;VACC_0057
Girvan_Newman,Girvan_Newman_009,8,6,0.75,True,M00079;M00149;VACC_0471;M00114;M00009
Girvan_Newman,Girvan_Newman_010,27,6,0.2222,False,VACC_0088;M00045;VACC_0090;VACC_0096;VACC_0095
Girvan_Newman,Girvan_Newman_011,13,6,0.4615,False,VACC_0105;VACC_0102;VACC_0493;VACC_0106;M00151
Girvan_Newman,Girvan_Newman_012,21,6,0.2857,False,VACC_0118;VACC_0119;VACC_0113;VACC_0112;VACC_0108
Girvan_Newman,Girvan_Newman_013,18,6,0.3333,False,M00188;VACC_0122;VACC_0127;M00083;VACC_0130
Girvan_Newman,Girvan_Newman_014,17,6,0.3529,False,VACC_0140;VACC_0142;M00049;M00154;M00189
Girvan_Newman,Girvan_Newman_015,9,6,0.6667,True,M00190;VACC_0474;VACC_0455;M00050;M00120
Girvan_Newman,Girvan_Newman_016,52,6,0.1154,False,VACC_0158;VACC_0150;VACC_0145;M00156;M00016
Girvan_Newman,Girvan_Newman_017,20,6,0.3,False,VACC_0190;M00052;VACC_0196;VACC_0189;M00192
Girvan_Newman,Girvan_Newman_018,29,6,0.2069,False,M00123;VACC_0212;VACC_0202;VACC_0218;VACC_0217
Girvan_Newman,Girvan_Newman_019,20,6,0.3,False,M00054;M00124;VACC_0229;VACC_0227;VACC_0488
Girvan_Newman,Girvan_Newman_020,11,6,0.5455,False,M00055;VACC_0460;VACC_0239;M00195;VACC_0238
Girvan_Newman,Girvan_Newman_021,40,6,0.15,False,VACC_0252;M00161;M00091;VACC_0244;VACC_0240
Girvan_Newman,Girvan_Newman_022,10,6,0.6,False,VACC_0273;M00092;M00162;M00197;M00057
Girvan_Newman,Girvan_Newman_023,14,6,0.4286,False,VACC_0276;VACC_0279;M00128;M00093;M00023
Girvan_Newman,Girvan_Newman_024,18,6,0.3333,False,VACC_0288;VACC_0286;M00024;VACC_0292;VACC_0495
Girvan_Newman,Girvan_Newman_025,11,6,0.5455,False,VACC_0293;VACC_0295;M00025;VACC_0472;VACC_0294
Girvan_Newman,Girvan_Newman_026,26,5,0.1923,False,VACC_0490;M00131;VACC_0299;VACC_0312;VACC_0306
Girvan_Newman,Girvan_Newman_027,33,5,0.1515,False,M00167;VACC_0336;VACC_0316;VACC_0322;VACC_0318
Girvan_Newman,Girvan_Newman_028,15,5,0.3333,False,M00028;VACC_0344;M00063;M00098;VACC_0341
Girvan_Newman,Girvan_Newman_029,10,5,0.5,False,VACC_0346;M00134;M00029;M00099;M00169
Girvan_Newman,Girvan_Newman_030,8,5,0.625,True,M00100;M00170;M00030;VACC_0351;VACC_0494
Girvan_Newman,Girvan_Newman_031,8,5,0.625,True,VACC_0353;M00066;VACC_0352;VACC_0354;M00136
Girvan_Newman,Girvan_Newman_032,25,5,0.2,False,VACC_0364;M00032;M00067;VACC_0372;VACC_0366
Girvan_Newman,Girvan_Newman_033,15,5,0.3333,False,M00068;M00033;VACC_0381;VACC_0376;M00103
Girvan_Newman,Girvan_Newman_034,34,5,0.1471,False,VACC_0384;VACC_0398;VACC_0400;VACC_0393;M00034
Girvan_Newman,Girvan_Newman_035,47,5,0.1064,False,VACC_0437;VACC_0416;VACC_0419;VACC_0440;VACC_0428
Girvan_Newman,Girvan_Newman_036,944,0,0.0,False,L00824;L00292;L00045;L00732;L00733
Girvan_Newman,Girvan_Newman_037,1,0,0.0,False,L00020
Girvan_Newman,Girvan_Newman_038,1,0,0.0,False,L00032
Girvan_Newman,Girvan_Newman_039,1,0,0.0,False,L00034
Girvan_Newman,Girvan_Newman_040,1,0,0.0,False,L00051
Girvan_Newman,Girvan_Newman_041,1,0,0.0,False,L00052
Girvan_Newman,Girvan_Newman_042,1,0,0.0,False,L00057
Girvan_Newman,Girvan_Newman_043,1,0,0.0,False,L00089
Girvan_Newman,Girvan_Newman_044,1,0,0.0,False,L00091
Girvan_Newman,Girvan_Newman_045,1,0,0.0,False,L00117
Girvan_Newman,Girvan_Newman_046,1,0,0.0,False,L00139
Girvan_Newman,Girvan_Newman_047,1,0,0.0,False,L00214
Girvan_Newman,Girvan_Newman_048,1,0,0.0,False,L00220
Girvan_Newman,Girvan_Newman_049,1,0,0.0,False,L00227
Girvan_Newman,Girvan_Newman_050,1,0,0.0,False,L00248
Girvan_Newman,Girvan_Newman_051,1,0,0.0,False,L00258
Girvan_Newman,Girvan_Newman_052,1,0,0.0,False,L00260
Girvan_Newman,Girvan_Newman_053,1,0,0.0,False,L00265
Girvan_Newman,Girvan_Newman_054,2,0,0.0,False,L00270;L00885
Girvan_Newman,Girvan_Newman_055,1,0,0.0,False,L00300
Girvan_Newman,Girvan_Newman_056,1,0,0.0,False,L00329
Girvan_Newman,Girvan_Newman_057,1,0,0.0,False,L00397
Girvan_Newman,Girvan_Newman_058,1,0,0.0,False,L00423
Girvan_Newman,Girvan_Newman_059,1,0,0.0,False,L00431
Girvan_Newman,Girvan_Newman_060,1,0,0.0,False,L00441
Girvan_Newman,Girvan_Newman_061,1,0,0.0,False,L00454
Girvan_Newman,Girvan_Newman_062,1,0,0.0,False,L00459
Girvan_Newman,Girvan_Newman_063,1,0,0.0,False,L00464
Girvan_Newman,Girvan_Newman_064,1,0,0.0,False,L00509
Girvan_Newman,Girvan_Newman_065,1,0,0.0,False,L00559
Girvan_Newman,Girvan_Newman_066,1,0,0.0,False,L00561
Girvan_Newman,Girvan_Newman_067,1,0,0.0,False,L00571
Girvan_Newman,Girvan_Newman_068,1,0,0.0,False,L00575
Girvan_Newman,Girvan_Newman_069,1,0,0.0,False,L00579
Girvan_Newman,Girvan_Newman_070,1,0,0.0,False,L00585
Girvan_Newman,Girvan_Newman_071,1,0,0.0,False,L00629
Girvan_Newman,Girvan_Newman_072,1,0,0.0,False,L00646
Girvan_Newman,Girvan_Newman_073,1,0,0.0,False,L00663
Girvan_Newman,Girvan_Newman_074,1,0,0.0,False,L00719
Girvan_Newman,Girvan_Newman_075,1,0,0.0,False,L00728
Girvan_Newman,Girvan_Newman_076,1,0,0.0,False,L00750
Girvan_Newman,Girvan_Newman_077,1,0,0.0,False,L00775
Girvan_Newman,Girvan_Newman_078,1,0,0.0,False,L00777
Girvan_Newman,Girvan_Newman_079,1,0,0.0,False,L00792
Girvan_Newman,Girvan_Newman_080,1,0,0.0,False,L00794
Girvan_Newman,Girvan_Newman_081,1,0,0.0,False,L00823
Girvan_Newman,Girvan_Newman_082,1,0,0.0,False,L00854
Girvan_Newman,Girvan_Newman_083,1,0,0.0,False,L00865
Girvan_Newman,Girvan_Newman_084,1,0,0.0,False,L00882
Girvan_Newman,Girvan_Newman_085,1,0,0.0,False,L00916
Girvan_Newman,Girvan_Newman_086,1,0,0.0,False,L00928
Girvan_Newman,Girvan_Newman_087,1,0,0.0,False,L00930
Girvan_Newman,Girvan_Newman_088,1,0,0.0,False,L00937
Girvan_Newman,Girvan_Newman_089,1,0,0.0,False,L00938
Girvan_Newman,Girvan_Newman_090,1,0,0.0,False,L00984
Girvan_Newman,Girvan_Newman_091,1,0,0.0,False,L00985
