cell_id,city,lat_min,lat_max,lon_min,lon_max,center_lat,center_lon,is_syndicate_hub,atm_count,dist_hub_km,dist_atm_km,is_urban,hist_withdrawal_count_30d,hist_withdrawal_amount_30d,hist_unique_cases,avg_withdrawal_amount,weekend_ratio,peak_hour,city_complaints,historical_withdrawal_count,historical_withdrawal_amount,recent_7d_count,is_high_risk,nearest_atms,model_probability,dbscan_cluster_weight,historical_density,final_score
CELL_0123,Gurugram,28.44,28.46,77.02,77.04,28.45,77.03,1,3,1.11,0.4,1,54,612000.0,29,11333.33,0.24,0,41,136,1543000.0,9,1,"['ATM_003', 'ATM_005', 'ATM_013']",0.9997,0.865,0.5528,0.8699
CELL_0236,Kolar,13.14,13.16,78.14,78.16,13.15,78.15,1,5,2.47,0.34,1,129,1412500.0,63,10949.61,0.22,8,34,246,2780000.0,28,1,"['ATM_101', 'ATM_102', 'ATM_104']",1.0,0.5237,1.0,0.8571
CELL_0084,Chennai,13.08,13.1,80.28,80.3,13.09,80.29,1,3,2.24,0.42,1,58,663000.0,30,11431.03,0.28,8,30,140,1606000.0,9,1,"['ATM_087', 'ATM_088', 'ATM_098']",0.9993,0.7973,0.5691,0.8527
CELL_0411,Nellore,14.48,14.5,79.94,79.96,14.49,79.95,1,1,6.57,0.15,0,27,293000.0,12,10851.85,0.59,0,46,76,838000.0,17,1,['ATM_111'],0.9951,0.9514,0.3089,0.8447
CELL_0155,Hyderabad,17.34,17.36,78.5,78.52,17.35,78.51,1,2,4.61,0.42,1,32,361500.0,17,11296.88,0.34,22,40,63,700500.0,5,1,"['ATM_080', 'ATM_081']",0.9947,0.9313,0.2561,0.828
CELL_0102,Coimbatore,11.0,11.02,76.96,76.98,11.01,76.97,0,2,228.45,0.35,1,32,409500.0,16,12796.88,0.31,19,46,79,969500.0,23,1,"['ATM_144', 'ATM_147']",0.992,0.8656,0.3211,0.8199
CELL_0127,Gurugram,28.46,28.48,76.98,77.0,28.47,76.99,1,2,3.76,1.01,1,38,482000.0,20,12684.21,0.26,1,41,114,1373000.0,11,1,"['ATM_007', 'ATM_012']",0.9961,0.7593,0.4634,0.8185
CELL_0178,Hyderabad,17.4,17.42,78.54,78.56,17.41,78.55,1,1,7.27,0.31,1,16,176500.0,7,11031.25,0.56,7,40,54,597500.0,6,1,['ATM_084'],0.9804,0.9014,0.2195,0.8045
CELL_0432,Noida,28.52,28.54,77.38,77.4,28.53,77.39,1,1,0.62,0.68,1,32,381500.0,14,11921.88,0.38,9,39,51,614000.0,7,1,['ATM_022'],0.9702,0.8586,0.2073,0.7841
CELL_0301,Mewat,28.1,28.12,77.0,77.02,28.11,77.01,1,3,1.48,0.44,1,54,611000.0,24,11314.81,0.15,5,34,113,1321500.0,11,1,"['ATM_046', 'ATM_049', 'ATM_053']",0.9992,0.5845,0.4593,0.7668
CELL_0205,Jamtara,23.96,23.98,86.76,86.78,23.97,86.77,1,1,3.45,0.68,0,22,243000.0,10,11045.45,0.73,23,36,40,432500.0,4,1,['ATM_040'],0.9803,0.7981,0.1626,0.7621
CELL_0300,Mewat,28.1,28.12,76.98,77.0,28.11,76.99,1,1,0.5,0.1,1,24,254500.0,11,10604.17,0.17,0,34,46,535500.0,2,0,['ATM_050'],0.9134,0.8857,0.187,0.7598
CELL_0272,Kolkata,22.6,22.62,88.32,88.34,22.61,88.33,0,3,216.66,0.73,1,11,124500.0,5,11318.18,0.64,5,43,29,335000.0,5,1,"['ATM_134', 'ATM_136', 'ATM_142']",0.9992,0.7729,0.1179,0.755
CELL_0014,Bengaluru,12.92,12.94,77.6,77.62,12.93,77.61,1,1,4.92,0.85,0,34,400500.0,16,11779.41,0.44,4,33,54,634000.0,2,0,['ATM_067'],0.9644,0.7544,0.2195,0.7524
CELL_0169,Hyderabad,17.38,17.4,78.5,78.52,17.39,78.51,1,1,2.53,0.41,1,28,295500.0,13,10553.57,0.5,3,40,61,670500.0,7,1,['ATM_073'],0.9797,0.708,0.248,0.7518
CELL_0031,Bengaluru,12.96,12.98,77.58,77.6,12.97,77.59,1,1,0.53,1.12,0,31,337000.0,14,10870.97,0.26,0,33,44,499500.0,4,1,['ATM_055'],0.9046,0.8671,0.1789,0.7482
CELL_0110,Gurugram,28.4,28.42,77.0,77.02,28.41,77.01,1,1,5.74,0.95,1,14,178000.0,8,12714.29,0.71,4,41,38,451500.0,2,0,['ATM_008'],0.9883,0.7285,0.1545,0.7436
CELL_0439,Noida,28.54,28.56,77.38,77.4,28.55,77.39,1,2,1.62,0.61,1,42,499500.0,21,11892.86,0.14,1,39,110,1321500.0,27,1,"['ATM_021', 'ATM_026']",0.9943,0.5148,0.4472,0.741
CELL_0398,Nellore,14.42,14.44,79.98,80.0,14.43,79.99,1,2,1.45,0.24,0,27,289000.0,16,10703.7,0.37,6,46,58,642500.0,14,1,"['ATM_110', 'ATM_116']",0.9982,0.6491,0.2358,0.741
CELL_0238,Kolar,13.14,13.16,78.18,78.2,13.15,78.19,1,1,6.43,0.81,1,38,479500.0,18,12618.42,0.21,11,34,61,753500.0,3,1,['ATM_105'],0.9246,0.7632,0.248,0.7409
CELL_0208,Jamtara,23.96,23.98,86.82,86.84,23.97,86.83,1,3,2.88,0.32,1,51,560500.0,26,10990.2,0.2,8,36,133,1515000.0,12,1,"['ATM_033', 'ATM_036', 'ATM_037']",0.9993,0.4425,0.5407,0.7405
CELL_0206,Jamtara,23.96,23.98,86.78,86.8,23.97,86.79,1,2,1.55,0.32,1,46,568000.0,22,12347.83,0.37,10,36,99,1157000.0,7,1,"['ATM_035', 'ATM_039']",0.9975,0.5357,0.4024,0.7399
CELL_0117,Gurugram,28.42,28.44,77.02,77.04,28.43,77.03,1,2,3.3,0.59,1,51,612000.0,29,12000.0,0.39,1,41,97,1126500.0,5,1,"['ATM_009', 'ATM_014']",0.9983,0.5382,0.3943,0.7395
CELL_0131,Gurugram,28.46,28.48,77.06,77.08,28.47,77.07,1,1,4.4,0.87,1,3,31000.0,2,10333.33,0.67,4,41,35,400000.0,12,1,['ATM_002'],0.9722,0.7491,0.1423,0.7393
CELL_0190,Hyderabad,17.44,17.46,78.5,78.52,17.45,78.51,1,1,7.64,1.04,1,22,265500.0,10,12068.18,0.36,7,40,62,725000.0,2,0,['ATM_079'],0.9524,0.7066,0.252,0.7386
CELL_0122,Gurugram,28.44,28.46,77.0,77.02,28.45,77.01,1,2,1.94,0.56,1,48,548500.0,21,11427.08,0.29,23,41,92,1053000.0,9,1,"['ATM_006', 'ATM_015']",0.9961,0.5523,0.374,0.7385
CELL_0076,Chennai,13.06,13.08,80.28,80.3,13.07,80.29,1,2,2.52,0.51,0,26,334000.0,12,12846.15,0.31,1,30,76,917000.0,14,1,"['ATM_093', 'ATM_096']",0.9942,0.5941,0.3089,0.7371
CELL_0261,Kolkata,22.56,22.58,88.34,88.36,22.57,88.35,0,2,221.25,0.6,1,14,158000.0,7,11285.71,0.0,6,43,31,369500.0,4,1,"['ATM_139', 'ATM_140']",0.939,0.8064,0.126,0.7366
CELL_0147,Hyderabad,17.32,17.34,78.48,78.5,17.33,78.49,1,1,6.13,0.48,0,11,127500.0,6,11590.91,0.0,3,40,46,537000.0,6,1,['ATM_072'],0.8832,0.8504,0.187,0.7341
CELL_0135,Gurugram,28.48,28.5,77.02,77.04,28.49,77.03,1,1,3.41,1.01,1,33,394000.0,18,11939.39,0.39,9,41,45,543500.0,2,0,['ATM_011'],0.9661,0.715,0.1829,0.7341
CELL_0207,Jamtara,23.96,23.98,86.8,86.82,23.97,86.81,1,1,1.1,1.23,0,10,135500.0,4,13550.0,0.3,15,36,51,643500.0,6,1,['ATM_034'],0.9184,0.7699,0.2073,0.7316
CELL_0402,Nellore,14.44,14.46,79.96,79.98,14.45,79.97,1,2,1.96,0.81,1,32,401000.0,14,12531.25,0.34,16,46,84,991000.0,19,1,"['ATM_114', 'ATM_117']",0.9976,0.5466,0.3415,0.7311
CELL_0393,Nellore,14.4,14.42,79.98,80.0,14.41,79.99,1,1,3.64,0.88,1,20,267500.0,10,13375.0,0.0,10,46,50,610000.0,10,1,['ATM_119'],0.9287,0.7461,0.2033,0.7288
CELL_0136,Gurugram,28.48,28.5,77.04,77.06,28.49,77.05,1,1,4.09,0.96,0,16,207000.0,9,12937.5,0.25,0,41,38,468500.0,5,1,['ATM_004'],0.9594,0.7269,0.1545,0.7287
CELL_0152,Hyderabad,17.34,17.36,78.44,78.46,17.35,78.45,1,1,5.51,0.78,1,32,373000.0,15,11656.25,0.12,21,40,60,713500.0,0,0,['ATM_074'],0.8956,0.77,0.2439,0.7276
CELL_0295,Mewat,28.08,28.1,76.98,77.0,28.09,76.99,1,3,2.17,0.57,1,47,509000.0,23,10829.79,0.36,9,34,99,1130000.0,7,1,"['ATM_043', 'ATM_047', 'ATM_051']",0.9994,0.4861,0.4024,0.726
CELL_0181,Hyderabad,17.42,17.44,78.46,78.48,17.43,78.47,1,1,5.31,1.34,0,25,313000.0,11,12520.0,0.52,0,40,43,504500.0,7,1,['ATM_082'],0.9809,0.6387,0.1748,0.717
CELL_0413,Nellore,14.48,14.5,79.98,80.0,14.49,79.99,1,1,5.28,1.11,1,27,330000.0,12,12222.22,0.11,20,46,57,678000.0,9,1,['ATM_118'],0.9227,0.6908,0.2317,0.7149
CELL_0202,Jamtara,23.94,23.96,86.78,86.8,23.95,86.79,1,2,1.91,0.86,0,45,523000.0,20,11622.22,0.13,22,36,97,1112000.0,6,1,"['ATM_031', 'ATM_032']",0.9888,0.4663,0.3943,0.7132
CELL_0425,Noida,28.5,28.52,77.38,77.4,28.51,77.39,1,2,2.84,0.87,0,59,676500.0,28,11466.1,0.25,12,39,103,1175500.0,9,1,"['ATM_020', 'ATM_029']",0.9965,0.432,0.4187,0.7116
CELL_0115,Gurugram,28.42,28.44,76.98,77.0,28.43,76.99,1,1,4.85,0.9,0,18,232000.0,7,12888.89,0.0,3,41,39,470500.0,3,1,['ATM_010'],0.9128,0.7418,0.1585,0.7106
CELL_0161,Hyderabad,17.36,17.38,78.48,78.5,17.37,78.49,1,1,1.7,0.87,1,18,206000.0,9,11444.44,0.17,18,40,50,531500.0,6,1,['ATM_077'],0.8753,0.7477,0.2033,0.7026
CELL_0230,Kolar,13.12,13.14,78.14,78.16,13.13,78.15,1,1,2.0,0.58,0,22,273000.0,9,12409.09,0.64,10,34,48,591000.0,3,1,['ATM_108'],0.9843,0.5683,0.1951,0.7017
CELL_0341,Mumbai,19.02,19.04,72.9,72.92,19.03,72.91,0,1,616.75,0.1,1,11,149000.0,5,13545.45,0.64,2,41,14,194000.0,3,1,['ATM_126'],0.7951,0.9674,0.0569,0.6991
CELL_0167,Hyderabad,17.38,17.4,78.46,78.48,17.39,78.47,1,1,1.86,0.81,1,15,151500.0,7,10100.0,0.2,1,40,41,435500.0,16,1,['ATM_078'],0.8906,0.7327,0.1667,0.6984
CELL_0431,Noida,28.52,28.54,77.36,77.38,28.53,77.37,1,1,2.14,0.72,0,31,348500.0,15,11241.94,0.32,16,39,55,613500.0,6,1,['ATM_017'],0.9547,0.5857,0.2236,0.6978
CELL_0004,Bengaluru,12.9,12.92,77.58,77.6,12.91,77.59,1,1,6.87,0.41,1,13,146000.0,6,11230.77,0.38,12,33,22,258000.0,4,1,['ATM_056'],0.9156,0.7394,0.0894,0.6975
CELL_0079,Chennai,13.06,13.08,80.34,80.36,13.07,80.35,1,1,8.7,0.68,1,25,283500.0,13,11340.0,0.2,7,30,52,622500.0,5,1,['ATM_090'],0.8316,0.7976,0.2114,0.6974
CELL_0349,Mumbai,19.06,19.08,72.82,72.84,19.07,72.83,0,1,626.08,0.45,0,5,61500.0,2,12300.0,1.0,19,41,14,159500.0,7,1,['ATM_133'],0.8524,0.8598,0.0569,0.6955
CELL_0175,Hyderabad,17.4,17.42,78.48,78.5,17.41,78.49,1,2,2.8,1.13,1,32,347000.0,15,10843.75,0.25,21,40,80,898500.0,14,1,"['ATM_075', 'ATM_083']",0.9869,0.4527,0.3252,0.6943
CELL_0399,Nellore,14.42,14.44,80.0,80.02,14.43,80.01,1,2,2.89,0.4,1,31,369500.0,15,11919.35,0.29,4,46,108,1268500.0,23,1,"['ATM_113', 'ATM_115']",0.998,0.3531,0.439,0.6927
CELL_0299,Mewat,28.1,28.12,76.96,76.98,28.11,76.97,1,2,2.45,1.07,1,22,273500.0,12,12431.82,0.27,12,34,69,800500.0,11,1,"['ATM_048', 'ATM_052']",0.9853,0.462,0.2805,0.6874
CELL_0030,Bengaluru,12.96,12.98,77.56,77.58,12.97,77.57,1,1,2.67,1.06,1,18,194000.0,9,10777.78,0.5,7,33,44,487000.0,0,0,['ATM_065'],0.9191,0.6296,0.1789,0.6842
CELL_0029,Bengaluru,12.96,12.98,77.54,77.56,12.97,77.55,1,1,4.84,0.78,0,19,176500.0,9,9289.47,0.26,0,33,29,296500.0,5,1,['ATM_059'],0.8585,0.7705,0.1179,0.684
CELL_0065,Chennai,13.04,13.06,80.22,80.24,13.05,80.23,1,1,5.71,1.02,1,21,235000.0,9,11190.48,0.43,1,30,36,405000.0,6,1,['ATM_095'],0.9051,0.6603,0.1463,0.6799
CELL_0067,Chennai,13.04,13.06,80.26,80.28,13.05,80.27,1,1,3.64,1.04,1,15,164000.0,7,10933.33,0.47,11,30,44,511500.0,2,0,['ATM_099'],0.8755,0.684,0.1789,0.6787
CELL_0170,Hyderabad,17.38,17.4,78.52,78.54,17.39,78.53,1,1,4.63,0.3,0,35,442500.0,16,12642.86,0.34,2,40,59,717000.0,12,1,['ATM_071'],0.987,0.4466,0.2398,0.6754
CELL_0160,Hyderabad,17.36,17.38,78.46,78.48,17.37,78.47,1,1,2.43,1.12,1,21,240000.0,10,11428.57,0.33,5,40,51,599000.0,8,1,['ATM_085'],0.937,0.5486,0.2073,0.6745
CELL_0022,Bengaluru,12.94,12.96,77.58,77.6,12.95,77.59,1,1,2.45,0.73,1,19,206000.0,8,10842.11,0.37,1,33,28,314000.0,4,1,['ATM_069'],0.9191,0.6396,0.1138,0.6742
CELL_0025,Bengaluru,12.94,12.96,77.64,77.66,12.95,77.65,1,1,6.47,1.07,0,23,274500.0,9,11934.78,0.13,5,33,42,505000.0,0,0,['ATM_068'],0.8567,0.6997,0.1707,0.6724
CELL_0050,Bengaluru,13.0,13.02,77.6,77.62,13.01,77.61,1,1,4.58,0.96,0,19,204000.0,9,10736.84,0.16,2,33,45,497500.0,9,1,['ATM_060'],0.8337,0.7253,0.1829,0.671
CELL_0203,Jamtara,23.94,23.96,86.8,86.82,23.95,86.81,1,1,1.57,1.01,0,11,119500.0,7,10863.64,0.36,3,36,30,353500.0,0,0,['ATM_041'],0.9149,0.6001,0.122,0.6619
CELL_0101,Coimbatore,11.0,11.02,76.94,76.96,11.01,76.95,0,1,229.11,0.69,0,19,243000.0,9,12789.47,0.11,5,46,36,443000.0,6,1,['ATM_146'],0.8673,0.6544,0.1463,0.6592
CELL_0044,Bengaluru,12.98,13.0,77.66,77.68,12.99,77.67,1,1,8.42,0.58,1,18,196500.0,8,10916.67,0.17,12,33,34,386500.0,3,1,['ATM_063'],0.8203,0.7265,0.1382,0.6557
CELL_0339,Mumbai,19.02,19.04,72.86,72.88,19.03,72.87,0,2,620.79,0.55,1,12,142000.0,5,11833.33,0.25,7,41,22,275500.0,3,1,"['ATM_123', 'ATM_128']",0.7735,0.8309,0.0894,0.6539
CELL_0032,Bengaluru,12.96,12.98,77.6,77.62,12.97,77.61,1,1,1.68,0.8,1,29,341000.0,14,11758.62,0.17,3,33,60,739500.0,7,1,['ATM_058'],0.8838,0.5374,0.2439,0.6519
CELL_0433,Noida,28.52,28.54,77.4,77.42,28.53,77.41,1,1,1.95,0.88,1,32,353000.0,16,11031.25,0.31,9,39,50,551500.0,6,1,['ATM_024'],0.9409,0.4584,0.2033,0.6486
CELL_0229,Kolar,13.12,13.14,78.12,78.14,13.13,78.13,1,1,0.69,0.75,1,26,309500.0,12,11903.85,0.0,4,34,43,508500.0,1,0,['ATM_109'],0.8183,0.6766,0.1748,0.6471
CELL_0438,Noida,28.54,28.56,77.36,77.38,28.55,77.37,1,1,2.61,1.0,1,36,411000.0,16,11416.67,0.22,5,39,60,687500.0,6,1,['ATM_018'],0.9357,0.4322,0.2439,0.6463
CELL_0035,Bengaluru,12.96,12.98,77.66,77.68,12.97,77.67,1,1,8.17,0.54,1,18,193500.0,10,10750.0,0.28,23,33,39,436000.0,0,0,['ATM_057'],0.8336,0.655,0.1585,0.645
CELL_0168,Hyderabad,17.38,17.4,78.48,78.5,17.39,78.49,1,1,0.66,0.89,0,16,163500.0,7,10218.75,0.38,9,40,38,411000.0,7,1,['ATM_076'],0.9435,0.464,0.1545,0.6418
CELL_0345,Mumbai,19.04,19.06,72.86,72.88,19.05,72.87,0,2,621.41,0.47,1,15,177500.0,7,11833.33,0.47,2,41,23,259500.0,0,0,"['ATM_121', 'ATM_131']",0.9055,0.5652,0.0935,0.641
CELL_0066,Chennai,13.04,13.06,80.24,80.26,13.05,80.25,1,1,4.27,0.9,1,16,193500.0,8,12093.75,0.31,1,30,33,391500.0,7,1,['ATM_086'],0.8791,0.5796,0.1341,0.6402
CELL_0105,Coimbatore,11.02,11.04,76.94,76.96,11.03,76.95,0,1,226.99,1.23,0,16,209500.0,9,13093.75,0.19,7,46,48,588500.0,11,1,['ATM_145'],0.8418,0.5993,0.1951,0.6397
CELL_0437,Noida,28.54,28.56,77.34,77.36,28.55,77.35,1,2,4.32,0.71,1,33,383500.0,18,11621.21,0.21,1,39,78,893000.0,7,1,"['ATM_019', 'ATM_025']",0.9933,0.26,0.3171,0.6381
CELL_0039,Bengaluru,12.98,13.0,77.56,77.58,12.99,77.57,1,1,3.36,0.91,1,19,220000.0,11,11578.95,0.42,23,33,39,464500.0,3,1,['ATM_061'],0.8885,0.5375,0.1585,0.6372
CELL_0256,Kolkata,22.54,22.56,88.36,88.38,22.55,88.37,0,1,224.27,0.89,0,4,54000.0,2,13500.0,0.0,3,43,15,160000.0,0,0,['ATM_138'],0.7119,0.8903,0.061,0.6352
CELL_0038,Bengaluru,12.98,13.0,77.54,77.56,12.99,77.55,1,1,5.25,1.02,0,22,259000.0,11,11772.73,0.14,10,33,44,486000.0,2,0,['ATM_070'],0.8351,0.5974,0.1789,0.6326
CELL_0228,Kolar,13.12,13.14,78.1,78.12,13.13,78.11,1,1,2.52,0.87,0,26,336000.0,13,12923.08,0.35,6,34,55,706000.0,9,1,['ATM_100'],0.9567,0.3628,0.2236,0.6319
CELL_0068,Chennai,13.04,13.06,80.28,80.3,13.05,80.29,1,1,4.19,0.7,0,16,172000.0,8,10750.0,0.19,2,30,28,314000.0,0,0,['ATM_092'],0.8282,0.6274,0.1138,0.6251
CELL_0426,Noida,28.5,28.52,77.4,77.42,28.51,77.41,1,1,3.39,1.11,0,14,167500.0,8,11964.29,0.5,2,39,50,590000.0,9,1,['ATM_027'],0.9693,0.3212,0.2033,0.6217
CELL_0424,Noida,28.5,28.52,77.36,77.38,28.51,77.37,1,1,3.5,1.17,0,32,396500.0,16,12390.62,0.22,7,39,42,528500.0,5,1,['ATM_023'],0.9438,0.3739,0.1707,0.6182
CELL_0401,Nellore,14.44,14.46,79.94,79.96,14.45,79.95,1,1,4.02,0.84,0,18,240500.0,9,13361.11,0.06,7,46,60,694000.0,4,1,['ATM_112'],0.955,0.2903,0.2439,0.6134
CELL_0129,Gurugram,28.46,28.48,77.02,77.04,28.47,77.03,1,1,1.21,0.68,1,18,212500.0,9,11805.56,0.22,21,41,36,427000.0,0,0,['ATM_001'],0.9169,0.4188,0.1463,0.6133
CELL_0296,Mewat,28.08,28.1,77.0,77.02,28.09,77.01,1,1,2.57,1.04,0,24,310000.0,11,12916.67,0.21,9,34,35,441000.0,4,1,['ATM_045'],0.9138,0.4102,0.1423,0.6084
CELL_0047,Bengaluru,13.0,13.02,77.54,77.56,13.01,77.55,1,1,6.45,0.72,0,11,113500.0,6,10318.18,0.09,2,33,25,284000.0,0,0,['ATM_062'],0.7731,0.6605,0.1016,0.605
CELL_0083,Chennai,13.08,13.1,80.26,80.28,13.09,80.27,1,1,0.82,0.68,1,20,262000.0,10,13100.0,0.1,10,30,43,529500.0,3,1,['ATM_094'],0.8254,0.4896,0.1748,0.5945
CELL_0210,Jamtara,23.98,24.0,86.78,86.8,23.99,86.79,1,1,3.33,0.63,0,28,347500.0,15,12410.71,0.14,5,36,38,476500.0,1,0,['ATM_042'],0.931,0.3203,0.1545,0.5925
CELL_0217,Kochi,9.94,9.96,76.26,76.28,9.95,76.27,0,1,365.68,0.6,1,25,322500.0,14,12900.0,0.24,3,37,43,551000.0,1,0,['ATM_149'],0.6702,0.7332,0.1748,0.59
CELL_0359,Mumbai,19.08,19.1,72.9,72.92,19.09,72.91,0,2,618.67,0.48,1,10,121000.0,5,12100.0,0.0,0,41,18,220500.0,0,0,"['ATM_122', 'ATM_130']",0.6274,0.8598,0.0732,0.5863
CELL_0012,Bengaluru,12.92,12.94,77.56,77.58,12.93,77.57,1,1,5.34,1.31,1,27,298000.0,12,11037.04,0.15,8,33,35,370500.0,3,1,['ATM_064'],0.7722,0.5492,0.1423,0.5793
CELL_0306,Mewat,28.12,28.14,77.0,77.02,28.13,77.01,1,1,2.76,0.88,1,7,65000.0,5,9285.71,0.43,1,34,32,353500.0,5,1,['ATM_044'],0.8696,0.391,0.1301,0.5781
CELL_0090,Chennai,13.1,13.12,80.24,80.26,13.11,80.25,1,1,3.77,1.14,0,17,199000.0,10,11705.88,0.12,1,30,46,520500.0,8,1,['ATM_091'],0.7696,0.5196,0.187,0.5781
CELL_0440,Noida,28.54,28.56,77.4,77.42,28.55,77.41,1,1,2.46,0.85,1,11,108500.0,5,9863.64,0.36,20,39,31,330000.0,5,1,['ATM_030'],0.8802,0.3631,0.126,0.5742
CELL_0081,Chennai,13.08,13.1,80.22,80.24,13.09,80.23,1,1,4.48,0.65,1,8,98500.0,4,12312.5,0.0,7,30,45,523500.0,12,1,['ATM_097'],0.6849,0.6436,0.1829,0.5721
CELL_0085,Chennai,13.08,13.1,80.3,80.32,13.09,80.31,1,1,4.33,0.79,0,9,110500.0,6,12277.78,0.11,1,30,43,509000.0,13,1,['ATM_089'],0.8017,0.4507,0.1748,0.571
CELL_0310,Mewat,28.14,28.16,76.98,77.0,28.15,76.99,1,1,4.59,0.91,1,20,223000.0,12,11150.0,0.4,3,34,54,612000.0,8,1,['ATM_054'],0.919,0.2194,0.2195,0.5692
CELL_0277,Kolkata,22.62,22.64,88.3,88.32,22.63,88.31,0,1,213.64,0.27,1,7,59000.0,3,8428.57,0.14,20,43,14,148000.0,4,1,['ATM_143'],0.5628,0.9144,0.0569,0.5671
CELL_0199,Jamtara,23.92,23.94,86.8,86.82,23.93,86.81,1,1,3.69,1.21,1,2,25500.0,2,12750.0,0.0,7,36,22,250000.0,0,0,['ATM_038'],0.6959,0.6681,0.0894,0.5663
CELL_0434,Noida,28.52,28.54,77.42,77.44,28.53,77.43,1,1,3.86,1.13,1,13,138000.0,7,10615.38,0.31,6,39,33,367500.0,1,0,['ATM_016'],0.8895,0.2395,0.1341,0.5434
CELL_0314,Mumbai,18.94,18.96,72.84,72.86,18.95,72.85,0,1,620.39,1.42,0,7,69000.0,4,9857.14,1.0,3,41,11,112500.0,0,0,['ATM_132'],0.6919,0.6237,0.0447,0.542
CELL_0013,Bengaluru,12.92,12.94,77.58,77.6,12.93,77.59,1,1,4.65,1.16,0,10,116500.0,7,11650.0,0.0,2,33,24,284000.0,2,0,['ATM_066'],0.6927,0.5812,0.0976,0.5402
CELL_0274,Kolkata,22.6,22.62,88.36,88.38,22.61,88.37,0,1,219.62,0.8,1,8,105500.0,4,13187.5,0.0,23,43,9,114500.0,0,0,['ATM_137'],0.5894,0.766,0.0366,0.5318
CELL_0222,Kolar,13.1,13.12,78.1,78.12,13.11,78.11,1,1,3.76,0.91,1,15,195000.0,6,13000.0,0.0,1,34,40,466000.0,2,0,['ATM_103'],0.8111,0.2407,0.1626,0.5103
CELL_0218,Kochi,9.94,9.96,76.28,76.3,9.95,76.29,0,1,364.82,0.83,0,21,250000.0,8,11904.76,0.14,1,37,37,439000.0,6,1,['ATM_150'],0.5521,0.649,0.1504,0.5008
CELL_0263,Kolkata,22.56,22.58,88.38,88.4,22.57,88.39,0,1,224.18,1.01,1,6,76000.0,3,12666.67,0.0,19,43,11,140000.0,0,0,['ATM_141'],0.5212,0.7136,0.0447,0.4836
CELL_0447,Noida,28.56,28.58,77.4,77.42,28.57,77.41,1,1,4.26,1.13,1,7,84500.0,3,12071.43,0.0,9,39,32,379000.0,13,1,['ATM_028'],0.7549,0.203,0.1301,0.4644
CELL_0262,Kolkata,22.56,22.58,88.36,88.38,22.57,88.37,0,1,222.71,1.11,1,6,55500.0,3,9250.0,0.17,8,43,12,125500.0,0,0,['ATM_135'],0.5175,0.6214,0.0488,0.4549
CELL_0344,Mumbai,19.04,19.06,72.84,72.86,19.05,72.85,0,1,623.43,1.08,1,3,38500.0,2,12833.33,0.67,18,41,9,108500.0,0,0,['ATM_124'],0.4767,0.6968,0.0366,0.4547
CELL_0213,Kochi,9.92,9.94,76.24,76.26,9.93,76.25,0,1,368.58,1.09,1,12,119000.0,6,9916.67,0.17,2,37,30,319500.0,0,0,['ATM_148'],0.285,0.6948,0.122,0.3753
CELL_0370,Mumbai,19.12,19.14,72.88,72.9,19.13,72.89,0,1,621.98,1.09,1,3,41000.0,1,13666.67,0.0,0,41,10,110000.0,4,1,['ATM_125'],0.1268,0.6943,0.0407,0.2798
CELL_0368,Mumbai,19.12,19.14,72.84,72.86,19.13,72.85,0,1,626.0,0.96,1,8,82000.0,3,10250.0,0.0,21,41,8,82000.0,0,0,['ATM_129'],0.0478,0.7256,0.0325,0.2481
CELL_0082,Chennai,13.08,13.1,80.24,80.26,13.09,80.25,1,0,2.38,1.19,0,0,0.0,0,0.0,0.0,15,30,0,0.0,0,0,"['ATM_091', 'ATM_097', 'ATM_094']",0.0082,0.7007,0.0,0.2143
CELL_0414,Nellore,14.48,14.5,80.0,80.02,14.49,80.01,1,0,5.85,1.27,0,0,0.0,0,0.0,0.0,15,46,0,0.0,0,0,"['ATM_118', 'ATM_113', 'ATM_117']",0.0323,0.6558,0.0,0.2129
CELL_0176,Hyderabad,17.4,17.42,78.5,78.52,17.41,78.51,1,0,3.72,1.25,0,0,0.0,0,0.0,0.0,15,40,0,0.0,0,0,"['ATM_083', 'ATM_075', 'ATM_073']",0.0193,0.6722,0.0,0.2113
CELL_0134,Gurugram,28.48,28.5,77.0,77.02,28.49,77.01,1,0,3.76,1.21,0,0,0.0,0,0.0,0.0,15,41,0,0.0,0,0,"['ATM_011', 'ATM_001', 'ATM_004']",0.0218,0.6674,0.0,0.2111
CELL_0377,Mumbai,19.14,19.16,72.9,72.92,19.15,72.91,0,1,620.64,0.58,1,4,47000.0,2,11750.0,0.0,0,41,4,47000.0,0,0,['ATM_127'],0.1234,0.482,0.0163,0.2096
CELL_0388,Nellore,14.38,14.4,79.98,80.0,14.39,79.99,1,0,5.86,1.35,0,0,0.0,0,0.0,0.0,15,46,0,0.0,0,0,"['ATM_119', 'ATM_116', 'ATM_115']",0.0304,0.6386,0.0,0.2068
CELL_0216,Kochi,9.94,9.96,76.24,76.26,9.95,76.25,0,0,366.54,1.14,0,0,0.0,0,0.0,0.0,15,37,0,0.0,0,0,"['ATM_148', 'ATM_149', 'ATM_150']",0.0017,0.6846,0.0,0.2062
CELL_0051,Bengaluru,13.0,13.02,77.62,77.64,13.01,77.63,1,0,5.74,1.25,0,0,0.0,0,0.0,0.0,15,33,0,0.0,0,0,"['ATM_060', 'ATM_063', 'ATM_055']",0.0101,0.6613,0.0,0.2034
CELL_0376,Mumbai,19.14,19.16,72.88,72.9,19.15,72.89,0,0,622.65,1.19,0,0,0.0,0,0.0,0.0,15,41,0,0.0,0,0,"['ATM_125', 'ATM_127', 'ATM_129']",0.0005,0.6745,0.0,0.2026
CELL_0116,Gurugram,28.42,28.44,77.0,77.02,28.43,77.01,1,0,3.66,1.36,0,0,0.0,0,0.0,0.0,15,41,0,0.0,0,0,"['ATM_008', 'ATM_010', 'ATM_015']",0.0194,0.636,0.0,0.2005
CELL_0121,Gurugram,28.44,28.46,76.98,77.0,28.45,76.99,1,0,3.73,1.26,0,0,0.0,0,0.0,0.0,15,41,0,0.0,0,0,"['ATM_012', 'ATM_010', 'ATM_007']",0.021,0.6286,0.0,0.1991
CELL_0195,Jamtara,23.9,23.92,86.8,86.82,23.91,86.81,1,0,5.88,1.33,0,0,0.0,0,0.0,0.0,15,36,0,0.0,0,0,"['ATM_038', 'ATM_032', 'ATM_031']",0.0124,0.6425,0.0,0.1989
CELL_0130,Gurugram,28.46,28.48,77.04,77.06,28.47,77.05,1,0,2.57,1.4,0,0,0.0,0,0.0,0.0,15,41,0,0.0,0,0,"['ATM_002', 'ATM_001', 'ATM_005']",0.019,0.6261,0.0,0.1973
CELL_0189,Hyderabad,17.44,17.46,78.48,78.5,17.45,78.49,1,0,7.24,1.39,0,0,0.0,0,0.0,0.0,15,40,0,0.0,0,0,"['ATM_079', 'ATM_083', 'ATM_082']",0.017,0.6285,0.0,0.197
CELL_0021,Bengaluru,12.94,12.96,77.56,77.58,12.95,77.57,1,0,3.59,1.32,0,0,0.0,0,0.0,0.0,15,33,0,0.0,0,0,"['ATM_064', 'ATM_069', 'ATM_059']",0.0096,0.6396,0.0,0.1967
CELL_0180,Hyderabad,17.42,17.44,78.44,78.46,17.43,78.45,1,0,6.34,1.42,0,0,0.0,0,0.0,0.0,15,40,0,0.0,0,0,"['ATM_082', 'ATM_078', 'ATM_083']",0.0167,0.6249,0.0,0.1958
CELL_0403,Nellore,14.44,14.46,79.98,80.0,14.45,79.99,1,0,0.91,1.91,0,0,0.0,0,0.0,0.0,15,46,0,0.0,0,0,"['ATM_110', 'ATM_117', 'ATM_116']",0.0203,0.6185,0.0,0.1957
CELL_0362,Mumbai,19.1,19.12,72.84,72.86,19.11,72.85,0,0,625.34,1.31,0,0,0.0,0,0.0,0.0,15,41,0,0.0,0,0,"['ATM_129', 'ATM_133', 'ATM_125']",0.0005,0.6461,0.0,0.1941
CELL_0350,Mumbai,19.06,19.08,72.84,72.86,19.07,72.85,0,0,624.06,1.31,0,0,0.0,0,0.0,0.0,15,41,0,0.0,0,0,"['ATM_124', 'ATM_133', 'ATM_121']",0.0005,0.646,0.0,0.194
CELL_0023,Bengaluru,12.94,12.96,77.6,77.62,12.95,77.61,1,0,2.92,1.38,0,0,0.0,0,0.0,0.0,15,33,0,0.0,0,0,"['ATM_067', 'ATM_058', 'ATM_069']",0.0092,0.6315,0.0,0.194
CELL_0142,Gurugram,28.5,28.52,77.04,77.06,28.51,77.05,1,0,6.06,1.48,0,0,0.0,0,0.0,0.0,15,41,0,0.0,0,0,"['ATM_004', 'ATM_011', 'ATM_002']",0.0175,0.6098,0.0,0.1917
CELL_0166,Hyderabad,17.38,17.4,78.44,78.46,17.39,78.45,1,0,3.93,1.55,0,0,0.0,0,0.0,0.0,15,40,0,0.0,0,0,"['ATM_078', 'ATM_085', 'ATM_082']",0.0153,0.6054,0.0,0.1893
CELL_0154,Hyderabad,17.34,17.36,78.48,78.5,17.35,78.49,1,0,3.91,1.54,0,0,0.0,0,0.0,0.0,15,40,0,0.0,0,0,"['ATM_077', 'ATM_072', 'ATM_080']",0.0154,0.6003,0.0,0.1878
CELL_0235,Kolar,13.14,13.16,78.12,78.14,13.15,78.13,1,0,1.61,1.34,0,0,0.0,0,0.0,0.0,15,34,0,0.0,0,0,"['ATM_104', 'ATM_107', 'ATM_101']",0.0105,0.6056,0.0,0.1869
CELL_0016,Bengaluru,12.92,12.94,77.64,77.66,12.93,77.65,1,0,7.58,1.49,0,0,0.0,0,0.0,0.0,15,33,0,0.0,0,0,"['ATM_068', 'ATM_067', 'ATM_057']",0.0082,0.6075,0.0,0.1863
CELL_0073,Chennai,13.06,13.08,80.22,80.24,13.07,80.23,1,0,4.63,1.24,0,0,0.0,0,0.0,0.0,15,30,0,0.0,0,0,"['ATM_095', 'ATM_097', 'ATM_086']",0.0077,0.6005,0.0,0.184
CELL_0201,Jamtara,23.94,23.96,86.76,86.78,23.95,86.77,1,0,3.62,1.51,0,0,0.0,0,0.0,0.0,15,36,0,0.0,0,0,"['ATM_032', 'ATM_040', 'ATM_035']",0.0109,0.5944,0.0,0.1838
CELL_0397,Nellore,14.42,14.44,79.96,79.98,14.43,79.97,1,0,2.26,1.55,0,0,0.0,0,0.0,0.0,15,46,0,0.0,0,0,"['ATM_117', 'ATM_114', 'ATM_110']",0.0266,0.5676,0.0,0.1836
CELL_0151,Hyderabad,17.34,17.36,78.42,78.44,17.35,78.43,1,0,7.17,1.62,0,0,0.0,0,0.0,0.0,15,40,0,0.0,0,0,"['ATM_074', 'ATM_085', 'ATM_078']",0.0142,0.5844,0.0,0.1824
CELL_0273,Kolkata,22.6,22.62,88.34,88.36,22.61,88.35,0,0,218.14,1.55,0,0,0.0,0,0.0,0.0,15,43,0,0.0,0,0,"['ATM_137', 'ATM_142', 'ATM_136']",0.0053,0.5961,0.0,0.1815
CELL_0278,Kolkata,22.62,22.64,88.32,88.34,22.63,88.33,0,0,215.12,1.44,0,0,0.0,0,0.0,0.0,15,43,0,0.0,0,0,"['ATM_134', 'ATM_142', 'ATM_136']",0.0058,0.5918,0.0,0.1804
CELL_0347,Mumbai,19.04,19.06,72.9,72.92,19.05,72.91,0,1,617.38,0.3,1,2,19500.0,1,9750.0,0.0,22,41,4,36000.0,2,0,['ATM_120'],0.0619,0.487,0.0163,0.1803
CELL_0320,Mumbai,18.96,18.98,72.84,72.86,18.97,72.85,0,0,620.98,1.53,0,0,0.0,0,0.0,0.0,15,41,0,0.0,0,0,"['ATM_132', 'ATM_128', 'ATM_123']",0.0004,0.5998,0.0,0.1801
CELL_0313,Mumbai,18.94,18.96,72.82,72.84,18.95,72.83,0,0,622.41,1.54,0,0,0.0,0,0.0,0.0,15,41,0,0.0,0,0,"['ATM_132', 'ATM_128', 'ATM_123']",0.0004,0.5993,0.0,0.18
CELL_0232,Kolar,13.12,13.14,78.18,78.2,13.13,78.19,1,0,6.26,1.61,0,0,0.0,0,0.0,0.0,15,34,0,0.0,0,0,"['ATM_105', 'ATM_106', 'ATM_108']",0.0083,0.5851,0.0,0.1797
CELL_0267,Kolkata,22.58,22.6,88.34,88.36,22.59,88.35,0,0,219.69,1.35,0,0,0.0,0,0.0,0.0,15,43,0,0.0,0,0,"['ATM_139', 'ATM_140', 'ATM_137']",0.0061,0.5877,0.0,0.1794
CELL_0048,Bengaluru,13.0,13.02,77.56,77.58,13.01,77.57,1,0,5.03,1.53,0,0,0.0,0,0.0,0.0,15,33,0,0.0,0,0,"['ATM_061', 'ATM_070', 'ATM_062']",0.0081,0.5826,0.0,0.1788
CELL_0174,Hyderabad,17.4,17.42,78.46,78.48,17.41,78.47,1,0,3.3,1.68,0,0,0.0,0,0.0,0.0,15,40,0,0.0,0,0,"['ATM_082', 'ATM_078', 'ATM_075']",0.0139,0.5698,0.0,0.1779
CELL_0100,Coimbatore,11.0,11.02,76.92,76.94,11.01,76.93,0,0,229.79,1.54,0,0,0.0,0,0.0,0.0,15,46,0,0.0,0,0,"['ATM_146', 'ATM_145', 'ATM_144']",0.0065,0.5802,0.0,0.1773
CELL_0126,Gurugram,28.46,28.48,76.96,76.98,28.47,76.97,1,0,5.65,1.17,0,0,0.0,0,0.0,0.0,15,41,0,0.0,0,0,"['ATM_007', 'ATM_012', 'ATM_010']",0.0222,0.5506,0.0,0.1763
CELL_0087,Chennai,13.08,13.1,80.34,80.36,13.09,80.35,1,0,8.63,1.67,0,0,0.0,0,0.0,0.0,15,30,0,0.0,0,0,"['ATM_090', 'ATM_089', 'ATM_088']",0.0054,0.5734,0.0,0.1747
CELL_0173,Hyderabad,17.4,17.42,78.44,78.46,17.41,78.45,1,0,4.78,1.74,0,0,0.0,0,0.0,0.0,15,40,0,0.0,0,0,"['ATM_082', 'ATM_078', 'ATM_085']",0.0131,0.5599,0.0,0.1745
CELL_0319,Mumbai,18.96,18.98,72.82,72.84,18.97,72.83,0,0,623.01,1.65,0,0,0.0,0,0.0,0.0,15,41,0,0.0,0,0,"['ATM_132', 'ATM_128', 'ATM_123']",0.0004,0.5779,0.0,0.1736
CELL_0137,Gurugram,28.48,28.5,77.06,77.08,28.49,77.07,1,0,5.43,1.79,0,0,0.0,0,0.0,0.0,15,41,0,0.0,0,0,"['ATM_002', 'ATM_004', 'ATM_011']",0.0138,0.5496,0.0,0.1718
CELL_0005,Bengaluru,12.9,12.92,77.6,77.62,12.91,77.61,1,0,7.05,1.76,0,0,0.0,0,0.0,0.0,15,33,0,0.0,0,0,"['ATM_056', 'ATM_066', 'ATM_067']",0.0067,0.5598,0.0,0.1713
CELL_0200,Jamtara,23.92,23.94,86.82,86.84,23.93,86.83,1,0,4.54,1.76,0,0,0.0,0,0.0,0.0,15,36,0,0.0,0,0,"['ATM_038', 'ATM_037', 'ATM_034']",0.009,0.5551,0.0,0.171
CELL_0145,Hyderabad,17.32,17.34,78.44,78.46,17.33,78.45,1,0,7.25,1.81,0,0,0.0,0,0.0,0.0,15,40,0,0.0,0,0,"['ATM_074', 'ATM_072', 'ATM_085']",0.0122,0.5465,0.0,0.17
CELL_0024,Bengaluru,12.94,12.96,77.62,77.64,12.95,77.63,1,0,4.53,1.77,0,0,0.0,0,0.0,0.0,15,33,0,0.0,0,0,"['ATM_068', 'ATM_067', 'ATM_058']",0.0067,0.555,0.0,0.1698
CELL_0269,Kolkata,22.58,22.6,88.38,88.4,22.59,88.39,0,0,222.64,1.76,0,0,0.0,0,0.0,0.0,15,43,0,0.0,0,0,"['ATM_141', 'ATM_137', 'ATM_135']",0.0043,0.5559,0.0,0.1689
CELL_0162,Hyderabad,17.36,17.38,78.5,78.52,17.37,78.51,1,0,2.98,1.81,0,0,0.0,0,0.0,0.0,15,40,0,0.0,0,0,"['ATM_081', 'ATM_077', 'ATM_080']",0.0125,0.5399,0.0,0.1682
CELL_0183,Hyderabad,17.42,17.44,78.5,78.52,17.43,78.51,1,0,5.58,1.85,0,0,0.0,0,0.0,0.0,15,40,0,0.0,0,0,"['ATM_079', 'ATM_083', 'ATM_075']",0.012,0.5403,0.0,0.1681
CELL_0257,Kolkata,22.54,22.56,88.38,88.4,22.55,88.39,0,0,225.73,1.46,0,0,0.0,0,0.0,0.0,15,43,0,0.0,0,0,"['ATM_138', 'ATM_135', 'ATM_141']",0.0054,0.5508,0.0,0.1679
CELL_0177,Hyderabad,17.4,17.42,78.52,78.54,17.41,78.53,1,0,5.37,1.85,0,0,0.0,0,0.0,0.0,15,40,0,0.0,0,0,"['ATM_084', 'ATM_071', 'ATM_073']",0.012,0.5394,0.0,0.1678
CELL_0268,Kolkata,22.58,22.6,88.36,88.38,22.59,88.37,0,0,221.16,1.79,0,0,0.0,0,0.0,0.0,15,43,0,0.0,0,0,"['ATM_137', 'ATM_141', 'ATM_140']",0.0043,0.5503,0.0,0.1672
CELL_0075,Chennai,13.06,13.08,80.26,80.28,13.07,80.27,1,0,1.41,1.45,0,0,0.0,0,0.0,0.0,15,30,0,0.0,0,0,"['ATM_099', 'ATM_087', 'ATM_098']",0.0067,0.5445,0.0,0.1667
CELL_0111,Gurugram,28.4,28.42,77.02,77.04,28.41,77.03,1,0,5.51,1.88,0,0,0.0,0,0.0,0.0,15,41,0,0.0,0,0,"['ATM_008', 'ATM_014', 'ATM_009']",0.0128,0.534,0.0,0.1666
CELL_0196,Jamtara,23.9,23.92,86.82,86.84,23.91,86.83,1,0,6.45,1.84,0,0,0.0,0,0.0,0.0,15,36,0,0.0,0,0,"['ATM_038', 'ATM_037', 'ATM_034']",0.0083,0.5401,0.0,0.1662
CELL_0104,Coimbatore,11.02,11.04,76.92,76.94,11.03,76.93,0,0,227.67,1.39,0,0,0.0,0,0.0,0.0,15,46,0,0.0,0,0,"['ATM_145', 'ATM_146', 'ATM_144']",0.0074,0.5404,0.0,0.1658
CELL_0271,Kolkata,22.6,22.62,88.3,88.32,22.61,88.31,0,0,215.2,1.44,0,0,0.0,0,0.0,0.0,15,43,0,0.0,0,0,"['ATM_136', 'ATM_134', 'ATM_142']",0.0058,0.5419,0.0,0.1655
CELL_0148,Hyderabad,17.32,17.34,78.5,78.52,17.33,78.51,1,0,6.6,1.89,0,0,0.0,0,0.0,0.0,15,40,0,0.0,0,0,"['ATM_072', 'ATM_080', 'ATM_081']",0.0115,0.5326,0.0,0.1655
CELL_0239,Kolar,13.14,13.16,78.2,78.22,13.15,78.21,1,0,8.54,1.84,0,0,0.0,0,0.0,0.0,15,34,0,0.0,0,0,"['ATM_105', 'ATM_106', 'ATM_102']",0.0068,0.5397,0.0,0.1653
CELL_0141,Gurugram,28.5,28.52,77.02,77.04,28.51,77.03,1,0,5.63,1.91,0,0,0.0,0,0.0,0.0,15,41,0,0.0,0,0,"['ATM_011', 'ATM_004', 'ATM_001']",0.0125,0.5297,0.0,0.1652
CELL_0074,Chennai,13.06,13.08,80.24,80.26,13.07,80.25,1,0,2.65,1.38,0,0,0.0,0,0.0,0.0,15,30,0,0.0,0,0,"['ATM_086', 'ATM_097', 'ATM_095']",0.007,0.5376,0.0,0.1648
CELL_0103,Coimbatore,11.0,11.02,76.98,77.0,11.01,76.99,0,0,227.82,1.71,0,0,0.0,0,0.0,0.0,15,46,0,0.0,0,0,"['ATM_147', 'ATM_144', 'ATM_146']",0.0058,0.5395,0.0,0.1648
CELL_0408,Nellore,14.46,14.48,79.98,80.0,14.47,79.99,1,0,3.07,1.98,0,0,0.0,0,0.0,0.0,15,46,0,0.0,0,0,"['ATM_118', 'ATM_117', 'ATM_114']",0.019,0.5155,0.0,0.1642
CELL_0358,Mumbai,19.08,19.1,72.88,72.9,19.09,72.89,0,0,620.68,1.65,0,0,0.0,0,0.0,0.0,15,41,0,0.0,0,0,"['ATM_130', 'ATM_122', 'ATM_120']",0.0004,0.5416,0.0,0.1627
CELL_0406,Nellore,14.46,14.48,79.94,79.96,14.47,79.95,1,0,4.97,1.59,0,0,0.0,0,0.0,0.0,15,46,0,0.0,0,0,"['ATM_112', 'ATM_111', 'ATM_114']",0.0254,0.496,0.0,0.1615
CELL_0040,Bengaluru,12.98,13.0,77.58,77.6,12.99,77.59,1,0,2.11,1.15,0,0,0.0,0,0.0,0.0,15,33,0,0.0,0,0,"['ATM_055', 'ATM_065', 'ATM_061']",0.0111,0.5181,0.0,0.161
CELL_0078,Chennai,13.06,13.08,80.32,80.34,13.07,80.33,1,0,6.58,1.92,0,0,0.0,0,0.0,0.0,15,30,0,0.0,0,0,"['ATM_090', 'ATM_089', 'ATM_096']",0.0045,0.5268,0.0,0.1603
CELL_0343,Mumbai,19.04,19.06,72.82,72.84,19.05,72.83,0,0,625.45,1.9,0,0,0.0,0,0.0,0.0,15,41,0,0.0,0,0,"['ATM_133', 'ATM_124', 'ATM_123']",0.0003,0.5304,0.0,0.1593
CELL_0365,Mumbai,19.1,19.12,72.9,72.92,19.11,72.91,0,0,619.32,1.76,0,0,0.0,0,0.0,0.0,15,41,0,0.0,0,0,"['ATM_122', 'ATM_130', 'ATM_125']",0.0003,0.5305,0.0,0.1593
CELL_0410,Nellore,14.48,14.5,79.92,79.94,14.49,79.93,1,0,8.05,2.07,0,0,0.0,0,0.0,0.0,15,46,0,0.0,0,0,"['ATM_111', 'ATM_112', 'ATM_114']",0.0172,0.5015,0.0,0.159
CELL_0409,Nellore,14.46,14.48,80.0,80.02,14.47,80.01,1,0,3.96,2.08,0,0,0.0,0,0.0,0.0,15,46,0,0.0,0,0,"['ATM_118', 'ATM_113', 'ATM_110']",0.0175,0.5001,0.0,0.1588
CELL_0140,Gurugram,28.5,28.52,77.0,77.02,28.51,77.01,1,0,5.85,2.02,0,0,0.0,0,0.0,0.0,15,41,0,0.0,0,0,"['ATM_011', 'ATM_004', 'ATM_001']",0.0115,0.5095,0.0,0.1586
CELL_0283,Kolkata,22.64,22.66,88.3,88.32,22.65,88.31,0,0,212.1,1.97,0,0,0.0,0,0.0,0.0,15,43,0,0.0,0,0,"['ATM_143', 'ATM_134', 'ATM_142']",0.0039,0.5186,0.0,0.1575
CELL_0098,Coimbatore,10.98,11.0,76.96,76.98,10.99,76.97,0,0,230.58,1.56,0,0,0.0,0,0.0,0.0,15,46,0,0.0,0,0,"['ATM_147', 'ATM_144', 'ATM_146']",0.0064,0.5136,0.0,0.1573
CELL_0182,Hyderabad,17.42,17.44,78.48,78.5,17.43,78.49,1,0,5.02,1.89,0,0,0.0,0,0.0,0.0,15,40,0,0.0,0,0,"['ATM_083', 'ATM_079', 'ATM_075']",0.0117,0.5024,0.0,0.1566
CELL_0276,Kolkata,22.62,22.64,88.28,88.3,22.63,88.29,0,0,212.18,1.99,0,0,0.0,0,0.0,0.0,15,43,0,0.0,0,0,"['ATM_143', 'ATM_134', 'ATM_136']",0.0039,0.5156,0.0,0.1566
CELL_0156,Hyderabad,17.34,17.36,78.52,78.54,17.35,78.53,1,0,6.02,1.97,0,0,0.0,0,0.0,0.0,15,40,0,0.0,0,0,"['ATM_081', 'ATM_080', 'ATM_077']",0.0109,0.5036,0.0,0.1565
CELL_0124,Gurugram,28.44,28.46,77.04,77.06,28.45,77.05,1,0,2.52,1.03,0,0,0.0,0,0.0,0.0,15,41,0,0.0,0,0,"['ATM_005', 'ATM_013', 'ATM_009']",0.0252,0.4798,0.0,0.1565
CELL_0338,Mumbai,19.02,19.04,72.84,72.86,19.03,72.85,0,0,622.81,1.45,0,0,0.0,0,0.0,0.0,15,41,0,0.0,0,0,"['ATM_128', 'ATM_123', 'ATM_131']",0.0004,0.5163,0.0,0.1551
CELL_0015,Bengaluru,12.92,12.94,77.62,77.64,12.93,77.63,1,0,6.01,2.05,0,0,0.0,0,0.0,0.0,15,33,0,0.0,0,0,"['ATM_068', 'ATM_067', 'ATM_066']",0.0054,0.5047,0.0,0.1541
CELL_0159,Hyderabad,17.36,17.38,78.44,78.46,17.37,78.45,1,0,4.24,1.55,0,0,0.0,0,0.0,0.0,15,40,0,0.0,0,0,"['ATM_085', 'ATM_074', 'ATM_078']",0.0153,0.4877,0.0,0.154
CELL_0185,Hyderabad,17.42,17.44,78.54,78.56,17.43,78.55,1,0,8.38,2.1,0,0,0.0,0,0.0,0.0,15,40,0,0.0,0,0,"['ATM_084', 'ATM_071', 'ATM_079']",0.0097,0.497,0.0,0.1539
CELL_0342,Mumbai,19.02,19.04,72.92,72.94,19.03,72.93,0,0,614.74,2.03,0,0,0.0,0,0.0,0.0,15,41,0,0.0,0,0,"['ATM_126', 'ATM_120', 'ATM_131']",0.0003,0.5083,0.0,0.1526
CELL_0351,Mumbai,19.06,19.08,72.86,72.88,19.07,72.87,0,0,622.05,2.07,0,0,0.0,0,0.0,0.0,15,41,0,0.0,0,0,"['ATM_124', 'ATM_121', 'ATM_131']",0.0003,0.5017,0.0,0.1507
CELL_0120,Gurugram,28.44,28.46,76.96,76.98,28.45,76.97,1,0,5.63,2.0,0,0,0.0,0,0.0,0.0,15,41,0,0.0,0,0,"['ATM_007', 'ATM_012', 'ATM_010']",0.0117,0.4822,0.0,0.1505
CELL_0089,Chennai,13.1,13.12,80.22,80.24,13.11,80.23,1,0,5.35,2.11,0,0,0.0,0,0.0,0.0,15,30,0,0.0,0,0,"['ATM_091', 'ATM_097', 'ATM_094']",0.0039,0.4943,0.0,0.1502
CELL_0412,Nellore,14.48,14.5,79.96,79.98,14.49,79.97,1,0,5.56,2.25,0,0,0.0,0,0.0,0.0,15,46,0,0.0,0,0,"['ATM_111', 'ATM_118', 'ATM_112']",0.0152,0.4735,0.0,0.1496
CELL_0369,Mumbai,19.12,19.14,72.86,72.88,19.13,72.87,0,0,623.99,2.09,0,0,0.0,0,0.0,0.0,15,41,0,0.0,0,0,"['ATM_129', 'ATM_125', 'ATM_127']",0.0003,0.4982,0.0,0.1496
CELL_0371,Mumbai,19.12,19.14,72.9,72.92,19.13,72.91,0,0,619.98,2.14,0,0,0.0,0,0.0,0.0,15,41,0,0.0,0,0,"['ATM_125', 'ATM_127', 'ATM_122']",0.0003,0.4893,0.0,0.1469
CELL_0394,Nellore,14.4,14.42,80.0,80.02,14.41,80.01,1,0,4.42,2.3,0,0,0.0,0,0.0,0.0,15,46,0,0.0,0,0,"['ATM_115', 'ATM_119', 'ATM_113']",0.0147,0.4636,0.0,0.1464
CELL_0340,Mumbai,19.02,19.04,72.88,72.9,19.03,72.89,0,0,618.77,2.07,0,0,0.0,0,0.0,0.0,15,41,0,0.0,0,0,"['ATM_131', 'ATM_126', 'ATM_123']",0.0003,0.484,0.0,0.1454
CELL_0041,Bengaluru,12.98,13.0,77.6,77.62,12.99,77.61,1,0,2.64,2.23,0,0,0.0,0,0.0,0.0,15,33,0,0.0,0,0,"['ATM_060', 'ATM_055', 'ATM_058']",0.0047,0.4751,0.0,0.1449
CELL_0128,Gurugram,28.46,28.48,77.0,77.02,28.47,77.01,1,0,2.0,1.31,0,0,0.0,0,0.0,0.0,15,41,0,0.0,0,0,"['ATM_001', 'ATM_012', 'ATM_003']",0.0204,0.448,0.0,0.1446
CELL_0392,Nellore,14.4,14.42,79.96,79.98,14.41,79.97,1,0,4.04,2.35,0,0,0.0,0,0.0,0.0,15,46,0,0.0,0,0,"['ATM_119', 'ATM_116', 'ATM_110']",0.0142,0.4575,0.0,0.1444
CELL_0144,Hyderabad,17.32,17.34,78.42,78.44,17.33,78.43,1,0,8.58,2.3,0,0,0.0,0,0.0,0.0,15,40,0,0.0,0,0,"['ATM_074', 'ATM_085', 'ATM_072']",0.0083,0.4653,0.0,0.1437
CELL_0220,Kochi,9.96,9.98,76.26,76.28,9.97,76.27,0,0,363.63,1.98,0,0,0.0,0,0.0,0.0,15,37,0,0.0,0,0,"['ATM_149', 'ATM_150', 'ATM_148']",0.0009,0.4773,0.0,0.1436
CELL_0305,Mewat,28.12,28.14,76.98,77.0,28.13,76.99,1,0,2.39,1.17,0,0,0.0,0,0.0,0.0,15,34,0,0.0,0,0,"['ATM_044', 'ATM_049', 'ATM_054']",0.012,0.4585,0.0,0.1436
CELL_0043,Bengaluru,12.98,13.0,77.64,77.66,12.99,77.65,1,0,6.34,1.59,0,0,0.0,0,0.0,0.0,15,33,0,0.0,0,0,"['ATM_063', 'ATM_057', 'ATM_060']",0.0077,0.4631,0.0,0.1428
CELL_0260,Kolkata,22.56,22.58,88.32,88.34,22.57,88.33,0,0,219.79,1.98,0,0,0.0,0,0.0,0.0,15,43,0,0.0,0,0,"['ATM_139', 'ATM_140', 'ATM_135']",0.0037,0.4697,0.0,0.1428
CELL_0233,Kolar,13.12,13.14,78.2,78.22,13.13,78.21,1,0,8.42,2.31,0,0,0.0,0,0.0,0.0,15,34,0,0.0,0,0,"['ATM_105', 'ATM_106', 'ATM_102']",0.0047,0.4624,0.0,0.1411
CELL_0363,Mumbai,19.1,19.12,72.86,72.88,19.11,72.87,0,0,623.33,2.27,0,0,0.0,0,0.0,0.0,15,41,0,0.0,0,0,"['ATM_129', 'ATM_125', 'ATM_130']",0.0002,0.4689,0.0,0.1408
CELL_0114,Gurugram,28.42,28.44,76.96,76.98,28.43,76.97,1,0,6.43,2.38,0,0,0.0,0,0.0,0.0,15,41,0,0.0,0,0,"['ATM_010', 'ATM_007', 'ATM_012']",0.0086,0.4525,0.0,0.14
CELL_0335,Mumbai,19.0,19.02,72.9,72.92,19.01,72.91,0,0,616.13,2.29,0,0,0.0,0,0.0,0.0,15,41,0,0.0,0,0,"['ATM_126', 'ATM_120', 'ATM_131']",0.0002,0.4658,0.0,0.1398
CELL_0171,Hyderabad,17.38,17.4,78.54,78.56,17.39,78.55,1,0,6.74,2.29,0,0,0.0,0,0.0,0.0,15,40,0,0.0,0,0,"['ATM_071', 'ATM_084', 'ATM_073']",0.0084,0.4517,0.0,0.1397
CELL_0255,Kolkata,22.54,22.56,88.34,88.36,22.55,88.35,0,0,222.82,2.14,0,0,0.0,0,0.0,0.0,15,43,0,0.0,0,0,"['ATM_135', 'ATM_140', 'ATM_138']",0.0032,0.4583,0.0,0.1391
CELL_0042,Bengaluru,12.98,13.0,77.62,77.64,12.99,77.63,1,0,4.35,2.36,0,0,0.0,0,0.0,0.0,15,33,0,0.0,0,0,"['ATM_060', 'ATM_063', 'ATM_058']",0.0042,0.4546,0.0,0.1385
CELL_0109,Gurugram,28.4,28.42,76.98,77.0,28.41,76.99,1,0,6.57,2.43,0,0,0.0,0,0.0,0.0,15,41,0,0.0,0,0,"['ATM_008', 'ATM_010', 'ATM_015']",0.0083,0.4445,0.0,0.1375
CELL_0146,Hyderabad,17.32,17.34,78.46,78.48,17.33,78.47,1,0,6.37,2.43,0,0,0.0,0,0.0,0.0,15,40,0,0.0,0,0,"['ATM_072', 'ATM_074', 'ATM_080']",0.0076,0.4446,0.0,0.1372
CELL_0020,Bengaluru,12.94,12.96,77.54,77.56,12.95,77.55,1,0,5.4,2.41,0,0,0.0,0,0.0,0.0,15,33,0,0.0,0,0,"['ATM_059', 'ATM_064', 'ATM_069']",0.0041,0.4479,0.0,0.1364
CELL_0214,Kochi,9.92,9.94,76.26,76.28,9.93,76.27,0,0,367.72,2.38,0,0,0.0,0,0.0,0.0,15,37,0,0.0,0,0,"['ATM_148', 'ATM_149', 'ATM_150']",0.0006,0.4526,0.0,0.1361
CELL_0389,Nellore,14.38,14.4,80.0,80.02,14.39,80.01,1,0,6.37,2.52,0,0,0.0,0,0.0,0.0,15,46,0,0.0,0,0,"['ATM_119', 'ATM_115', 'ATM_116']",0.0123,0.4315,0.0,0.1356
CELL_0221,Kochi,9.96,9.98,76.28,76.3,9.97,76.29,0,0,362.77,2.3,0,0,0.0,0,0.0,0.0,15,37,0,0.0,0,0,"['ATM_150', 'ATM_149', 'ATM_148']",0.0007,0.45,0.0,0.1354
CELL_0045,Bengaluru,12.98,13.0,77.68,77.7,12.99,77.69,1,0,10.54,2.57,0,0,0.0,0,0.0,0.0,15,33,0,0.0,0,0,"['ATM_057', 'ATM_063', 'ATM_068']",0.0035,0.4451,0.0,0.1353
CELL_0250,Kolkata,22.52,22.54,88.36,88.38,22.53,88.37,0,0,225.84,1.82,0,0,0.0,0,0.0,0.0,15,43,0,0.0,0,0,"['ATM_138', 'ATM_135', 'ATM_141']",0.0041,0.4418,0.0,0.1346
CELL_0086,Chennai,13.08,13.1,80.32,80.34,13.09,80.33,1,0,6.47,2.16,0,0,0.0,0,0.0,0.0,15,30,0,0.0,0,0,"['ATM_089', 'ATM_090', 'ATM_088']",0.0037,0.4413,0.0,0.1342
CELL_0034,Bengaluru,12.96,12.98,77.64,77.66,12.97,77.65,1,0,6.01,2.57,0,0,0.0,0,0.0,0.0,15,33,0,0.0,0,0,"['ATM_057', 'ATM_063', 'ATM_068']",0.0036,0.4412,0.0,0.1342
CELL_0360,Mumbai,19.08,19.1,72.92,72.94,19.09,72.93,0,0,616.66,2.27,0,0,0.0,0,0.0,0.0,15,41,0,0.0,0,0,"['ATM_122', 'ATM_130', 'ATM_120']",0.0002,0.4463,0.0,0.134
CELL_0387,Nellore,14.38,14.4,79.96,79.98,14.39,79.97,1,0,6.11,2.56,0,0,0.0,0,0.0,0.0,15,46,0,0.0,0,0,"['ATM_119', 'ATM_116', 'ATM_110']",0.0119,0.4263,0.0,0.1338
CELL_0106,Coimbatore,11.02,11.04,76.96,76.98,11.03,76.97,0,0,226.33,1.87,0,0,0.0,0,0.0,0.0,15,46,0,0.0,0,0,"['ATM_144', 'ATM_147', 'ATM_145']",0.0051,0.434,0.0,0.1327
CELL_0036,Bengaluru,12.96,12.98,77.68,77.7,12.97,77.69,1,0,10.34,1.84,0,0,0.0,0,0.0,0.0,15,33,0,0.0,0,0,"['ATM_057', 'ATM_063', 'ATM_068']",0.0062,0.425,0.0,0.1306
CELL_0367,Mumbai,19.12,19.14,72.82,72.84,19.13,72.83,0,0,628.0,2.51,0,0,0.0,0,0.0,0.0,15,41,0,0.0,0,0,"['ATM_129', 'ATM_125', 'ATM_133']",0.0002,0.4328,0.0,0.1299
CELL_0059,Bengaluru,13.02,13.04,77.6,77.62,13.03,77.61,1,0,6.7,2.6,0,0,0.0,0,0.0,0.0,15,33,0,0.0,0,0,"['ATM_060', 'ATM_055', 'ATM_061']",0.0035,0.4202,0.0,0.1278
CELL_0353,Mumbai,19.06,19.08,72.9,72.92,19.07,72.91,0,0,618.02,1.99,0,0,0.0,0,0.0,0.0,15,41,0,0.0,0,0,"['ATM_120', 'ATM_130', 'ATM_122']",0.0003,0.4224,0.0,0.1269
CELL_0355,Mumbai,19.08,19.1,72.82,72.84,19.09,72.83,0,0,626.71,2.58,0,0,0.0,0,0.0,0.0,15,41,0,0.0,0,0,"['ATM_133', 'ATM_129', 'ATM_124']",0.0002,0.4224,0.0,0.1268
CELL_0364,Mumbai,19.1,19.12,72.88,72.9,19.11,72.89,0,0,621.33,2.59,0,0,0.0,0,0.0,0.0,15,41,0,0.0,0,0,"['ATM_130', 'ATM_122', 'ATM_125']",0.0002,0.4193,0.0,0.1259
CELL_0375,Mumbai,19.14,19.16,72.86,72.88,19.15,72.87,0,0,624.65,2.61,0,0,0.0,0,0.0,0.0,15,41,0,0.0,0,0,"['ATM_125', 'ATM_129', 'ATM_127']",0.0002,0.4186,0.0,0.1257
CELL_0118,Gurugram,28.42,28.44,77.04,77.06,28.43,77.05,1,0,4.0,1.42,0,0,0.0,0,0.0,0.0,15,41,0,0.0,0,0,"['ATM_014', 'ATM_009', 'ATM_005']",0.0185,0.3868,0.0,0.1253
CELL_0204,Jamtara,23.94,23.96,86.82,86.84,23.95,86.83,1,0,3.08,1.34,0,0,0.0,0,0.0,0.0,15,36,0,0.0,0,0,"['ATM_037', 'ATM_034', 'ATM_036']",0.0125,0.3962,0.0,0.1251
CELL_0237,Kolar,13.14,13.16,78.16,78.18,13.15,78.17,1,0,4.36,2.17,0,0,0.0,0,0.0,0.0,15,34,0,0.0,0,0,"['ATM_106', 'ATM_102', 'ATM_105']",0.0054,0.4071,0.0,0.1248
CELL_0099,Coimbatore,10.98,11.0,76.98,77.0,10.99,76.99,0,0,229.95,2.06,0,0,0.0,0,0.0,0.0,15,46,0,0.0,0,0,"['ATM_147', 'ATM_144', 'ATM_146']",0.0043,0.4079,0.0,0.1245
CELL_0266,Kolkata,22.58,22.6,88.32,88.34,22.59,88.33,0,0,218.22,2.19,0,0,0.0,0,0.0,0.0,15,43,0,0.0,0,0,"['ATM_139', 'ATM_136', 'ATM_140']",0.0032,0.4072,0.0,0.1238
CELL_0361,Mumbai,19.1,19.12,72.82,72.84,19.11,72.83,0,0,627.35,2.67,0,0,0.0,0,0.0,0.0,15,41,0,0.0,0,0,"['ATM_129', 'ATM_133', 'ATM_124']",0.0002,0.4113,0.0,0.1235
CELL_0275,Kolkata,22.6,22.62,88.38,88.4,22.61,88.39,0,0,221.12,2.7,0,0,0.0,0,0.0,0.0,15,43,0,0.0,0,0,"['ATM_137', 'ATM_141', 'ATM_140']",0.0021,0.4063,0.0,0.1229
CELL_0060,Bengaluru,13.02,13.04,77.62,77.64,13.03,77.63,1,0,7.54,2.72,0,0,0.0,0,0.0,0.0,15,33,0,0.0,0,0,"['ATM_060', 'ATM_063', 'ATM_055']",0.0031,0.4045,0.0,0.1229
CELL_0153,Hyderabad,17.34,17.36,78.46,78.48,17.35,78.47,1,0,4.28,2.76,0,0,0.0,0,0.0,0.0,15,40,0,0.0,0,0,"['ATM_074', 'ATM_077', 'ATM_072']",0.0059,0.3979,0.0,0.1223
CELL_0077,Chennai,13.06,13.08,80.3,80.32,13.07,80.31,1,0,4.48,1.46,0,0,0.0,0,0.0,0.0,15,30,0,0.0,0,0,"['ATM_089', 'ATM_096', 'ATM_093']",0.0065,0.3966,0.0,0.1222
CELL_0184,Hyderabad,17.42,17.44,78.52,78.54,17.43,78.53,1,0,6.79,2.78,0,0,0.0,0,0.0,0.0,15,40,0,0.0,0,0,"['ATM_084', 'ATM_079', 'ATM_083']",0.0057,0.3958,0.0,0.1216
CELL_0198,Jamtara,23.92,23.94,86.78,86.8,23.93,86.79,1,0,3.84,1.76,0,0,0.0,0,0.0,0.0,15,36,0,0.0,0,0,"['ATM_032', 'ATM_038', 'ATM_031']",0.009,0.3878,0.0,0.1208
CELL_0215,Kochi,9.92,9.94,76.28,76.3,9.93,76.29,0,0,366.87,2.45,0,0,0.0,0,0.0,0.0,15,37,0,0.0,0,0,"['ATM_150', 'ATM_149', 'ATM_148']",0.0006,0.4009,0.0,0.1206
CELL_0143,Gurugram,28.5,28.52,77.06,77.08,28.51,77.07,1,0,7.04,2.81,0,0,0.0,0,0.0,0.0,15,41,0,0.0,0,0,"['ATM_004', 'ATM_002', 'ATM_011']",0.0061,0.3911,0.0,0.1204
CELL_0333,Mumbai,19.0,19.02,72.86,72.88,19.01,72.87,0,0,620.17,1.62,0,0,0.0,0,0.0,0.0,15,41,0,0.0,0,0,"['ATM_128', 'ATM_123', 'ATM_131']",0.0004,0.3994,0.0,0.12
CELL_0282,Kolkata,22.64,22.66,88.28,88.3,22.65,88.29,0,0,210.62,2.79,0,0,0.0,0,0.0,0.0,15,43,0,0.0,0,0,"['ATM_143', 'ATM_134', 'ATM_136']",0.0021,0.3952,0.0,0.1196
CELL_0125,Gurugram,28.44,28.46,77.06,77.08,28.45,77.07,1,0,4.37,2.86,0,0,0.0,0,0.0,0.0,15,41,0,0.0,0,0,"['ATM_002', 'ATM_005', 'ATM_009']",0.006,0.3857,0.0,0.1187
CELL_0163,Hyderabad,17.36,17.38,78.52,78.54,17.37,78.53,1,0,4.89,2.48,0,0,0.0,0,0.0,0.0,15,40,0,0.0,0,0,"['ATM_071', 'ATM_081', 'ATM_073']",0.0073,0.383,0.0,0.1186
CELL_0003,Bengaluru,12.9,12.92,77.56,77.58,12.91,77.57,1,0,7.35,2.57,0,0,0.0,0,0.0,0.0,15,33,0,0.0,0,0,"['ATM_056', 'ATM_066', 'ATM_064']",0.0035,0.3893,0.0,0.1185
CELL_0280,Kolkata,22.62,22.64,88.36,88.38,22.63,88.37,0,0,218.1,2.82,0,0,0.0,0,0.0,0.0,15,43,0,0.0,0,0,"['ATM_137', 'ATM_142', 'ATM_134']",0.0019,0.3905,0.0,0.1181
CELL_0071,Chennai,13.04,13.06,80.34,80.36,13.05,80.35,1,0,9.33,2.83,0,0,0.0,0,0.0,0.0,15,30,0,0.0,0,0,"['ATM_090', 'ATM_089', 'ATM_096']",0.0022,0.3889,0.0,0.1178
CELL_0279,Kolkata,22.62,22.64,88.34,88.36,22.63,88.35,0,0,216.6,2.57,0,0,0.0,0,0.0,0.0,15,43,0,0.0,0,0,"['ATM_142', 'ATM_134', 'ATM_137']",0.0024,0.3867,0.0,0.1172
CELL_0209,Jamtara,23.98,24.0,86.76,86.78,23.99,86.77,1,0,4.53,2.54,0,0,0.0,0,0.0,0.0,15,36,0,0.0,0,0,"['ATM_042', 'ATM_040', 'ATM_035']",0.0049,0.3812,0.0,0.1168
CELL_0211,Jamtara,23.98,24.0,86.8,86.82,23.99,86.81,1,0,3.14,1.62,0,0,0.0,0,0.0,0.0,15,36,0,0.0,0,0,"['ATM_042', 'ATM_033', 'ATM_035']",0.0101,0.3725,0.0,0.1168
CELL_0405,Nellore,14.46,14.48,79.92,79.94,14.47,79.93,1,0,6.8,2.94,0,0,0.0,0,0.0,0.0,15,46,0,0.0,0,0,"['ATM_111', 'ATM_112', 'ATM_114']",0.0088,0.3743,0.0,0.1167
CELL_0346,Mumbai,19.04,19.06,72.88,72.9,19.05,72.89,0,0,619.4,1.73,0,0,0.0,0,0.0,0.0,15,41,0,0.0,0,0,"['ATM_131', 'ATM_121', 'ATM_120']",0.0004,0.3862,0.0,0.1161
CELL_0194,Jamtara,23.9,23.92,86.78,86.8,23.91,86.79,1,0,5.98,2.9,0,0,0.0,0,0.0,0.0,15,36,0,0.0,0,0,"['ATM_038', 'ATM_032', 'ATM_031']",0.0036,0.3811,0.0,0.1161
CELL_0092,Chennai,13.1,13.12,80.28,80.3,13.11,80.29,1,0,3.69,2.21,0,0,0.0,0,0.0,0.0,15,30,0,0.0,0,0,"['ATM_088', 'ATM_098', 'ATM_094']",0.0036,0.3811,0.0,0.1161
CELL_0407,Nellore,14.46,14.48,79.96,79.98,14.47,79.97,1,0,3.53,2.28,0,0,0.0,0,0.0,0.0,15,46,0,0.0,0,0,"['ATM_112', 'ATM_114', 'ATM_117']",0.015,0.3593,0.0,0.1153
CELL_0284,Kolkata,22.64,22.66,88.32,88.34,22.65,88.33,0,0,213.58,2.9,0,0,0.0,0,0.0,0.0,15,43,0,0.0,0,0,"['ATM_143', 'ATM_134', 'ATM_142']",0.0019,0.3799,0.0,0.1149
CELL_0026,Bengaluru,12.94,12.96,77.66,77.68,12.95,77.67,1,0,8.52,2.64,0,0,0.0,0,0.0,0.0,15,33,0,0.0,0,0,"['ATM_057', 'ATM_068', 'ATM_063']",0.0033,0.3769,0.0,0.1147
CELL_0244,Kolar,13.16,13.18,78.18,78.2,13.17,78.19,1,0,7.3,2.93,0,0,0.0,0,0.0,0.0,15,34,0,0.0,0,0,"['ATM_105', 'ATM_102', 'ATM_106']",0.0029,0.3758,0.0,0.1142
CELL_0404,Nellore,14.44,14.46,80.0,80.02,14.45,80.01,1,0,2.66,1.88,0,0,0.0,0,0.0,0.0,15,46,0,0.0,0,0,"['ATM_113', 'ATM_115', 'ATM_110']",0.0206,0.3458,0.0,0.114
CELL_0028,Bengaluru,12.96,12.98,77.52,77.54,12.97,77.53,1,0,7.0,2.95,0,0,0.0,0,0.0,0.0,15,33,0,0.0,0,0,"['ATM_059', 'ATM_070', 'ATM_061']",0.0026,0.3743,0.0,0.1136
CELL_0133,Gurugram,28.48,28.5,76.98,77.0,28.49,76.99,1,0,4.93,2.89,0,0,0.0,0,0.0,0.0,15,41,0,0.0,0,0,"['ATM_007', 'ATM_011', 'ATM_012']",0.0058,0.3681,0.0,0.1133
CELL_0348,Mumbai,19.04,19.06,72.92,72.94,19.05,72.93,0,0,615.37,2.28,0,0,0.0,0,0.0,0.0,15,41,0,0.0,0,0,"['ATM_120', 'ATM_126', 'ATM_130']",0.0002,0.3727,0.0,0.1119
CELL_0251,Kolkata,22.52,22.54,88.38,88.4,22.53,88.39,0,0,227.29,2.16,0,0,0.0,0,0.0,0.0,15,43,0,0.0,0,0,"['ATM_138', 'ATM_135', 'ATM_141']",0.0031,0.3661,0.0,0.1114
CELL_0191,Hyderabad,17.44,17.46,78.52,78.54,17.45,78.53,1,0,8.56,3.04,0,0,0.0,0,0.0,0.0,15,40,0,0.0,0,0,"['ATM_079', 'ATM_084', 'ATM_083']",0.0046,0.3632,0.0,0.1113
CELL_0231,Kolar,13.12,13.14,78.16,78.18,13.13,78.17,1,0,4.11,2.67,0,0,0.0,0,0.0,0.0,15,34,0,0.0,0,0,"['ATM_106', 'ATM_108', 'ATM_105']",0.0037,0.3639,0.0,0.111
CELL_0294,Mewat,28.08,28.1,76.96,76.98,28.09,76.97,1,0,3.24,1.31,0,0,0.0,0,0.0,0.0,15,34,0,0.0,0,0,"['ATM_048', 'ATM_043', 'ATM_052']",0.0107,0.35,0.0,0.1104
CELL_0366,Mumbai,19.1,19.12,72.92,72.94,19.11,72.93,0,0,617.31,2.83,0,0,0.0,0,0.0,0.0,15,41,0,0.0,0,0,"['ATM_122', 'ATM_130', 'ATM_127']",0.0001,0.3624,0.0,0.1088
CELL_0107,Coimbatore,11.02,11.04,76.98,77.0,11.03,76.99,0,0,225.69,2.88,0,0,0.0,0,0.0,0.0,15,46,0,0.0,0,0,"['ATM_144', 'ATM_147', 'ATM_145']",0.0023,0.3577,0.0,0.1085
CELL_0234,Kolar,13.14,13.16,78.1,78.12,13.15,78.11,1,0,2.91,1.55,0,0,0.0,0,0.0,0.0,15,34,0,0.0,0,0,"['ATM_100', 'ATM_104', 'ATM_101']",0.0089,0.3459,0.0,0.1082
CELL_0336,Mumbai,19.0,19.02,72.92,72.94,19.01,72.93,0,0,614.11,3.06,0,0,0.0,0,0.0,0.0,15,41,0,0.0,0,0,"['ATM_126', 'ATM_120', 'ATM_131']",0.0001,0.3606,0.0,0.1082
CELL_0158,Hyderabad,17.36,17.38,78.42,78.44,17.37,78.43,1,0,6.24,3.13,0,0,0.0,0,0.0,0.0,15,40,0,0.0,0,0,"['ATM_074', 'ATM_085', 'ATM_078']",0.0044,0.3519,0.0,0.1078
CELL_0046,Bengaluru,13.0,13.02,77.52,77.54,13.01,77.53,1,0,8.2,2.26,0,0,0.0,0,0.0,0.0,15,33,0,0.0,0,0,"['ATM_062', 'ATM_070', 'ATM_061']",0.0045,0.3511,0.0,0.1076
CELL_0017,Bengaluru,12.92,12.94,77.66,77.68,12.93,77.67,1,0,9.39,3.11,0,0,0.0,0,0.0,0.0,15,33,0,0.0,0,0,"['ATM_068', 'ATM_057', 'ATM_067']",0.0023,0.3549,0.0,0.1076
CELL_0223,Kolar,13.1,13.12,78.12,78.14,13.11,78.13,1,0,2.87,1.41,0,0,0.0,0,0.0,0.0,15,34,0,0.0,0,0,"['ATM_103', 'ATM_109', 'ATM_108']",0.0099,0.3418,0.0,0.1075
CELL_0049,Bengaluru,13.0,13.02,77.58,77.6,13.01,77.59,1,0,4.3,3.03,0,0,0.0,0,0.0,0.0,15,33,0,0.0,0,0,"['ATM_061', 'ATM_060', 'ATM_055']",0.0025,0.3539,0.0,0.1074
CELL_0064,Chennai,13.04,13.06,80.2,80.22,13.05,80.21,1,0,7.51,2.22,0,0,0.0,0,0.0,0.0,15,30,0,0.0,0,0,"['ATM_095', 'ATM_086', 'ATM_097']",0.0035,0.352,0.0,0.1073
CELL_0149,Hyderabad,17.32,17.34,78.52,78.54,17.33,78.53,1,0,7.65,3.02,0,0,0.0,0,0.0,0.0,15,40,0,0.0,0,0,"['ATM_080', 'ATM_081', 'ATM_072']",0.0047,0.3472,0.0,0.1065
CELL_0053,Bengaluru,13.0,13.02,77.66,77.68,13.01,77.67,1,0,9.22,2.26,0,0,0.0,0,0.0,0.0,15,33,0,0.0,0,0,"['ATM_063', 'ATM_057', 'ATM_060']",0.0045,0.3464,0.0,0.1062
CELL_0056,Bengaluru,13.02,13.04,77.54,77.56,13.03,77.55,1,0,8.09,1.5,0,0,0.0,0,0.0,0.0,15,33,0,0.0,0,0,"['ATM_062', 'ATM_070', 'ATM_061']",0.0082,0.3378,0.0,0.1054
CELL_0352,Mumbai,19.06,19.08,72.88,72.9,19.07,72.89,0,0,620.03,2.77,0,0,0.0,0,0.0,0.0,15,41,0,0.0,0,0,"['ATM_120', 'ATM_130', 'ATM_121']",0.0002,0.351,0.0,0.1054
CELL_0356,Mumbai,19.08,19.1,72.84,72.86,19.09,72.85,0,0,624.7,3.14,0,0,0.0,0,0.0,0.0,15,41,0,0.0,0,0,"['ATM_133', 'ATM_124', 'ATM_129']",0.0001,0.351,0.0,0.1053
CELL_0270,Kolkata,22.6,22.62,88.28,88.3,22.61,88.29,0,0,213.74,3.17,0,0,0.0,0,0.0,0.0,15,43,0,0.0,0,0,"['ATM_143', 'ATM_136', 'ATM_134']",0.0015,0.3479,0.0,0.1051
CELL_0334,Mumbai,19.0,19.02,72.88,72.9,19.01,72.89,0,0,618.15,3.16,0,0,0.0,0,0.0,0.0,15,41,0,0.0,0,0,"['ATM_126', 'ATM_128', 'ATM_123']",0.0001,0.3488,0.0,0.1047
CELL_0097,Coimbatore,10.98,11.0,76.94,76.96,10.99,76.95,0,0,231.23,2.51,0,0,0.0,0,0.0,0.0,15,46,0,0.0,0,0,"['ATM_146', 'ATM_147', 'ATM_144']",0.003,0.3433,0.0,0.1045
CELL_0374,Mumbai,19.14,19.16,72.84,72.86,19.15,72.85,0,0,626.66,3.17,0,0,0.0,0,0.0,0.0,15,41,0,0.0,0,0,"['ATM_129', 'ATM_125', 'ATM_127']",0.0001,0.348,0.0,0.1044
CELL_0188,Hyderabad,17.44,17.46,78.46,78.48,17.45,78.47,1,0,7.44,3.27,0,0,0.0,0,0.0,0.0,15,40,0,0.0,0,0,"['ATM_082', 'ATM_079', 'ATM_083']",0.0039,0.3368,0.0,0.103
CELL_0072,Chennai,13.06,13.08,80.2,80.22,13.07,80.21,1,0,6.72,2.33,0,0,0.0,0,0.0,0.0,15,30,0,0.0,0,0,"['ATM_095', 'ATM_097', 'ATM_086']",0.0032,0.3378,0.0,0.1029
CELL_0304,Mewat,28.12,28.14,76.96,76.98,28.13,76.97,1,0,3.39,3.06,0,0,0.0,0,0.0,0.0,15,34,0,0.0,0,0,"['ATM_050', 'ATM_044', 'ATM_052']",0.0027,0.336,0.0,0.1022
CELL_0037,Bengaluru,12.98,13.0,77.52,77.54,12.99,77.53,1,0,7.29,2.86,0,0,0.0,0,0.0,0.0,15,33,0,0.0,0,0,"['ATM_070', 'ATM_062', 'ATM_059']",0.0028,0.3361,0.0,0.1022
CELL_0187,Hyderabad,17.44,17.46,78.44,78.46,17.45,78.45,1,0,8.21,3.3,0,0,0.0,0,0.0,0.0,15,40,0,0.0,0,0,"['ATM_082', 'ATM_079', 'ATM_078']",0.0038,0.3337,0.0,0.102
CELL_0315,Mumbai,18.94,18.96,72.86,72.88,18.95,72.87,0,0,618.36,3.24,0,0,0.0,0,0.0,0.0,15,41,0,0.0,0,0,"['ATM_132', 'ATM_128', 'ATM_123']",0.0001,0.3396,0.0,0.1019
CELL_0430,Noida,28.52,28.54,77.34,77.36,28.53,77.35,1,0,4.05,1.31,0,0,0.0,0,0.0,0.0,15,39,0,0.0,0,0,"['ATM_019', 'ATM_025', 'ATM_017']",0.0168,0.3066,0.0,0.1004
CELL_0179,Hyderabad,17.42,17.44,78.42,78.44,17.43,78.43,1,0,7.82,3.35,0,0,0.0,0,0.0,0.0,15,40,0,0.0,0,0,"['ATM_082', 'ATM_078', 'ATM_085']",0.0036,0.3282,0.0,0.1003
CELL_0321,Mumbai,18.96,18.98,72.86,72.88,18.97,72.87,0,0,618.95,3.29,0,0,0.0,0,0.0,0.0,15,41,0,0.0,0,0,"['ATM_132', 'ATM_128', 'ATM_123']",0.0001,0.3336,0.0,0.1001
CELL_0132,Gurugram,28.48,28.5,76.96,76.98,28.49,76.97,1,0,6.49,2.94,0,0,0.0,0,0.0,0.0,15,41,0,0.0,0,0,"['ATM_007', 'ATM_012', 'ATM_011']",0.0056,0.3227,0.0,0.0996
CELL_0070,Chennai,13.04,13.06,80.32,80.34,13.05,80.33,1,0,7.38,3.35,0,0,0.0,0,0.0,0.0,15,30,0,0.0,0,0,"['ATM_090', 'ATM_089', 'ATM_096']",0.0014,0.3267,0.0,0.0987
CELL_0332,Mumbai,19.0,19.02,72.84,72.86,19.01,72.85,0,0,622.19,1.66,0,0,0.0,0,0.0,0.0,15,41,0,0.0,0,0,"['ATM_128', 'ATM_123', 'ATM_131']",0.0004,0.3277,0.0,0.0985
CELL_0245,Kolar,13.16,13.18,78.2,78.22,13.17,78.21,1,0,9.22,3.37,0,0,0.0,0,0.0,0.0,15,34,0,0.0,0,0,"['ATM_105', 'ATM_102', 'ATM_106']",0.002,0.3247,0.0,0.0984
CELL_0265,Kolkata,22.58,22.6,88.3,88.32,22.59,88.31,0,0,216.77,2.91,0,0,0.0,0,0.0,0.0,15,43,0,0.0,0,0,"['ATM_136', 'ATM_134', 'ATM_142']",0.0018,0.3246,0.0,0.0983
CELL_0052,Bengaluru,13.0,13.02,77.64,77.66,13.01,77.65,1,0,7.37,2.7,0,0,0.0,0,0.0,0.0,15,33,0,0.0,0,0,"['ATM_063', 'ATM_060', 'ATM_057']",0.0032,0.3223,0.0,0.0983
CELL_0249,Kolkata,22.52,22.54,88.34,88.36,22.53,88.35,0,0,224.4,3.23,0,0,0.0,0,0.0,0.0,15,43,0,0.0,0,0,"['ATM_138', 'ATM_135', 'ATM_140']",0.0014,0.3251,0.0,0.0982
CELL_0219,Kochi,9.96,9.98,76.24,76.26,9.97,76.25,0,0,364.5,3.31,0,0,0.0,0,0.0,0.0,15,37,0,0.0,0,0,"['ATM_149', 'ATM_148', 'ATM_150']",0.0003,0.3264,0.0,0.0981
CELL_0057,Bengaluru,13.02,13.04,77.56,77.58,13.03,77.57,1,0,7.02,2.66,0,0,0.0,0,0.0,0.0,15,33,0,0.0,0,0,"['ATM_062', 'ATM_061', 'ATM_070']",0.0033,0.3201,0.0,0.0977
CELL_0224,Kolar,13.1,13.12,78.14,78.16,13.11,78.15,1,0,3.43,2.37,0,0,0.0,0,0.0,0.0,15,34,0,0.0,0,0,"['ATM_108', 'ATM_109', 'ATM_103']",0.0046,0.317,0.0,0.0974
CELL_0382,Mumbai,19.16,19.18,72.88,72.9,19.17,72.89,0,0,623.32,3.26,0,0,0.0,0,0.0,0.0,15,41,0,0.0,0,0,"['ATM_127', 'ATM_125', 'ATM_129']",0.0001,0.3231,0.0,0.097
CELL_0080,Chennai,13.08,13.1,80.2,80.22,13.09,80.21,1,0,6.62,2.8,0,0,0.0,0,0.0,0.0,15,30,0,0.0,0,0,"['ATM_097', 'ATM_095', 'ATM_091']",0.0022,0.3191,0.0,0.0968
CELL_0096,Coimbatore,10.98,11.0,76.92,76.94,10.99,76.93,0,0,231.9,2.86,0,0,0.0,0,0.0,0.0,15,46,0,0.0,0,0,"['ATM_146', 'ATM_145', 'ATM_144']",0.0023,0.318,0.0,0.0966
CELL_0396,Nellore,14.42,14.44,79.94,79.96,14.43,79.95,1,0,4.17,2.23,0,0,0.0,0,0.0,0.0,15,46,0,0.0,0,0,"['ATM_114', 'ATM_117', 'ATM_112']",0.0156,0.2956,0.0,0.0965
CELL_0033,Bengaluru,12.96,12.98,77.62,77.64,12.97,77.63,1,0,3.84,2.84,0,0,0.0,0,0.0,0.0,15,33,0,0.0,0,0,"['ATM_058', 'ATM_068', 'ATM_067']",0.0029,0.3163,0.0,0.0963
CELL_0069,Chennai,13.04,13.06,80.3,80.32,13.05,80.31,1,0,5.6,2.79,0,0,0.0,0,0.0,0.0,15,30,0,0.0,0,0,"['ATM_096', 'ATM_092', 'ATM_093']",0.0023,0.3152,0.0,0.0957
CELL_0302,Mewat,28.1,28.12,77.02,77.04,28.11,77.03,1,0,3.43,1.54,0,0,0.0,0,0.0,0.0,15,34,0,0.0,0,0,"['ATM_046', 'ATM_053', 'ATM_045']",0.0089,0.3041,0.0,0.0957
CELL_0139,Gurugram,28.5,28.52,76.98,77.0,28.51,76.99,1,0,6.66,3.49,0,0,0.0,0,0.0,0.0,15,41,0,0.0,0,0,"['ATM_011', 'ATM_007', 'ATM_001']",0.0036,0.3123,0.0,0.0955
CELL_0091,Chennai,13.1,13.12,80.26,80.28,13.11,80.27,1,0,3.04,1.57,0,0,0.0,0,0.0,0.0,15,30,0,0.0,0,0,"['ATM_094', 'ATM_091', 'ATM_098']",0.006,0.3077,0.0,0.0953
CELL_0172,Hyderabad,17.4,17.42,78.42,78.44,17.41,78.43,1,0,6.63,3.5,0,0,0.0,0,0.0,0.0,15,40,0,0.0,0,0,"['ATM_082', 'ATM_078', 'ATM_085']",0.0033,0.3119,0.0,0.0952
CELL_0165,Hyderabad,17.38,17.4,78.42,78.44,17.39,78.43,1,0,6.04,3.62,0,0,0.0,0,0.0,0.0,15,40,0,0.0,0,0,"['ATM_078', 'ATM_085', 'ATM_082']",0.003,0.3053,0.0,0.0931
CELL_0354,Mumbai,19.06,19.08,72.92,72.94,19.07,72.93,0,0,616.01,3.01,0,0,0.0,0,0.0,0.0,15,41,0,0.0,0,0,"['ATM_120', 'ATM_122', 'ATM_130']",0.0001,0.3101,0.0,0.0931
CELL_0011,Bengaluru,12.92,12.94,77.54,77.56,12.93,77.55,1,0,6.69,3.07,0,0,0.0,0,0.0,0.0,15,33,0,0.0,0,0,"['ATM_064', 'ATM_069', 'ATM_059']",0.0024,0.3059,0.0,0.093
CELL_0326,Mumbai,18.98,19.0,72.84,72.86,18.99,72.85,0,0,621.58,3.55,0,0,0.0,0,0.0,0.0,15,41,0,0.0,0,0,"['ATM_132', 'ATM_128', 'ATM_123']",0.0001,0.3064,0.0,0.092
CELL_0241,Kolar,13.16,13.18,78.12,78.14,13.17,78.13,1,0,3.82,2.54,0,0,0.0,0,0.0,0.0,15,34,0,0.0,0,0,"['ATM_107', 'ATM_102', 'ATM_104']",0.0041,0.3,0.0,0.092
CELL_0254,Kolkata,22.54,22.56,88.32,88.34,22.55,88.33,0,0,221.37,3.59,0,0,0.0,0,0.0,0.0,15,43,0,0.0,0,0,"['ATM_139', 'ATM_140', 'ATM_135']",0.001,0.302,0.0,0.0911
CELL_0325,Mumbai,18.98,19.0,72.82,72.84,18.99,72.83,0,0,623.61,3.6,0,0,0.0,0,0.0,0.0,15,41,0,0.0,0,0,"['ATM_132', 'ATM_128', 'ATM_123']",0.0001,0.3014,0.0,0.0905
CELL_0212,Jamtara,23.98,24.0,86.82,86.84,23.99,86.83,1,0,4.11,1.7,0,0,0.0,0,0.0,0.0,15,36,0,0.0,0,0,"['ATM_033', 'ATM_036', 'ATM_037']",0.0094,0.2855,0.0,0.0903
CELL_0007,Bengaluru,12.9,12.92,77.64,77.66,12.91,77.65,1,0,9.11,3.63,0,0,0.0,0,0.0,0.0,15,33,0,0.0,0,0,"['ATM_068', 'ATM_067', 'ATM_066']",0.0015,0.2977,0.0,0.0901
CELL_0112,Gurugram,28.4,28.42,77.04,77.06,28.41,77.05,1,0,5.96,2.81,0,0,0.0,0,0.0,0.0,15,41,0,0.0,0,0,"['ATM_014', 'ATM_009', 'ATM_008']",0.0062,0.2894,0.0,0.0899
CELL_0093,Chennai,13.1,13.12,80.3,80.32,13.11,80.31,1,0,5.23,2.79,0,0,0.0,0,0.0,0.0,15,30,0,0.0,0,0,"['ATM_088', 'ATM_089', 'ATM_098']",0.0023,0.2921,0.0,0.0888
CELL_0197,Jamtara,23.92,23.94,86.76,86.78,23.93,86.77,1,0,4.92,2.16,0,0,0.0,0,0.0,0.0,15,36,0,0.0,0,0,"['ATM_032', 'ATM_040', 'ATM_031']",0.0065,0.2834,0.0,0.0883
CELL_0242,Kolar,13.16,13.18,78.14,78.16,13.17,78.15,1,0,4.26,1.89,0,0,0.0,0,0.0,0.0,15,34,0,0.0,0,0,"['ATM_102', 'ATM_107', 'ATM_106']",0.0067,0.2805,0.0,0.0875
CELL_0019,Bengaluru,12.94,12.96,77.52,77.54,12.95,77.53,1,0,7.4,3.73,0,0,0.0,0,0.0,0.0,15,33,0,0.0,0,0,"['ATM_059', 'ATM_064', 'ATM_069']",0.0014,0.2888,0.0,0.0873
CELL_0006,Bengaluru,12.9,12.92,77.62,77.64,12.91,77.63,1,0,7.85,3.77,0,0,0.0,0,0.0,0.0,15,33,0,0.0,0,0,"['ATM_067', 'ATM_066', 'ATM_068']",0.0014,0.2846,0.0,0.0861
CELL_0108,Gurugram,28.4,28.42,76.96,76.98,28.41,76.97,1,0,7.81,3.8,0,0,0.0,0,0.0,0.0,15,41,0,0.0,0,0,"['ATM_010', 'ATM_008', 'ATM_012']",0.0028,0.2821,0.0,0.086
CELL_0226,Kolar,13.1,13.12,78.18,78.2,13.11,78.19,1,0,6.85,3.8,0,0,0.0,0,0.0,0.0,15,34,0,0.0,0,0,"['ATM_105', 'ATM_108', 'ATM_106']",0.0015,0.2822,0.0,0.0854
CELL_0088,Chennai,13.1,13.12,80.2,80.22,13.11,80.21,1,0,7.24,3.66,0,0,0.0,0,0.0,0.0,15,30,0,0.0,0,0,"['ATM_097', 'ATM_091', 'ATM_095']",0.0011,0.2815,0.0,0.085
CELL_0281,Kolkata,22.62,22.64,88.38,88.4,22.63,88.39,0,0,219.6,3.83,0,0,0.0,0,0.0,0.0,15,43,0,0.0,0,0,"['ATM_137', 'ATM_141', 'ATM_142']",0.0009,0.2796,0.0,0.0843
CELL_0357,Mumbai,19.08,19.1,72.86,72.88,19.09,72.87,0,0,622.69,3.75,0,0,0.0,0,0.0,0.0,15,41,0,0.0,0,0,"['ATM_130', 'ATM_124', 'ATM_129']",0.0001,0.2784,0.0,0.0836
CELL_0243,Kolar,13.16,13.18,78.16,78.18,13.17,78.17,1,0,5.57,2.92,0,0,0.0,0,0.0,0.0,15,34,0,0.0,0,0,"['ATM_102', 'ATM_106', 'ATM_107']",0.003,0.2723,0.0,0.0832
CELL_0383,Mumbai,19.16,19.18,72.9,72.92,19.17,72.91,0,0,621.32,2.02,0,0,0.0,0,0.0,0.0,15,41,0,0.0,0,0,"['ATM_127', 'ATM_125', 'ATM_129']",0.0003,0.2764,0.0,0.0831
CELL_0054,Bengaluru,13.0,13.02,77.68,77.7,13.01,77.69,1,0,11.18,3.5,0,0,0.0,0,0.0,0.0,15,33,0,0.0,0,0,"['ATM_063', 'ATM_057', 'ATM_060']",0.0017,0.2739,0.0,0.083
CELL_0095,Chennai,13.1,13.12,80.34,80.36,13.11,80.35,1,0,9.11,3.87,0,0,0.0,0,0.0,0.0,15,30,0,0.0,0,0,"['ATM_090', 'ATM_089', 'ATM_088']",0.001,0.275,0.0,0.083
CELL_0058,Bengaluru,13.02,13.04,77.58,77.6,13.03,77.59,1,0,6.51,3.94,0,0,0.0,0,0.0,0.0,15,33,0,0.0,0,0,"['ATM_060', 'ATM_061', 'ATM_062']",0.0012,0.2687,0.0,0.0812
CELL_0373,Mumbai,19.14,19.16,72.82,72.84,19.15,72.83,0,0,628.66,3.93,0,0,0.0,0,0.0,0.0,15,41,0,0.0,0,0,"['ATM_129', 'ATM_125', 'ATM_127']",0.0001,0.2702,0.0,0.0811
CELL_0446,Noida,28.56,28.58,77.38,77.4,28.57,77.39,1,0,3.84,1.93,0,0,0.0,0,0.0,0.0,15,39,0,0.0,0,0,"['ATM_021', 'ATM_028', 'ATM_026']",0.0104,0.2468,0.0,0.0792
CELL_0337,Mumbai,19.02,19.04,72.82,72.84,19.03,72.83,0,0,624.83,3.33,0,0,0.0,0,0.0,0.0,15,41,0,0.0,0,0,"['ATM_128', 'ATM_123', 'ATM_124']",0.0001,0.2593,0.0,0.0778
CELL_0297,Mewat,28.08,28.1,77.02,77.04,28.09,77.03,1,0,4.03,2.6,0,0,0.0,0,0.0,0.0,15,34,0,0.0,0,0,"['ATM_045', 'ATM_046', 'ATM_053']",0.0039,0.2499,0.0,0.0769
CELL_0027,Bengaluru,12.94,12.96,77.68,77.7,12.95,77.69,1,0,10.61,3.17,0,0,0.0,0,0.0,0.0,15,33,0,0.0,0,0,"['ATM_057', 'ATM_068', 'ATM_063']",0.0022,0.2512,0.0,0.0765
CELL_0372,Mumbai,19.12,19.14,72.92,72.94,19.13,72.93,0,0,617.97,2.95,0,0,0.0,0,0.0,0.0,15,41,0,0.0,0,0,"['ATM_127', 'ATM_125', 'ATM_122']",0.0001,0.2548,0.0,0.0765
CELL_0381,Mumbai,19.16,19.18,72.86,72.88,19.17,72.87,0,0,625.32,4.12,0,0,0.0,0,0.0,0.0,15,41,0,0.0,0,0,"['ATM_125', 'ATM_127', 'ATM_129']",0.0001,0.2539,0.0,0.0762
CELL_0378,Mumbai,19.14,19.16,72.92,72.94,19.15,72.93,0,0,618.64,1.61,0,0,0.0,0,0.0,0.0,15,41,0,0.0,0,0,"['ATM_127', 'ATM_125', 'ATM_122']",0.0004,0.2528,0.0,0.076
CELL_0227,Kolar,13.1,13.12,78.2,78.22,13.11,78.21,1,0,8.87,4.15,0,0,0.0,0,0.0,0.0,15,34,0,0.0,0,0,"['ATM_105', 'ATM_108', 'ATM_106']",0.0011,0.2512,0.0,0.0759
CELL_0298,Mewat,28.1,28.12,76.94,76.96,28.11,76.95,1,0,4.41,1.83,0,0,0.0,0,0.0,0.0,15,34,0,0.0,0,0,"['ATM_048', 'ATM_052', 'ATM_043']",0.0071,0.2403,0.0,0.0756
CELL_0157,Hyderabad,17.34,17.36,78.54,78.56,17.35,78.55,1,0,7.76,4.07,0,0,0.0,0,0.0,0.0,15,40,0,0.0,0,0,"['ATM_081', 'ATM_080', 'ATM_071']",0.0021,0.2486,0.0,0.0756
CELL_0290,Mewat,28.06,28.08,76.98,77.0,28.07,76.99,1,0,4.36,1.24,0,0,0.0,0,0.0,0.0,15,34,0,0.0,0,0,"['ATM_051', 'ATM_043', 'ATM_047']",0.0112,0.2328,0.0,0.0754
CELL_0061,Bengaluru,13.02,13.04,77.64,77.66,13.03,77.65,1,0,8.84,4.17,0,0,0.0,0,0.0,0.0,15,33,0,0.0,0,0,"['ATM_060', 'ATM_063', 'ATM_057']",0.001,0.2492,0.0,0.0753
CELL_0307,Mewat,28.12,28.14,77.02,77.04,28.13,77.03,1,0,4.15,2.62,0,0,0.0,0,0.0,0.0,15,34,0,0.0,0,0,"['ATM_046', 'ATM_044', 'ATM_049']",0.0038,0.2422,0.0,0.0746
CELL_0423,Noida,28.5,28.52,77.34,77.36,28.51,77.35,1,0,4.91,2.57,0,0,0.0,0,0.0,0.0,15,39,0,0.0,0,0,"['ATM_023', 'ATM_017', 'ATM_029']",0.0062,0.2365,0.0,0.074
CELL_0445,Noida,28.56,28.58,77.36,77.38,28.57,77.37,1,0,4.35,1.83,0,0,0.0,0,0.0,0.0,15,39,0,0.0,0,0,"['ATM_018', 'ATM_021', 'ATM_026']",0.0112,0.2253,0.0,0.0732
CELL_0094,Chennai,13.1,13.12,80.32,80.34,13.11,80.33,1,0,7.1,3.61,0,0,0.0,0,0.0,0.0,15,30,0,0.0,0,0,"['ATM_089', 'ATM_090', 'ATM_088']",0.0012,0.2409,0.0,0.0729
CELL_0259,Kolkata,22.56,22.58,88.3,88.32,22.57,88.31,0,0,218.35,3.92,0,0,0.0,0,0.0,0.0,15,43,0,0.0,0,0,"['ATM_139', 'ATM_140', 'ATM_136']",0.0008,0.2403,0.0,0.0725
CELL_0055,Bengaluru,13.02,13.04,77.52,77.54,13.03,77.53,1,0,9.55,2.61,0,0,0.0,0,0.0,0.0,15,33,0,0.0,0,0,"['ATM_062', 'ATM_070', 'ATM_061']",0.0034,0.2347,0.0,0.0721
CELL_0192,Hyderabad,17.44,17.46,78.54,78.56,17.45,78.55,1,0,9.87,4.31,0,0,0.0,0,0.0,0.0,15,40,0,0.0,0,0,"['ATM_084', 'ATM_079', 'ATM_083']",0.0017,0.2376,0.0,0.0721
CELL_0391,Nellore,14.4,14.42,79.94,79.96,14.41,79.95,1,0,5.35,4.1,0,0,0.0,0,0.0,0.0,15,46,0,0.0,0,0,"['ATM_114', 'ATM_119', 'ATM_117']",0.0036,0.2293,0.0,0.0706
CELL_0441,Noida,28.54,28.56,77.42,77.44,28.55,77.43,1,0,4.14,1.69,0,0,0.0,0,0.0,0.0,15,39,0,0.0,0,0,"['ATM_030', 'ATM_028', 'ATM_024']",0.0125,0.2084,0.0,0.0688
CELL_0418,Noida,28.48,28.5,77.38,77.4,28.49,77.39,1,0,5.06,1.61,0,0,0.0,0,0.0,0.0,15,39,0,0.0,0,0,"['ATM_020', 'ATM_023', 'ATM_029']",0.0132,0.2067,0.0,0.0686
CELL_0119,Gurugram,28.42,28.44,77.06,77.08,28.43,77.07,1,0,5.36,3.37,0,0,0.0,0,0.0,0.0,15,41,0,0.0,0,0,"['ATM_014', 'ATM_009', 'ATM_005']",0.004,0.2216,0.0,0.0685
CELL_0186,Hyderabad,17.44,17.46,78.42,78.44,17.45,78.43,1,0,9.4,4.48,0,0,0.0,0,0.0,0.0,15,40,0,0.0,0,0,"['ATM_082', 'ATM_078', 'ATM_079']",0.0015,0.225,0.0,0.0682
CELL_0285,Kolkata,22.64,22.66,88.34,88.36,22.65,88.35,0,0,215.08,4.24,0,0,0.0,0,0.0,0.0,15,43,0,0.0,0,0,"['ATM_142', 'ATM_134', 'ATM_143']",0.0006,0.2261,0.0,0.0681
CELL_0386,Nellore,14.38,14.4,79.94,79.96,14.39,79.95,1,0,7.05,4.54,0,0,0.0,0,0.0,0.0,15,46,0,0.0,0,0,"['ATM_119', 'ATM_116', 'ATM_114']",0.0025,0.2206,0.0,0.0674
CELL_0329,Mumbai,18.98,19.0,72.9,72.92,18.99,72.91,0,0,615.51,4.52,0,0,0.0,0,0.0,0.0,15,41,0,0.0,0,0,"['ATM_126', 'ATM_128', 'ATM_123']",0.0,0.222,0.0,0.0666
CELL_0417,Noida,28.48,28.5,77.36,77.38,28.49,77.37,1,0,5.46,1.17,0,0,0.0,0,0.0,0.0,15,39,0,0.0,0,0,"['ATM_023', 'ATM_020', 'ATM_029']",0.0186,0.1906,0.0,0.0665
CELL_0164,Hyderabad,17.36,17.38,78.54,78.56,17.37,78.55,1,0,6.92,3.37,0,0,0.0,0,0.0,0.0,15,40,0,0.0,0,0,"['ATM_071', 'ATM_081', 'ATM_084']",0.0036,0.2158,0.0,0.0665
CELL_0008,Bengaluru,12.9,12.92,77.66,77.68,12.91,77.67,1,0,10.66,4.54,0,0,0.0,0,0.0,0.0,15,33,0,0.0,0,0,"['ATM_068', 'ATM_057', 'ATM_067']",0.0007,0.22,0.0,0.0664
CELL_0240,Kolar,13.16,13.18,78.1,78.12,13.17,78.11,1,0,4.53,3.74,0,0,0.0,0,0.0,0.0,15,34,0,0.0,0,0,"['ATM_100', 'ATM_107', 'ATM_104']",0.0016,0.2177,0.0,0.0661
CELL_0311,Mewat,28.14,28.16,77.0,77.02,28.15,77.01,1,0,4.79,1.19,0,0,0.0,0,0.0,0.0,15,34,0,0.0,0,0,"['ATM_054', 'ATM_044', 'ATM_049']",0.0116,0.201,0.0,0.0661
CELL_0400,Nellore,14.44,14.46,79.92,79.94,14.45,79.93,1,0,6.14,2.7,0,0,0.0,0,0.0,0.0,15,46,0,0.0,0,0,"['ATM_112', 'ATM_114', 'ATM_117']",0.0107,0.2023,0.0,0.066
CELL_0225,Kolar,13.1,13.12,78.16,78.18,13.11,78.17,1,0,4.97,3.58,0,0,0.0,0,0.0,0.0,15,34,0,0.0,0,0,"['ATM_108', 'ATM_106', 'ATM_105']",0.0018,0.2169,0.0,0.066
CELL_0427,Noida,28.5,28.52,77.42,77.44,28.51,77.43,1,0,4.75,1.34,0,0,0.0,0,0.0,0.0,15,39,0,0.0,0,0,"['ATM_016', 'ATM_024', 'ATM_027']",0.0163,0.192,0.0,0.0658
CELL_0291,Mewat,28.06,28.08,77.0,77.02,28.07,77.01,1,0,4.58,2.59,0,0,0.0,0,0.0,0.0,15,34,0,0.0,0,0,"['ATM_051', 'ATM_045', 'ATM_047']",0.0039,0.2125,0.0,0.0657
CELL_0327,Mumbai,18.98,19.0,72.86,72.88,18.99,72.87,0,0,619.56,3.63,0,0,0.0,0,0.0,0.0,15,41,0,0.0,0,0,"['ATM_128', 'ATM_132', 'ATM_123']",0.0001,0.2164,0.0,0.065
CELL_0293,Mewat,28.08,28.1,76.94,76.96,28.09,76.95,1,0,4.89,1.98,0,0,0.0,0,0.0,0.0,15,34,0,0.0,0,0,"['ATM_048', 'ATM_052', 'ATM_043']",0.0063,0.2033,0.0,0.0641
CELL_0264,Kolkata,22.58,22.6,88.28,88.3,22.59,88.29,0,0,215.32,4.3,0,0,0.0,0,0.0,0.0,15,43,0,0.0,0,0,"['ATM_136', 'ATM_134', 'ATM_142']",0.0006,0.205,0.0,0.0618
CELL_0289,Mewat,28.06,28.08,76.96,76.98,28.07,76.97,1,0,4.98,2.02,0,0,0.0,0,0.0,0.0,15,34,0,0.0,0,0,"['ATM_051', 'ATM_043', 'ATM_047']",0.0061,0.193,0.0,0.061
CELL_0193,Jamtara,23.9,23.92,86.76,86.78,23.91,86.77,1,0,6.73,4.11,0,0,0.0,0,0.0,0.0,15,36,0,0.0,0,0,"['ATM_032', 'ATM_038', 'ATM_031']",0.0014,0.2004,0.0,0.0608
CELL_0150,Hyderabad,17.32,17.34,78.54,78.56,17.33,78.55,1,0,9.08,4.83,0,0,0.0,0,0.0,0.0,15,40,0,0.0,0,0,"['ATM_081', 'ATM_080', 'ATM_072']",0.0011,0.2003,0.0,0.0606
CELL_0303,Mewat,28.12,28.14,76.94,76.96,28.13,76.95,1,0,4.99,3.56,0,0,0.0,0,0.0,0.0,15,34,0,0.0,0,0,"['ATM_048', 'ATM_052', 'ATM_050']",0.0018,0.1978,0.0,0.0602
CELL_0331,Mumbai,19.0,19.02,72.82,72.84,19.01,72.83,0,0,624.21,3.42,0,0,0.0,0,0.0,0.0,15,41,0,0.0,0,0,"['ATM_128', 'ATM_123', 'ATM_132']",0.0001,0.1976,0.0,0.0593
CELL_0002,Bengaluru,12.9,12.92,77.54,77.56,12.91,77.55,1,0,8.38,4.39,0,0,0.0,0,0.0,0.0,15,33,0,0.0,0,0,"['ATM_064', 'ATM_056', 'ATM_066']",0.0008,0.1956,0.0,0.0591
CELL_0330,Mumbai,18.98,19.0,72.92,72.94,18.99,72.93,0,0,613.49,4.95,0,0,0.0,0,0.0,0.0,15,41,0,0.0,0,0,"['ATM_126', 'ATM_120', 'ATM_128']",0.0,0.1921,0.0,0.0576
CELL_0419,Noida,28.48,28.5,77.4,77.42,28.49,77.41,1,0,5.39,2.06,0,0,0.0,0,0.0,0.0,15,39,0,0.0,0,0,"['ATM_020', 'ATM_027', 'ATM_023']",0.0093,0.1734,0.0,0.0567
CELL_0286,Kolkata,22.64,22.66,88.36,88.38,22.65,88.37,0,0,216.58,5.02,0,0,0.0,0,0.0,0.0,15,43,0,0.0,0,0,"['ATM_137', 'ATM_142', 'ATM_134']",0.0003,0.1878,0.0,0.0565
CELL_0248,Kolkata,22.52,22.54,88.32,88.34,22.53,88.33,0,0,222.96,5.1,0,0,0.0,0,0.0,0.0,15,43,0,0.0,0,0,"['ATM_138', 'ATM_135', 'ATM_140']",0.0003,0.1879,0.0,0.0565
CELL_0309,Mewat,28.14,28.16,76.96,76.98,28.15,76.97,1,0,5.18,2.82,0,0,0.0,0,0.0,0.0,15,34,0,0.0,0,0,"['ATM_054', 'ATM_044', 'ATM_049']",0.0032,0.1831,0.0,0.0565
CELL_0328,Mumbai,18.98,19.0,72.88,72.9,18.99,72.89,0,0,617.54,4.68,0,0,0.0,0,0.0,0.0,15,41,0,0.0,0,0,"['ATM_128', 'ATM_126', 'ATM_123']",0.0,0.1881,0.0,0.0564
CELL_0253,Kolkata,22.54,22.56,88.3,88.32,22.55,88.31,0,0,219.94,4.93,0,0,0.0,0,0.0,0.0,15,43,0,0.0,0,0,"['ATM_139', 'ATM_140', 'ATM_135']",0.0004,0.1824,0.0,0.0549
CELL_0018,Bengaluru,12.92,12.94,77.68,77.7,12.93,77.69,1,0,11.33,5.15,0,0,0.0,0,0.0,0.0,15,33,0,0.0,0,0,"['ATM_068', 'ATM_057', 'ATM_063']",0.0005,0.1799,0.0,0.0542
CELL_0429,Noida,28.52,28.54,77.32,77.34,28.53,77.33,1,0,5.99,1.8,0,0,0.0,0,0.0,0.0,15,39,0,0.0,0,0,"['ATM_019', 'ATM_025', 'ATM_017']",0.0113,0.1601,0.0,0.0537
CELL_0444,Noida,28.56,28.58,77.34,77.36,28.57,77.35,1,0,5.55,2.0,0,0,0.0,0,0.0,0.0,15,39,0,0.0,0,0,"['ATM_018', 'ATM_025', 'ATM_019']",0.0097,0.1612,0.0,0.0532
CELL_0384,Mumbai,19.16,19.18,72.92,72.94,19.17,72.93,0,0,619.32,2.52,0,0,0.0,0,0.0,0.0,15,41,0,0.0,0,0,"['ATM_127', 'ATM_125', 'ATM_122']",0.0002,0.1763,0.0,0.053
CELL_0138,Gurugram,28.5,28.52,76.96,76.98,28.51,76.97,1,0,7.88,5.08,0,0,0.0,0,0.0,0.0,15,41,0,0.0,0,0,"['ATM_007', 'ATM_011', 'ATM_012']",0.001,0.1718,0.0,0.052
CELL_0316,Mumbai,18.94,18.96,72.88,72.9,18.95,72.89,0,0,616.33,5.27,0,0,0.0,0,0.0,0.0,15,41,0,0.0,0,0,"['ATM_132', 'ATM_128', 'ATM_126']",0.0,0.1722,0.0,0.0517
CELL_0322,Mumbai,18.96,18.98,72.88,72.9,18.97,72.89,0,0,616.93,5.31,0,0,0.0,0,0.0,0.0,15,41,0,0.0,0,0,"['ATM_132', 'ATM_128', 'ATM_126']",0.0,0.1704,0.0,0.0511
CELL_0010,Bengaluru,12.92,12.94,77.52,77.54,12.93,77.53,1,0,8.39,5.16,0,0,0.0,0,0.0,0.0,15,33,0,0.0,0,0,"['ATM_064', 'ATM_059', 'ATM_069']",0.0005,0.1663,0.0,0.0501
CELL_0062,Bengaluru,13.02,13.04,77.66,77.68,13.03,77.67,1,0,10.44,4.44,0,0,0.0,0,0.0,0.0,15,33,0,0.0,0,0,"['ATM_063', 'ATM_060', 'ATM_057']",0.0008,0.1651,0.0,0.0499
CELL_0380,Mumbai,19.16,19.18,72.84,72.86,19.17,72.85,0,0,627.32,5.39,0,0,0.0,0,0.0,0.0,15,41,0,0.0,0,0,"['ATM_129', 'ATM_125', 'ATM_127']",0.0,0.166,0.0,0.0498
CELL_0436,Noida,28.54,28.56,77.32,77.34,28.55,77.33,1,0,6.17,1.72,0,0,0.0,0,0.0,0.0,15,39,0,0.0,0,0,"['ATM_019', 'ATM_025', 'ATM_018']",0.0121,0.1433,0.0,0.049
CELL_0113,Gurugram,28.4,28.42,77.06,77.08,28.41,77.07,1,0,6.95,4.15,0,0,0.0,0,0.0,0.0,15,41,0,0.0,0,0,"['ATM_014', 'ATM_009', 'ATM_005']",0.0021,0.1527,0.0,0.0469
CELL_0292,Mewat,28.06,28.08,77.02,77.04,28.07,77.03,1,0,5.53,3.98,0,0,0.0,0,0.0,0.0,15,34,0,0.0,0,0,"['ATM_045', 'ATM_051', 'ATM_053']",0.0013,0.1529,0.0,0.0465
CELL_0395,Nellore,14.42,14.44,79.92,79.94,14.43,79.93,1,0,6.24,3.92,0,0,0.0,0,0.0,0.0,15,46,0,0.0,0,0,"['ATM_112', 'ATM_114', 'ATM_117']",0.0041,0.1468,0.0,0.0461
CELL_0448,Noida,28.56,28.58,77.42,77.44,28.57,77.43,1,0,5.41,1.95,0,0,0.0,0,0.0,0.0,15,39,0,0.0,0,0,"['ATM_028', 'ATM_030', 'ATM_021']",0.0101,0.1362,0.0,0.0459
CELL_0287,Kolkata,22.64,22.66,88.38,88.4,22.65,88.39,0,0,218.1,5.65,0,0,0.0,0,0.0,0.0,15,43,0,0.0,0,0,"['ATM_137', 'ATM_142', 'ATM_134']",0.0002,0.1525,0.0,0.0458
CELL_0416,Noida,28.48,28.5,77.34,77.36,28.49,77.35,1,0,6.45,2.57,0,0,0.0,0,0.0,0.0,15,39,0,0.0,0,0,"['ATM_023', 'ATM_029', 'ATM_020']",0.0062,0.1402,0.0,0.0452
CELL_0312,Mewat,28.14,28.16,77.02,77.04,28.15,77.03,1,0,5.71,3.11,0,0,0.0,0,0.0,0.0,15,34,0,0.0,0,0,"['ATM_054', 'ATM_044', 'ATM_046']",0.0026,0.146,0.0,0.0451
CELL_0435,Noida,28.52,28.54,77.44,77.46,28.53,77.45,1,0,5.8,1.73,0,0,0.0,0,0.0,0.0,15,39,0,0.0,0,0,"['ATM_016', 'ATM_024', 'ATM_030']",0.012,0.125,0.0,0.0435
CELL_0063,Bengaluru,13.02,13.04,77.68,77.7,13.03,77.69,1,0,12.21,5.19,0,0,0.0,0,0.0,0.0,15,33,0,0.0,0,0,"['ATM_063', 'ATM_057', 'ATM_060']",0.0004,0.1424,0.0,0.0429
CELL_0379,Mumbai,19.16,19.18,72.82,72.84,19.17,72.83,0,0,629.33,5.87,0,0,0.0,0,0.0,0.0,15,41,0,0.0,0,0,"['ATM_129', 'ATM_125', 'ATM_127']",0.0,0.1415,0.0,0.0424
CELL_0422,Noida,28.5,28.52,77.32,77.34,28.51,77.33,1,0,6.6,3.66,0,0,0.0,0,0.0,0.0,15,39,0,0.0,0,0,"['ATM_019', 'ATM_025', 'ATM_023']",0.0026,0.134,0.0,0.0415
CELL_0288,Mewat,28.06,28.08,76.94,76.96,28.07,76.95,1,0,6.19,3.78,0,0,0.0,0,0.0,0.0,15,34,0,0.0,0,0,"['ATM_051', 'ATM_048', 'ATM_043']",0.0015,0.1306,0.0,0.0399
CELL_0009,Bengaluru,12.9,12.92,77.68,77.7,12.91,77.69,1,0,12.4,6.12,0,0,0.0,0,0.0,0.0,15,33,0,0.0,0,0,"['ATM_068', 'ATM_057', 'ATM_067']",0.0002,0.13,0.0,0.0391
CELL_0308,Mewat,28.14,28.16,76.94,76.96,28.15,76.95,1,0,6.34,4.77,0,0,0.0,0,0.0,0.0,15,34,0,0.0,0,0,"['ATM_054', 'ATM_048', 'ATM_044']",0.0007,0.1252,0.0,0.0379
CELL_0420,Noida,28.48,28.5,77.42,77.44,28.49,77.43,1,0,6.33,3.49,0,0,0.0,0,0.0,0.0,15,39,0,0.0,0,0,"['ATM_016', 'ATM_020', 'ATM_027']",0.003,0.1197,0.0,0.0374
CELL_0428,Noida,28.5,28.52,77.44,77.46,28.51,77.45,1,0,6.42,1.88,0,0,0.0,0,0.0,0.0,15,39,0,0.0,0,0,"['ATM_016', 'ATM_024', 'ATM_027']",0.0106,0.1067,0.0,0.0373
CELL_0258,Kolkata,22.56,22.58,88.28,88.3,22.57,88.29,0,0,216.91,5.9,0,0,0.0,0,0.0,0.0,15,43,0,0.0,0,0,"['ATM_136', 'ATM_139', 'ATM_134']",0.0002,0.1218,0.0,0.0366
CELL_0442,Noida,28.54,28.56,77.44,77.46,28.55,77.45,1,0,5.98,3.52,0,0,0.0,0,0.0,0.0,15,39,0,0.0,0,0,"['ATM_016', 'ATM_030', 'ATM_028']",0.0029,0.1133,0.0,0.0354
CELL_0390,Nellore,14.4,14.42,79.92,79.94,14.41,79.93,1,0,7.08,5.33,0,0,0.0,0,0.0,0.0,15,46,0,0.0,0,0,"['ATM_114', 'ATM_112', 'ATM_117']",0.0013,0.1135,0.0,0.0347
CELL_0001,Bengaluru,12.9,12.92,77.52,77.54,12.91,77.53,1,0,9.79,6.04,0,0,0.0,0,0.0,0.0,15,33,0,0.0,0,0,"['ATM_064', 'ATM_056', 'ATM_069']",0.0002,0.1131,0.0,0.034
CELL_0385,Nellore,14.38,14.4,79.92,79.94,14.39,79.93,1,0,8.44,6.62,0,0,0.0,0,0.0,0.0,15,46,0,0.0,0,0,"['ATM_119', 'ATM_114', 'ATM_117']",0.0005,0.11,0.0,0.0332
CELL_0247,Kolkata,22.52,22.54,88.3,88.32,22.53,88.31,0,0,221.54,6.57,0,0,0.0,0,0.0,0.0,15,43,0,0.0,0,0,"['ATM_139', 'ATM_140', 'ATM_135']",0.0001,0.1103,0.0,0.0331
CELL_0323,Mumbai,18.96,18.98,72.9,72.92,18.97,72.91,0,0,614.91,6.74,0,0,0.0,0,0.0,0.0,15,41,0,0.0,0,0,"['ATM_126', 'ATM_132', 'ATM_128']",0.0,0.1058,0.0,0.0317
CELL_0443,Noida,28.56,28.58,77.32,77.34,28.57,77.33,1,0,7.09,3.44,0,0,0.0,0,0.0,0.0,15,39,0,0.0,0,0,"['ATM_025', 'ATM_018', 'ATM_019']",0.0031,0.1003,0.0,0.0316
CELL_0252,Kolkata,22.54,22.56,88.28,88.3,22.55,88.29,0,0,218.51,6.65,0,0,0.0,0,0.0,0.0,15,43,0,0.0,0,0,"['ATM_139', 'ATM_140', 'ATM_136']",0.0001,0.1001,0.0,0.0301
CELL_0324,Mumbai,18.96,18.98,72.92,72.94,18.97,72.93,0,0,612.88,7.04,0,0,0.0,0,0.0,0.0,15,41,0,0.0,0,0,"['ATM_126', 'ATM_128', 'ATM_120']",0.0,0.0958,0.0,0.0287
CELL_0415,Noida,28.48,28.5,77.32,77.34,28.49,77.33,1,0,7.82,4.42,0,0,0.0,0,0.0,0.0,15,39,0,0.0,0,0,"['ATM_023', 'ATM_019', 'ATM_029']",0.0014,0.0896,0.0,0.0276
CELL_0317,Mumbai,18.94,18.96,72.9,72.92,18.95,72.91,0,0,614.3,7.35,0,0,0.0,0,0.0,0.0,15,41,0,0.0,0,0,"['ATM_132', 'ATM_126', 'ATM_128']",0.0,0.0863,0.0,0.0259
CELL_0449,Noida,28.56,28.58,77.44,77.46,28.57,77.45,1,0,6.92,3.74,0,0,0.0,0,0.0,0.0,15,39,0,0.0,0,0,"['ATM_028', 'ATM_030', 'ATM_016']",0.0025,0.082,0.0,0.0258
CELL_0421,Noida,28.48,28.5,77.44,77.46,28.49,77.45,1,0,7.67,3.73,0,0,0.0,0,0.0,0.0,15,39,0,0.0,0,0,"['ATM_016', 'ATM_024', 'ATM_027']",0.0025,0.0739,0.0,0.0234
CELL_0246,Kolkata,22.52,22.54,88.28,88.3,22.53,88.29,0,0,220.12,7.94,0,0,0.0,0,0.0,0.0,15,43,0,0.0,0,0,"['ATM_139', 'ATM_140', 'ATM_135']",0.0,0.0676,0.0,0.0203
CELL_0318,Mumbai,18.94,18.96,72.92,72.94,18.95,72.93,0,0,612.28,9.19,0,0,0.0,0,0.0,0.0,15,41,0,0.0,0,0,"['ATM_126', 'ATM_132', 'ATM_128']",0.0,0.0467,0.0,0.014
